{
    "type": "minecraft:notice",
    "title": {
        "text": "Tome of Disenchanting",
        "color": "yellow"
    },
    "body": [
        {
            "type": "minecraft:item",
            "item": {
                "id": "minecraft:book",
                "components": {
                    "minecraft:item_name": {
                        "translate": "item.enchantmentplus.tome_of_disenchanting",
                        "fallback": "Tome of Disenchanting"
                    },
                    "minecraft:lore": [
                                    {
                                        "translate": "desc.enchantmentplus.tome_of_disenchanting",
                                        "fallback": "Allows taking enchantments off of an already enchanted item.",
                                        "color": "gray",
                                        "italic": false
                                    }
                                ],
                    "minecraft:rarity": "uncommon",
                    "minecraft:item_model": "enchantmentplus:tome_of_disenchanting",
                    "minecraft:custom_data": {
                        "EnchantmentPlusData": {
                            "TomeType": "disenchanting"
                        }
                    },
                    "minecraft:consumable": {
                        "consume_seconds": 2147483647,
                        "animation": "none",
                        "has_consume_particles": false
                    }
                }
            }
        },
        {
            "type": "minecraft:plain_message",
            "width": 600,
            "contents": [
                {
                    "text": "Description: ",
                    "color": "gray"
                },
                {
                    "text": "Allows taking enchantments off of an already enchanted item.\n\n\n\n",
                    "color": "white"
                },
                {
                    "text": "Usage: ",
                    "color": "gray"
                },
                {
                    "text": "Hold this in the mainhand and the desired item in the offhand.\n\nUpon using, all enchantments on the item will be transferred to the tome.\n\nThis action costs ",
                    "color": "white"
                },
                {
                    "text": "10 experience levels",
                    "color": "green"
                },
                {
                    "text": " and ",
                    "color": "white"
                },
                {
                    "text": "destroys",
                    "color": "red"
                },
                {
                    "text": " the item.",
                    "color": "white"
                }
            ]
        }
    ],
    "action": {
        "label": "Back",
        "action": {
            "type": "show_dialog",
            "dialog": "enchantmentplus:tomes"
        }
    }
}