{
	"display": {
		"icon": {
			"item": "minecraft:torch"
		},
		"title": {"translate":"Torched!"},
		"description": {"color":"green","translate":"Light up the area with some torches"},
		"announce_to_chat": "true"
	},
	"parent": "blazeandcave:building/your_door_was_locked",
	"rewards": {
		"function": "bc_rewards:building/torched"
	},		
	"criteria": {
		"torch": {
			"trigger": "minecraft:placed_block",
			"conditions": {
				"location": [
					{
						"condition": "minecraft:location_check",
						"predicate": {
							"block": {
								"blocks": [
									"minecraft:torch",
									"minecraft:wall_torch"
								]
							}
						}
					}
				]
			}
		}
	}
}