{
	"display": {
		"icon": {
			"id": "minecraft:brown_carpet"
		},
		"title": {"translate":"You Lead, I'll Follow"},
		"description": {"color":"green","translate":"Attach a lead to a llama to form a llama caravan"},
		"announce_to_chat": true
	},
	"parent": "blazeandcave:animal/beeloons",
	"rewards": {
		"function": "bc_rewards:animal/you_lead_ill_follow"
	},		
	"criteria": {
		"lead": {
			"trigger": "minecraft:player_interacted_with_entity",
			"conditions": {
				"item": {
					"items": [
						"minecraft:lead"
					]
				},
				"entity": [
					{
						"condition": "minecraft:entity_properties",
						"entity": "this",
						"predicate": {
							"type": "#blazeandcave:llamas"
						}
					}
				]
			}
		}
	}
}