[
    {
        "function": "minecraft:set_custom_data",
        "tag": "{trimmed_tool:1b}"
    },
    {
        "function": "minecraft:set_custom_model_data",
        "value": 311011
    },
    {
        "function": "minecraft:set_lore",
        "lore": [
            {
                "translate": "item.tooltrims.smithing_template.upgrade",
                "italic": false,
                "color": "gray"
            },
            {
                "text": " ",
                "extra": [
                    {
                        "translate": "tool_trim_pattern.tooltrims.tracks",
                        "italic": false,
                        "color": "#9A5CC6"
                    }
                ]
            },
            {
                "text": " ",
                "extra": [
                    {
                        "translate": "trim_material.tooltrims.amethyst",
                        "italic": false,
                        "color": "#9A5CC6"
                    }
                ]
            }
        ],
        "mode": "replace_all"
    }
]