[
    {
        "function": "minecraft:reference",
        "name": "enchantmentplus:append_enchantment"
    },
    {
        "function": "minecraft:set_lore",
        "entity": "this",
        "lore": [
            [
                {
                    "text": "Steadfast Spikes IV",
                    "color": "#226644",
                    "italic": false
                }
            ]
        ],
        "replace": false
    },
    {
        "function": "minecraft:set_attributes",
        "modifiers": [
            {
                "attribute": "minecraft:generic.knockback_resistance",
                "name": "enchantmentplus:steadfast_spikes",
                "amount": 0.6,
                "operation": "addition",
                "slot": "feet"
            }
        ]
    }
]