[
    {
        "function": "minecraft:reference",
        "name": "enchantmentplus:append_enchantment"
    },
    {
        "function": "minecraft:set_lore",
        "entity": "this",
        "lore": [
            [
                {
                    "text": "Traveler I",
                    "color": "light_purple",
                    "italic": false
                }
            ]
        ],
        "replace": false
    },
    {
        "function": "minecraft:set_attributes",
        "modifiers": [
            {
                "attribute": "minecraft:generic.movement_speed",
                "name": "enchantmentplus:traveler",
                "amount": 0.2,
                "operation": "multiply_base",
                "slot": "legs"
            }
        ]
    }
]