{
    "criteria": {
        "requirement": {
            "trigger": "minecraft:player_killed_entity",
            "conditions": {
                "player": [
                    {
                        "condition": "minecraft:entity_properties",
                        "entity": "this",
                        "predicate": {
                            "equipment": {
                                "mainhand": {
                                    "predicates": {
                                        "minecraft:enchantments": [
                                            {
                                                "enchantments": "enchantmentplus:beheading"
                                            }
                                        ]
                                    }
                                }
                            }
                        }
                    }
                ],
                "entity": [
                    {
                        "condition": "minecraft:entity_properties",
                        "entity": "this",
                        "predicate": {
                            "type": [
                                "minecraft:bogged",
                                "minecraft:skeleton",
                                "minecraft:stray"
                            ]
                        }
                    }
                ],
                "killing_blow": {
                    "tags": [
                        {
                            "id": "minecraft:is_player_attack",
                            "expected": true
                        }
                    ]
                }
            }
        }
    },
    "rewards": {
        "function": "enchantmentplus:enchantments/beheading/skeleton_skull"
    }
}
