{
	"display": {
		"icon": {
			"id": "minecraft:spruce_fence"
		},
		"title": {"translate":"Ahoy!"},
		"description": {"color":"green","translate":"Come across a sunken ship"},
		"announce_to_chat": true
	},
	"parent": "blazeandcave:biomes/atlantis",
	"rewards": {
		"function": "bc_rewards:biomes/ahoy"
	},		
	"criteria": {
		"shipwreck": {
			"trigger": "minecraft:location",
			"conditions": {
				"player": [
					{
						"condition": "minecraft:any_of",
						"terms": [
							{
								"condition": "minecraft:entity_properties",
								"entity": "this",
								"predicate": {
									"location": {
										"structures": "minecraft:shipwreck"
									}
								}
							},
							{
								"condition": "minecraft:entity_properties",
								"entity": "this",
								"predicate": {
									"location": {
										"structures": "minecraft:shipwreck_beached"
									}
								}
							}
						]
					},
					{
						"condition": "minecraft:inverted",
						"term": {
							"condition": "minecraft:entity_properties",
							"entity": "this",
							"predicate": {
								"type_specific": {
									"type": "player",
									"gamemode": "spectator"
								}
							}
						}
					}
				]
			}
		}
	}
}