{
	"display": {
		"icon": {
			"id": "minecraft:spruce_boat"
		},
		"title": {"translate":"Boatception"},
		"description": {"color":"#75E1FF","translate":"Get in a boat within a shipwreck"},
		"announce_to_chat": true,
		"frame": "goal"
	},
	"parent": "blazeandcave:biomes/ahoy",
	"rewards": {
		"function": "bc_rewards:biomes/boatception"
	},		
	"criteria": {
		"boatception": {
			"trigger": "minecraft:started_riding",
			"conditions": {
				"player": [
					{
						"condition": "minecraft:any_of",
						"terms": [
							{
								"condition": "minecraft:entity_properties",
								"entity": "this",
								"predicate": {
									"vehicle": {
										"type": "#minecraft:boats",
										"location": {
											"structures": "shipwreck"
										}
									}
								}
							},
							{
								"condition": "minecraft:entity_properties",
								"entity": "this",
								"predicate": {
									"vehicle": {
										"type": "#minecraft:boats",
										"location": {
											"structures": "shipwreck_beached"
										}
									}
								}
							}
						]
					},
					{
						"condition": "minecraft:inverted",
						"term": {
							"condition": "minecraft:entity_properties",
							"entity": "this",
							"predicate": {
								"type_specific": {
									"type": "player",
									"gamemode": "spectator"
								}
							}
						}
					}
				]
			}
		}
	}
}