{
	"display": {
		"icon": {
			"id": "minecraft:allium"
		},
		"title": {"translate":"Enchanted Forest"},
		"description": {"color":"green","translate":"Find a flower forest"},
		"announce_to_chat": true
	},
	"parent": "blazeandcave:biomes/theres_a_zombie_on_the_lawn",	
	"rewards": {
		"function": "bc_rewards:biomes/enchanted_forest"
	},	
	"criteria": {
		"flower_forest": {
			"trigger": "minecraft:location",
			"conditions": {
				"player": [
					{
						"condition": "minecraft:entity_properties",
						"entity": "this",
						"predicate": {
							"location": {
								"biomes": "minecraft:flower_forest"
							}
						}
					},
					{
						"condition": "minecraft:inverted",
						"term": {
							"condition": "minecraft:entity_properties",
							"entity": "this",
							"predicate": {
								"type_specific": {
									"type": "player",
									"gamemode": "spectator"
								}
							}
						}
					}
				]
			}
		}
	}
}