{
	"display": {
		"icon": {
			"id": "minecraft:brain_coral"
		},
		"title": {"translate":"The Great Blocky Reef"},
		"description": {"color":"green","translate":"Come across a coral reef in the ocean"},
		"announce_to_chat": true
	},
	"parent": "blazeandcave:biomes/dolphin_dasher",	
	"rewards": {
		"function": "bc_rewards:biomes/the_great_blocky_reef"
	},	
	"criteria": {
		"warm_ocean": {
			"trigger": "minecraft:location",
			"conditions": {
				"player": [
					{
						"condition": "minecraft:entity_properties",
						"entity": "this",
						"predicate": {
							"location": {
								"biomes": "minecraft:warm_ocean"
							}
						}
					},
					{
						"condition": "minecraft:inverted",
						"term": {
							"condition": "minecraft:entity_properties",
							"entity": "this",
							"predicate": {
								"type_specific": {
									"type": "player",
									"gamemode": "spectator"
								}
							}
						}
					}
				]
			}
		}
	}
}