{
  "criteria": {
    "dmg_player": {
      "trigger": "minecraft:entity_hurt_player",
      "conditions": {
        "player": [],
        "damage": {
          "blocked": false,
          "taken": {
            "min": 3,
            "max": 999
          },
          "source_entity": {
            "equipment": {
              "mainhand": {
                "tag": "fkgm:cut_tools"
              }
            }
          }
        }
      }
    }
  },
  "rewards": {
    "function": "fkgm:systems/bleeding/bleed_cuts_adv"
  }
}