{
  "criteria": {
    "player_took_dmg": {
      "trigger": "minecraft:entity_hurt_player",
      "conditions": {
        "damage": {
          "type": {
            "tags": [
              {
                "id": "minecraft:is_drowning",
                "expected": false
              },
              {
                "id": "minecraft:is_fall",
                "expected": false
              }
            ]
          }
        }
      }
    }
  },
  "rewards": {
    "function": "fkgm:systems/blood/hurted_player_adv"
  }
}