[
    {
        "condition": "minecraft:any_of",
        "terms": [
            {
                "condition": "minecraft:reference",
                "name": "enchantmentplus:custom/lumberjack/logs"
            },
            {
                "condition": "minecraft:reference",
                "name": "enchantmentplus:custom/lumberjack/leaves"
            }
        ]
    },
    {
        "condition": "minecraft:inverted",
        "term": {
            "condition": "minecraft:reference",
            "name": "enchantmentplus:anti-break_safety"
        }
    }
]