[
    {
        "condition": "minecraft:entity_properties",
        "entity": "this",
        "predicate": {
            "equipment": {
                "mainhand": {
                    "nbt": "{EnchantmentPlusData:{Enchantments:[{id:\"enchantmentplus:lumberjack\"}]}}"
                }
            }
        }
    },
    {
        "condition": "minecraft:inverted",
        "term": {
            "condition": "minecraft:entity_properties",
            "entity": "this",
            "predicate": {
                "equipment": {
                    "mainhand": {
                        "nbt": "{EnchantmentPlusData:{Enchantments:[{id:\"enchantmentplus:vein_miner\"}]}}"
                    }
                }
            }
        }
    },
    {
        "condition": "minecraft:inverted",
        "term": {
            "condition": "minecraft:entity_properties",
            "entity": "this",
            "predicate": {
                "equipment": {
                    "mainhand": {
                        "nbt": "{EnchantmentPlusData:{Enchantments:[{id:\"enchantmentplus:wide\"}]}}"
                    }
                }
            }
        }
    },
    {
        "condition": "minecraft:entity_scores",
        "entity": "this",
        "scores": {
            "ENCHLumberOff": {
                "min": 0,
                "max": 0
            }
        }
    },
    {
        "condition": "minecraft:reference",
        "name": "enchantmentplus:options/lumberjack/all"
    },
    {
        "condition": "minecraft:inverted",
        "term": {
            "condition": "minecraft:reference",
            "name": "enchantmentplus:kill"
        }
    },
    {
        "condition": "minecraft:reference",
        "name": "enchantmentplus:usage/axe"
    },
    {
        "condition": "minecraft:any_of",
        "terms": [
            {
                "condition": "minecraft:entity_scores",
                "entity": "this",
                "scores": {
                    "ENCHOakLog": {
                        "min": 1
                    }
                }
            },
            {
                "condition": "minecraft:entity_scores",
                "entity": "this",
                "scores": {
                    "ENCHBirchLog": {
                        "min": 1
                    }
                }
            },
            {
                "condition": "minecraft:entity_scores",
                "entity": "this",
                "scores": {
                    "ENCHSpruceLog": {
                        "min": 1
                    }
                }
            },
            {
                "condition": "minecraft:entity_scores",
                "entity": "this",
                "scores": {
                    "ENCHJungleLog": {
                        "min": 1
                    }
                }
            },
            {
                "condition": "minecraft:entity_scores",
                "entity": "this",
                "scores": {
                    "ENCHDarkOakLog": {
                        "min": 1
                    }
                }
            },
            {
                "condition": "minecraft:entity_scores",
                "entity": "this",
                "scores": {
                    "ENCHAcaciaLog": {
                        "min": 1
                    }
                }
            },
            {
                "condition": "minecraft:entity_scores",
                "entity": "this",
                "scores": {
                    "ENCHWarpedStem": {
                        "min": 1
                    }
                }
            },
            {
                "condition": "minecraft:entity_scores",
                "entity": "this",
                "scores": {
                    "ENCHCrimsonStem": {
                        "min": 1
                    }
                }
            },
            {
                "condition": "minecraft:entity_scores",
                "entity": "this",
                "scores": {
                    "ENCHMangroveLog": {
                        "min": 1
                    }
                }
            },
            {
                "condition": "minecraft:entity_scores",
                "entity": "this",
                "scores": {
                    "ENCHMangroveRoots": {
                        "min": 1
                    }
                }
            },
            {
                "condition": "minecraft:entity_scores",
                "entity": "this",
                "scores": {
                    "ENCHCherryLog": {
                        "min": 1
                    }
                }
            }
        ]
    }
]