{
    "condition": "minecraft:any_of",
    "terms": [
        {
            "condition": "minecraft:all_of",
            "terms": [
                {
                    "condition": "minecraft:entity_properties",
                    "entity": "this",
                    "predicate": {
                        "equipment": {
                            "mainhand": {
                                "predicates": {
                                    "minecraft:enchantments": [
                                        {
                                            "enchantments": "enchantmentplus:beheading",
                                            "levels": 1
                                        }
                                    ]
                                }
                            }
                        }
                    }
                },
                {
                    "condition": "minecraft:random_chance",
                    "chance": 0.08
                }
            ]
        },
        {
            "condition": "minecraft:all_of",
            "terms": [
                {
                    "condition": "minecraft:entity_properties",
                    "entity": "this",
                    "predicate": {
                        "equipment": {
                            "mainhand": {
                                "predicates": {
                                    "minecraft:enchantments": [
                                        {
                                            "enchantments": "enchantmentplus:beheading",
                                            "levels": 2
                                        }
                                    ]
                                }
                            }
                        }
                    }
                },
                {
                    "condition": "minecraft:random_chance",
                    "chance": 0.16
                }
            ]
        },
        {
            "condition": "minecraft:all_of",
            "terms": [
                {
                    "condition": "minecraft:entity_properties",
                    "entity": "this",
                    "predicate": {
                        "equipment": {
                            "mainhand": {
                                "predicates": {
                                    "minecraft:enchantments": [
                                        {
                                            "enchantments": "enchantmentplus:beheading",
                                            "levels": 3
                                        }
                                    ]
                                }
                            }
                        }
                    }
                },
                {
                    "condition": "minecraft:random_chance",
                    "chance": 0.24
                }
            ]
        },
        {
            "condition": "minecraft:all_of",
            "terms": [
                {
                    "condition": "minecraft:entity_properties",
                    "entity": "this",
                    "predicate": {
                        "equipment": {
                            "mainhand": {
                                "predicates": {
                                    "minecraft:enchantments": [
                                        {
                                            "enchantments": "enchantmentplus:beheading",
                                            "levels": 4
                                        }
                                    ]
                                }
                            }
                        }
                    }
                },
                {
                    "condition": "minecraft:random_chance",
                    "chance": 0.32
                }
            ]
        },
        {
            "condition": "minecraft:all_of",
            "terms": [
                {
                    "condition": "minecraft:entity_properties",
                    "entity": "this",
                    "predicate": {
                        "equipment": {
                            "mainhand": {
                                "predicates": {
                                    "minecraft:enchantments": [
                                        {
                                            "enchantments": "enchantmentplus:beheading",
                                            "levels": 5
                                        }
                                    ]
                                }
                            }
                        }
                    }
                },
                {
                    "condition": "minecraft:random_chance",
                    "chance": 0.4
                }
            ]
        },
        {
            "condition": "minecraft:all_of",
            "terms": [
                {
                    "condition": "minecraft:entity_properties",
                    "entity": "this",
                    "predicate": {
                        "equipment": {
                            "mainhand": {
                                "predicates": {
                                    "minecraft:enchantments": [
                                        {
                                            "enchantments": "enchantmentplus:beheading",
                                            "levels": 6
                                        }
                                    ]
                                }
                            }
                        }
                    }
                },
                {
                    "condition": "minecraft:random_chance",
                    "chance": 0.48
                }
            ]
        },
        {
            "condition": "minecraft:all_of",
            "terms": [
                {
                    "condition": "minecraft:entity_properties",
                    "entity": "this",
                    "predicate": {
                        "equipment": {
                            "mainhand": {
                                "predicates": {
                                    "minecraft:enchantments": [
                                        {
                                            "enchantments": "enchantmentplus:beheading",
                                            "levels": 7
                                        }
                                    ]
                                }
                            }
                        }
                    }
                },
                {
                    "condition": "minecraft:random_chance",
                    "chance": 0.56
                }
            ]
        },
        {
            "condition": "minecraft:all_of",
            "terms": [
                {
                    "condition": "minecraft:entity_properties",
                    "entity": "this",
                    "predicate": {
                        "equipment": {
                            "mainhand": {
                                "predicates": {
                                    "minecraft:enchantments": [
                                        {
                                            "enchantments": "enchantmentplus:beheading",
                                            "levels": 8
                                        }
                                    ]
                                }
                            }
                        }
                    }
                },
                {
                    "condition": "minecraft:random_chance",
                    "chance": 0.64
                }
            ]
        },
        {
            "condition": "minecraft:all_of",
            "terms": [
                {
                    "condition": "minecraft:entity_properties",
                    "entity": "this",
                    "predicate": {
                        "equipment": {
                            "mainhand": {
                                "predicates": {
                                    "minecraft:enchantments": [
                                        {
                                            "enchantments": "enchantmentplus:beheading",
                                            "levels": 9
                                        }
                                    ]
                                }
                            }
                        }
                    }
                },
                {
                    "condition": "minecraft:random_chance",
                    "chance": 0.72
                }
            ]
        },
        {
            "condition": "minecraft:all_of",
            "terms": [
                {
                    "condition": "minecraft:entity_properties",
                    "entity": "this",
                    "predicate": {
                        "equipment": {
                            "mainhand": {
                                "predicates": {
                                    "minecraft:enchantments": [
                                        {
                                            "enchantments": "enchantmentplus:beheading",
                                            "levels": 10
                                        }
                                    ]
                                }
                            }
                        }
                    }
                },
                {
                    "condition": "minecraft:random_chance",
                    "chance": 0.8
                }
            ]
        },
        {
            "condition": "minecraft:all_of",
            "terms": [
                {
                    "condition": "minecraft:entity_properties",
                    "entity": "this",
                    "predicate": {
                        "equipment": {
                            "mainhand": {
                                "predicates": {
                                    "minecraft:enchantments": [
                                        {
                                            "enchantments": "enchantmentplus:beheading",
                                            "levels": 11
                                        }
                                    ]
                                }
                            }
                        }
                    }
                },
                {
                    "condition": "minecraft:random_chance",
                    "chance": 0.88
                }
            ]
        },
        {
            "condition": "minecraft:all_of",
            "terms": [
                {
                    "condition": "minecraft:entity_properties",
                    "entity": "this",
                    "predicate": {
                        "equipment": {
                            "mainhand": {
                                "predicates": {
                                    "minecraft:enchantments": [
                                        {
                                            "enchantments": "enchantmentplus:beheading",
                                            "levels": 12
                                        }
                                    ]
                                }
                            }
                        }
                    }
                },
                {
                    "condition": "minecraft:random_chance",
                    "chance": 0.96
                }
            ]
        },
        {
            "condition": "minecraft:all_of",
            "terms": [
                {
                    "condition": "minecraft:entity_properties",
                    "entity": "this",
                    "predicate": {
                        "equipment": {
                            "mainhand": {
                                "predicates": {
                                    "minecraft:enchantments": [
                                        {
                                            "enchantments": "enchantmentplus:beheading",
                                            "levels": {
                                                "min": 13
                                            }
                                        }
                                    ]
                                }
                            }
                        }
                    }
                },
                {
                    "condition": "minecraft:random_chance",
                    "chance": 1
                }
            ]
        }
    ]
}