{
    "condition": "minecraft:any_of",
    "terms": [
        {
            "condition": "minecraft:all_of",
            "terms": [
                {
                    "condition": "minecraft:entity_properties",
                    "entity": "this",
                    "predicate": {
                        "equipment": {
                            "mainhand": {
                                "predicates": {
                                    "minecraft:enchantments": [
                                        {
                                            "enchantments": "enchantmentplus:swirling",
                                            "levels": 1
                                        }
                                    ]
                                }
                            }
                        }
                    }
                },
                {
                    "condition": "minecraft:random_chance",
                    "chance": 0.04
                }
            ]
        },
        {
            "condition": "minecraft:all_of",
            "terms": [
                {
                    "condition": "minecraft:entity_properties",
                    "entity": "this",
                    "predicate": {
                        "equipment": {
                            "mainhand": {
                                "predicates": {
                                    "minecraft:enchantments": [
                                        {
                                            "enchantments": "enchantmentplus:swirling",
                                            "levels": 2
                                        }
                                    ]
                                }
                            }
                        }
                    }
                },
                {
                    "condition": "minecraft:random_chance",
                    "chance": 0.08
                }
            ]
        },
        {
            "condition": "minecraft:all_of",
            "terms": [
                {
                    "condition": "minecraft:entity_properties",
                    "entity": "this",
                    "predicate": {
                        "equipment": {
                            "mainhand": {
                                "predicates": {
                                    "minecraft:enchantments": [
                                        {
                                            "enchantments": "enchantmentplus:swirling",
                                            "levels": 3
                                        }
                                    ]
                                }
                            }
                        }
                    }
                },
                {
                    "condition": "minecraft:random_chance",
                    "chance": 0.12
                }
            ]
        },
        {
            "condition": "minecraft:all_of",
            "terms": [
                {
                    "condition": "minecraft:entity_properties",
                    "entity": "this",
                    "predicate": {
                        "equipment": {
                            "mainhand": {
                                "predicates": {
                                    "minecraft:enchantments": [
                                        {
                                            "enchantments": "enchantmentplus:swirling",
                                            "levels": 4
                                        }
                                    ]
                                }
                            }
                        }
                    }
                },
                {
                    "condition": "minecraft:random_chance",
                    "chance": 0.16
                }
            ]
        },
        {
            "condition": "minecraft:all_of",
            "terms": [
                {
                    "condition": "minecraft:entity_properties",
                    "entity": "this",
                    "predicate": {
                        "equipment": {
                            "mainhand": {
                                "predicates": {
                                    "minecraft:enchantments": [
                                        {
                                            "enchantments": "enchantmentplus:swirling",
                                            "levels": 5
                                        }
                                    ]
                                }
                            }
                        }
                    }
                },
                {
                    "condition": "minecraft:random_chance",
                    "chance": 0.2
                }
            ]
        },
        {
            "condition": "minecraft:all_of",
            "terms": [
                {
                    "condition": "minecraft:entity_properties",
                    "entity": "this",
                    "predicate": {
                        "equipment": {
                            "mainhand": {
                                "predicates": {
                                    "minecraft:enchantments": [
                                        {
                                            "enchantments": "enchantmentplus:swirling",
                                            "levels": 6
                                        }
                                    ]
                                }
                            }
                        }
                    }
                },
                {
                    "condition": "minecraft:random_chance",
                    "chance": 0.24
                }
            ]
        },
        {
            "condition": "minecraft:all_of",
            "terms": [
                {
                    "condition": "minecraft:entity_properties",
                    "entity": "this",
                    "predicate": {
                        "equipment": {
                            "mainhand": {
                                "predicates": {
                                    "minecraft:enchantments": [
                                        {
                                            "enchantments": "enchantmentplus:swirling",
                                            "levels": 7
                                        }
                                    ]
                                }
                            }
                        }
                    }
                },
                {
                    "condition": "minecraft:random_chance",
                    "chance": 0.28
                }
            ]
        },
        {
            "condition": "minecraft:all_of",
            "terms": [
                {
                    "condition": "minecraft:entity_properties",
                    "entity": "this",
                    "predicate": {
                        "equipment": {
                            "mainhand": {
                                "predicates": {
                                    "minecraft:enchantments": [
                                        {
                                            "enchantments": "enchantmentplus:swirling",
                                            "levels": 8
                                        }
                                    ]
                                }
                            }
                        }
                    }
                },
                {
                    "condition": "minecraft:random_chance",
                    "chance": 0.32
                }
            ]
        },
        {
            "condition": "minecraft:all_of",
            "terms": [
                {
                    "condition": "minecraft:entity_properties",
                    "entity": "this",
                    "predicate": {
                        "equipment": {
                            "mainhand": {
                                "predicates": {
                                    "minecraft:enchantments": [
                                        {
                                            "enchantments": "enchantmentplus:swirling",
                                            "levels": 9
                                        }
                                    ]
                                }
                            }
                        }
                    }
                },
                {
                    "condition": "minecraft:random_chance",
                    "chance": 0.36
                }
            ]
        },
        {
            "condition": "minecraft:all_of",
            "terms": [
                {
                    "condition": "minecraft:entity_properties",
                    "entity": "this",
                    "predicate": {
                        "equipment": {
                            "mainhand": {
                                "predicates": {
                                    "minecraft:enchantments": [
                                        {
                                            "enchantments": "enchantmentplus:swirling",
                                            "levels": 10
                                        }
                                    ]
                                }
                            }
                        }
                    }
                },
                {
                    "condition": "minecraft:random_chance",
                    "chance": 0.4
                }
            ]
        },
        {
            "condition": "minecraft:all_of",
            "terms": [
                {
                    "condition": "minecraft:entity_properties",
                    "entity": "this",
                    "predicate": {
                        "equipment": {
                            "mainhand": {
                                "predicates": {
                                    "minecraft:enchantments": [
                                        {
                                            "enchantments": "enchantmentplus:swirling",
                                            "levels": 11
                                        }
                                    ]
                                }
                            }
                        }
                    }
                },
                {
                    "condition": "minecraft:random_chance",
                    "chance": 0.44
                }
            ]
        },
        {
            "condition": "minecraft:all_of",
            "terms": [
                {
                    "condition": "minecraft:entity_properties",
                    "entity": "this",
                    "predicate": {
                        "equipment": {
                            "mainhand": {
                                "predicates": {
                                    "minecraft:enchantments": [
                                        {
                                            "enchantments": "enchantmentplus:swirling",
                                            "levels": 12
                                        }
                                    ]
                                }
                            }
                        }
                    }
                },
                {
                    "condition": "minecraft:random_chance",
                    "chance": 0.48
                }
            ]
        },
        {
            "condition": "minecraft:all_of",
            "terms": [
                {
                    "condition": "minecraft:entity_properties",
                    "entity": "this",
                    "predicate": {
                        "equipment": {
                            "mainhand": {
                                "predicates": {
                                    "minecraft:enchantments": [
                                        {
                                            "enchantments": "enchantmentplus:swirling",
                                            "levels": 13
                                        }
                                    ]
                                }
                            }
                        }
                    }
                },
                {
                    "condition": "minecraft:random_chance",
                    "chance": 0.52
                }
            ]
        },
        {
            "condition": "minecraft:all_of",
            "terms": [
                {
                    "condition": "minecraft:entity_properties",
                    "entity": "this",
                    "predicate": {
                        "equipment": {
                            "mainhand": {
                                "predicates": {
                                    "minecraft:enchantments": [
                                        {
                                            "enchantments": "enchantmentplus:swirling",
                                            "levels": 14
                                        }
                                    ]
                                }
                            }
                        }
                    }
                },
                {
                    "condition": "minecraft:random_chance",
                    "chance": 0.56
                }
            ]
        },
        {
            "condition": "minecraft:all_of",
            "terms": [
                {
                    "condition": "minecraft:entity_properties",
                    "entity": "this",
                    "predicate": {
                        "equipment": {
                            "mainhand": {
                                "predicates": {
                                    "minecraft:enchantments": [
                                        {
                                            "enchantments": "enchantmentplus:swirling",
                                            "levels": 15
                                        }
                                    ]
                                }
                            }
                        }
                    }
                },
                {
                    "condition": "minecraft:random_chance",
                    "chance": 0.6
                }
            ]
        },
        {
            "condition": "minecraft:all_of",
            "terms": [
                {
                    "condition": "minecraft:entity_properties",
                    "entity": "this",
                    "predicate": {
                        "equipment": {
                            "mainhand": {
                                "predicates": {
                                    "minecraft:enchantments": [
                                        {
                                            "enchantments": "enchantmentplus:swirling",
                                            "levels": 16
                                        }
                                    ]
                                }
                            }
                        }
                    }
                },
                {
                    "condition": "minecraft:random_chance",
                    "chance": 0.64
                }
            ]
        },
        {
            "condition": "minecraft:all_of",
            "terms": [
                {
                    "condition": "minecraft:entity_properties",
                    "entity": "this",
                    "predicate": {
                        "equipment": {
                            "mainhand": {
                                "predicates": {
                                    "minecraft:enchantments": [
                                        {
                                            "enchantments": "enchantmentplus:swirling",
                                            "levels": 17
                                        }
                                    ]
                                }
                            }
                        }
                    }
                },
                {
                    "condition": "minecraft:random_chance",
                    "chance": 0.68
                }
            ]
        },
        {
            "condition": "minecraft:all_of",
            "terms": [
                {
                    "condition": "minecraft:entity_properties",
                    "entity": "this",
                    "predicate": {
                        "equipment": {
                            "mainhand": {
                                "predicates": {
                                    "minecraft:enchantments": [
                                        {
                                            "enchantments": "enchantmentplus:swirling",
                                            "levels": 18
                                        }
                                    ]
                                }
                            }
                        }
                    }
                },
                {
                    "condition": "minecraft:random_chance",
                    "chance": 0.72
                }
            ]
        },
        {
            "condition": "minecraft:all_of",
            "terms": [
                {
                    "condition": "minecraft:entity_properties",
                    "entity": "this",
                    "predicate": {
                        "equipment": {
                            "mainhand": {
                                "predicates": {
                                    "minecraft:enchantments": [
                                        {
                                            "enchantments": "enchantmentplus:swirling",
                                            "levels": 19
                                        }
                                    ]
                                }
                            }
                        }
                    }
                },
                {
                    "condition": "minecraft:random_chance",
                    "chance": 0.76
                }
            ]
        },
        {
            "condition": "minecraft:all_of",
            "terms": [
                {
                    "condition": "minecraft:entity_properties",
                    "entity": "this",
                    "predicate": {
                        "equipment": {
                            "mainhand": {
                                "predicates": {
                                    "minecraft:enchantments": [
                                        {
                                            "enchantments": "enchantmentplus:swirling",
                                            "levels": 20
                                        }
                                    ]
                                }
                            }
                        }
                    }
                },
                {
                    "condition": "minecraft:random_chance",
                    "chance": 0.8
                }
            ]
        },
        {
            "condition": "minecraft:all_of",
            "terms": [
                {
                    "condition": "minecraft:entity_properties",
                    "entity": "this",
                    "predicate": {
                        "equipment": {
                            "mainhand": {
                                "predicates": {
                                    "minecraft:enchantments": [
                                        {
                                            "enchantments": "enchantmentplus:swirling",
                                            "levels": 21
                                        }
                                    ]
                                }
                            }
                        }
                    }
                },
                {
                    "condition": "minecraft:random_chance",
                    "chance": 0.84
                }
            ]
        },
        {
            "condition": "minecraft:all_of",
            "terms": [
                {
                    "condition": "minecraft:entity_properties",
                    "entity": "this",
                    "predicate": {
                        "equipment": {
                            "mainhand": {
                                "predicates": {
                                    "minecraft:enchantments": [
                                        {
                                            "enchantments": "enchantmentplus:swirling",
                                            "levels": 22
                                        }
                                    ]
                                }
                            }
                        }
                    }
                },
                {
                    "condition": "minecraft:random_chance",
                    "chance": 0.88
                }
            ]
        },
        {
            "condition": "minecraft:all_of",
            "terms": [
                {
                    "condition": "minecraft:entity_properties",
                    "entity": "this",
                    "predicate": {
                        "equipment": {
                            "mainhand": {
                                "predicates": {
                                    "minecraft:enchantments": [
                                        {
                                            "enchantments": "enchantmentplus:swirling",
                                            "levels": 23
                                        }
                                    ]
                                }
                            }
                        }
                    }
                },
                {
                    "condition": "minecraft:random_chance",
                    "chance": 0.92
                }
            ]
        },
        {
            "condition": "minecraft:all_of",
            "terms": [
                {
                    "condition": "minecraft:entity_properties",
                    "entity": "this",
                    "predicate": {
                        "equipment": {
                            "mainhand": {
                                "predicates": {
                                    "minecraft:enchantments": [
                                        {
                                            "enchantments": "enchantmentplus:swirling",
                                            "levels": 24
                                        }
                                    ]
                                }
                            }
                        }
                    }
                },
                {
                    "condition": "minecraft:random_chance",
                    "chance": 0.96
                }
            ]
        },
        {
            "condition": "minecraft:all_of",
            "terms": [
                {
                    "condition": "minecraft:entity_properties",
                    "entity": "this",
                    "predicate": {
                        "equipment": {
                            "mainhand": {
                                "predicates": {
                                    "minecraft:enchantments": [
                                        {
                                            "enchantments": "enchantmentplus:swirling",
                                            "levels": {
                                                "min": 25
                                            }
                                        }
                                    ]
                                }
                            }
                        }
                    }
                },
                {
                    "condition": "minecraft:random_chance",
                    "chance": 1
                }
            ]
        }
    ]
}