{
    "anvil_cost": 2,
    "description": {
        "translate": "enchantment.enchantmentplus.block_reach"
    },
    "effects": {
        "minecraft:attributes": [
            {
                "amount": {
                    "type": "minecraft:linear",
                    "base": 1,
                    "per_level_above_first": 1
                },
                "attribute": "minecraft:player.block_interaction_range",
                "id": "enchantmentplus:enchantment.block_reach",
                "operation": "add_value"
            }
        ]
    },
    "max_cost": {
        "base": 16,
        "per_level_above_first": 10
    },
    "max_level": 5,
    "min_cost": {
        "base": 1,
        "per_level_above_first": 10
    },
    "primary_items": "#minecraft:enchantable/mining",
    "slots": [
        "mainhand"
    ],
    "supported_items": "#enchantmentplus:enchantable/block_reach",
    "weight": 4
}