{
    "anvil_cost": 4,
    "description": {
        "translate": "enchantment.enchantmentplus.deflect"
    },
    "effects": {
        "minecraft:tick": [
            {
                "effect": {
                    "type": "minecraft:apply_mob_effect",
                    "to_apply": "minecraft:resistance",
                    "min_duration": 0.1,
                    "max_duration": 0.1,
                    "min_amplifier": 10,
                    "max_amplifier": 10
                },
                "requirements": {
                    "condition": "minecraft:inverted",
                    "term": {
                        "condition": "minecraft:entity_scores",
                        "entity": "this",
                        "scores": {
                            "eplus.deflect_cooldown": {
                                "min": 1
                            }
                        }
                    }
                }
            },
            {
                "effect": {
                    "type": "minecraft:run_function",
                    "function": "enchantmentplus:enchantments/deflect/decrease_cooldown"
                },
                "requirements": {
                    "condition": "minecraft:entity_scores",
                    "entity": "this",
                    "scores": {
                        "eplus.deflect_cooldown": {
                            "min": 1
                        }
                    }
                }
            }
        ],
        "minecraft:post_attack": [
            {
                "enchanted": "victim",
                "affected": "victim",
                "effect": {
                    "type": "minecraft:run_function",
                    "function": "enchantmentplus:enchantments/deflect/took_damage"
                },
                "requirements": {
                    "condition": "minecraft:all_of",
                    "terms": [
                        {
                            "condition": "minecraft:inverted",
                            "term": {
                                "condition": "minecraft:entity_scores",
                                "entity": "this",
                                "scores": {
                                    "eplus.deflect_cooldown": {
                                        "min": 1
                                    }
                                }
                            }
                        },
                        {
                            "condition": "minecraft:damage_source_properties",
                            "predicate": {
                                "tags": [
                                    {
                                        "id": "minecraft:bypasses_invulnerability",
                                        "expected": false
                                    }
                                ]
                            }
                        }
                    ]
                }
            }
        ]
    },
    "max_cost": {
        "base": 16,
        "per_level_above_first": 10
    },
    "max_level": 4,
    "min_cost": {
        "base": 1,
        "per_level_above_first": 10
    },
    "slots": [
        "armor"
    ],
    "supported_items": "#enchantmentplus:enchantable/deflect",
    "weight": 2
}