{
    "anvil_cost": 4,
    "description": {
        "translate": "enchantment.enchantmentplus.experience_boost"
    },
    "effects": {
        "minecraft:block_experience": [
            {
                "effect": {
                    "type": "minecraft:multiply",
                    "factor": {
                        "type": "minecraft:linear",
                        "base": 2.0,
                        "per_level_above_first": 1.0
                    }
                }
            }
        ],
        "minecraft:mob_experience": [
            {
                "effect": {
                    "type": "minecraft:multiply",
                    "factor": {
                        "type": "minecraft:linear",
                        "base": 2.0,
                        "per_level_above_first": 1.0
                    }
                }
            }
        ]
    },
    "max_cost": {
        "base": 16,
        "per_level_above_first": 10
    },
    "max_level": 5,
    "min_cost": {
        "base": 1,
        "per_level_above_first": 10
    },
    "slots": [
        "mainhand"
    ],
    "supported_items": "#enchantmentplus:enchantable/experience_boost",
    "weight": 4
}