{
    "type": "minecraft:crafting_shaped",
    "pattern": [
        " E ",
        "ALA",
        "PPP"
    ],
    "key": {
        "E": "minecraft:ender_eye",
        "A": "minecraft:amethyst_shard",
        "L": "minecraft:lodestone",
        "P": "minecraft:red_sandstone"
    },
    "result": {
        "id": "minecraft:player_head",
        "components": {
            "minecraft:custom_model_data": {
                "strings": [
                    "pk_waystones:red_sand_waystone"
                ]
            },
            "minecraft:lore": [
                {
                    "color": "dark_gray",
                    "italic": false,
                    "fallback": "Red Sand Waystone",
                    "translate": "item.pk_waystones.red_sand_waystone"
                }
            ],
            "minecraft:item_name": {
                "color": "yellow",
                "italic": false,
                "fallback": "Red Sand Waystone",
                "translate": "item.pk_waystones.red_sand_waystone"
            },
            "!minecraft:equippable": {},
            "minecraft:custom_data": {
                "pk_data": {
                    "custom_block": 1,
                    "id": "waystone",
                    "from": "waystones",
                    "variant": "red_sand",
                    "version": 30405
                }
            },
            "minecraft:profile": {
                "properties": [
                    {
                        "name": "textures",
                        "value": "eyJ0ZXh0dXJlcyI6eyJTS0lOIjp7InVybCI6Imh0dHBzOi8vdGV4dHVyZXMubWluZWNyYWZ0Lm5ldC90ZXh0dXJlL2JmZTAwZjI1NDBhYjQyZmE1YTM4ZTE5ZDQ1ZDllM2NlZDQxNzQ2MmQyY2Q1NjFiMWU4NGYwYzVkN2NkOGUxODEifX19"
                    }
                ]
            }
        }
    }
}