{
    "criteria": {
        "requirement": {
            "trigger": "minecraft:using_item",
            "conditions": {
                "player": [
                    {
                        "condition": "minecraft:entity_properties",
                        "entity": "this",
                        "predicate": {
                            "equipment": {
                                "mainhand": {
                                    "predicates": {
                                        "minecraft:custom_data": "{EnchantmentPlusData:{TomeType:\"intricate_disenchanting\"}}"
                                    }
                                },
                                "offhand": {
                                    "predicates": {
                                        "minecraft:enchantments": [
                                            {}
                                        ]
                                    }
                                }
                            }
                        }
                    },
                    {
                        "condition": "any_of",
                        "terms": [
                            {
                                "condition": "minecraft:entity_properties",
                                "entity": "this",
                                "predicate": {
                                    "type_specific": {
                                        "type": "minecraft:player",
                                        "level": {
                                            "min": 20
                                        }
                                    }
                                }
                            },
                            {
                                "condition": "minecraft:entity_properties",
                                "entity": "this",
                                "predicate": {
                                    "type_specific": {
                                        "type": "minecraft:player",
                                        "gamemode": [
                                            "creative"
                                        ]
                                    }
                                }
                            }
                        ]
                    }
                ],
                "item": {
                    "predicates": {
                        "minecraft:custom_data": "{EnchantmentPlusData:{TomeType:\"intricate_disenchanting\"}}"
                    }
                }
            }
        }
    },
    "rewards": {
        "function": "enchantmentplus:tomes/intricate_disenchanting/used"
    }
}