{
  "type": "minecraft:crafting_shaped",
  "category": "misc",
  "key": {
    "#": {
      "tag": "minecraft:planks"
    },
    "@": {
      "item": "minecraft:copper_ingot"
    }
  },
  "pattern": [
    "@@",
    "##",
    "##"
  ],
  "result": {
    "id": "minecraft:rabbit_spawn_egg",
    "count": 1,
    "components": {
      "minecraft:custom_model_data":314001,
      "minecraft:item_name": "{\"translate\": \"block.toolsmithing_table.name\", \"italic\": false}", 
      "minecraft:entity_data": {
        "id": "minecraft:armor_stand",
        "Rotation": [],
        "Invulnerable": 1,
        "Invisible": 1,
        "NoGravity": 1,
        "Silent": 1,
        "Marker": 1,
        "Tags":["310_place_toolsmithing_table"]
      }
  },
  "show_notification": false
  }
}