{
	"display": {
		"icon": {
			"item": "minecraft:tropical_fish"
		},
		"title": {"translate":"Catching Nemo"},
		"description": {"color":"#75E1FF","translate":"Catch a clownfish"},
		"announce_to_chat": true,
		"frame": "goal"
	},
	"parent": "blazeandcave:animal/salmonella_poisoning",
	"rewards": {
		"function": "bc_rewards:animal/catching_nemo"
	},		
	"criteria": {
		"tropical_fish": {
			"trigger": "minecraft:fishing_rod_hooked",
			"conditions": {
				"item":
				{
					"items": [
						"minecraft:tropical_fish"
					]
				}
			}
		}	
	}
}