{
  "feature": "terralith:birch/cloud_tree_tall",
  "placement": [
    {
      "type": "minecraft:noise_based_count",
      "noise_to_count_ratio": 8,
      "noise_factor": 95,
      "noise_offset": -0.4
    },
    {
      "type": "minecraft:rarity_filter",
      "chance": 4
    },
    {
      "type": "minecraft:in_square"
    },
    {
      "type": "minecraft:heightmap",
      "heightmap": "OCEAN_FLOOR"
    },
    {
      "type": "minecraft:block_predicate_filter",
      "predicate": {
        "type": "minecraft:all_of",
        "predicates": [
          {
            "type": "minecraft:matching_blocks",
            "offset": [
              0,
              -1,
              0
            ],
            "blocks": [
              "minecraft:grass_block",
              "minecraft:podzol"
            ]
          },
          {
            "type": "minecraft:matching_blocks",
            "offset": [
              0,
              0,
              0
            ],
            "blocks": [
              "minecraft:air"
            ]
          }
        ]
      }
    }
  ]
}
