{
	"feature": "terralith:cherry/cherry_trees_light",
	"placement": [
		{
			"type": "minecraft:count",
			"count": {
				"type": "minecraft:weighted_list",
				"distribution": [
					{
						"weight": 100,
						"data": 192
					},
					{
						"weight": 0,
						"data": 192
					}
				]
			}
		},
		{
			"type": "minecraft:in_square"
		},
		{
			"type": "minecraft:noise_based_count",
			"noise_to_count_ratio": -8,
			"noise_factor": 202,
			"noise_offset": 0.1
		},
		{
			"type": "heightmap",
			"heightmap": "WORLD_SURFACE"
		},
		{
			"type": "minecraft:rarity_filter",
			"chance": 64
		},
		{
			"type": "minecraft:block_predicate_filter",
			"predicate": {
				"type": "minecraft:would_survive",
				"state": {
					"Name": "minecraft:fern"
				}
			}
		},
		{
			"type": "minecraft:biome"
		}
	]
}
