{
	"feature": "terralith:highlands/temperate/dark_oak",
	"placement": [
		{
			"type": "minecraft:count",
			"count": {
				"type": "minecraft:weighted_list",
				"distribution": [
					{
						"weight": 45,
						"data": 0
					},
					{
						"weight": 55,
						"data": 1
					}
				]
			}
		},
		{
			"type": "minecraft:in_square"
		},
		{
			"type": "heightmap",
			"heightmap": "WORLD_SURFACE"
		},
		{
			"type": "minecraft:block_predicate_filter",
			"predicate": {
				"type": "minecraft:all_of",
				"predicates": [
					{
						"type": "minecraft:replaceable"
					},
					{
						"type": "minecraft:would_survive",
						"state": {
							"Name": "minecraft:fern"
						}
					}
				]
			}
		},
		{
			"type": "minecraft:biome"
		}
	]
}
