{
	"display": {
		"icon": {
			"item": "minecraft:shield",
			"nbt": "{BlockEntityTag:{Patterns:[{Pattern:\"mr\",Color:9},{Pattern:\"bs\",Color:8},{Pattern:\"cs\",Color:7},{Pattern:\"bo\",Color:8},{Pattern:\"ms\",Color:15},{Pattern:\"hh\",Color:8},{Pattern:\"mc\",Color:8},{Pattern:\"bo\",Color:15}]}}"
		},
		"title": {"translate":"I am Ravager, hear me ROAR!"},
		"description": {"color":"green","translate":"Have a Ravager slam into your shield"},
		"announce_to_chat": true
	},
	"parent": "blazeandcave:adventure/its_so_beast_like",
	"rewards": {
		"function": "bc_rewards:adventure/i_am_ravager_hear_me_roar"
	},
	"criteria": {
		"deflected_crossbow": {
			"trigger": "minecraft:entity_hurt_player",
			"conditions": {
				"damage": {
					"blocked": true,
					"source_entity": {
						"type": "ravager"
					}
				}
			}
		}
	}
}