{
	"display": {
		"icon": {
			"item": "minecraft:enchanted_book"
		},
		"title": {"translate":"Knowledge is Power"},
		"description": {"color":"green","translate":"Trade for an Enchanted Book"},
		"announce_to_chat": true
	},
	"parent": "minecraft:adventure/trade",
	"rewards": {
		"function": "bc_rewards:adventure/knowledge_is_power"
	},		
	"criteria": {
		"trade": {
			"trigger": "minecraft:villager_trade",
			"conditions": {
				"item": {
					"items": [
						"minecraft:enchanted_book"
					]
				}
			}
		}
	}
}