{
	"display": {
		"icon": {
			"item": "minecraft:snow_block"
		},
		"title": {"translate":"Secret of the Igloo"},
		"description": {"color":"green","translate":"Find an igloo in a snowy tundra"},
		"announce_to_chat": true
	},
	"parent": "blazeandcave:adventure/witchcraft",
	"rewards": {
		"function": "bc_rewards:adventure/secret_of_the_igloo"
	},		
	"criteria": {
		"igloo": {
			"trigger": "minecraft:location",
			"conditions": {
				"player": [
					{
						"condition": "minecraft:entity_properties",
						"entity": "this",
						"predicate": {
							"location": {
								"structure": "igloo"
							}
						}
					},
					{
						"condition": "minecraft:inverted",
						"term": {
							"condition": "minecraft:entity_properties",
							"entity": "this",
							"predicate": {
								"type_specific": {
									"type": "player",
									"gamemode": "spectator"
								}
							}
						}
					}
				]
			}
		}		
	}
}