{
	"display": {
		"icon": {
			"item": "minecraft:rib_armor_trim_smithing_template"
		},
		"title": {"translate":"Stacked Smither"},
		"description": {"color":"light_purple","translate":"Obtain a stack of every Smithing Template"},
		"announce_to_chat": true,
		"frame": "challenge",
		"hidden": true
	},
	"parent": "minecraft:adventure/trim_with_all_exclusive_armor_patterns",
	"rewards": {
		"function": "bc_rewards:adventure/stacked_smither"
	},		
	"criteria": {
		"netherite_upgrade": {
			"trigger": "minecraft:inventory_changed",
			"conditions": {
				"items": [
					{
						"items": [
							"minecraft:netherite_upgrade_smithing_template"
						],
						"count": 64
					}
				]
			}
		},
		"sentry_armor_trim": {
			"trigger": "minecraft:inventory_changed",
			"conditions": {
				"items": [
					{
						"items": [
							"minecraft:sentry_armor_trim_smithing_template"
						],
						"count": 64
					}
				]
			}
		},
		"dune_armor_trim": {
			"trigger": "minecraft:inventory_changed",
			"conditions": {
				"items": [
					{
						"items": [
							"minecraft:dune_armor_trim_smithing_template"
						],
						"count": 64
					}
				]
			}
		},
		"coast_armor_trim": {
			"trigger": "minecraft:inventory_changed",
			"conditions": {
				"items": [
					{
						"items": [
							"minecraft:coast_armor_trim_smithing_template"
						],
						"count": 64
					}
				]
			}
		},
		"wild_armor_trim": {
			"trigger": "minecraft:inventory_changed",
			"conditions": {
				"items": [
					{
						"items": [
							"minecraft:wild_armor_trim_smithing_template"
						],
						"count": 64
					}
				]
			}
		},
		"wayfinder_armor_trim": {
			"trigger": "minecraft:inventory_changed",
			"conditions": {
				"items": [
					{
						"items": [
							"minecraft:wayfinder_armor_trim_smithing_template"
						],
						"count": 64
					}
				]
			}
		},
		"raiser_armor_trim": {
			"trigger": "minecraft:inventory_changed",
			"conditions": {
				"items": [
					{
						"items": [
							"minecraft:raiser_armor_trim_smithing_template"
						],
						"count": 64
					}
				]
			}
		},
		"shaper_armor_trim": {
			"trigger": "minecraft:inventory_changed",
			"conditions": {
				"items": [
					{
						"items": [
							"minecraft:shaper_armor_trim_smithing_template"
						],
						"count": 64
					}
				]
			}
		},
		"host_armor_trim": {
			"trigger": "minecraft:inventory_changed",
			"conditions": {
				"items": [
					{
						"items": [
							"minecraft:host_armor_trim_smithing_template"
						],
						"count": 64
					}
				]
			}
		},
		"ward_armor_trim": {
			"trigger": "minecraft:inventory_changed",
			"conditions": {
				"items": [
					{
						"items": [
							"minecraft:ward_armor_trim_smithing_template"
						],
						"count": 64
					}
				]
			}
		},
		"silence_armor_trim": {
			"trigger": "minecraft:inventory_changed",
			"conditions": {
				"items": [
					{
						"items": [
							"minecraft:silence_armor_trim_smithing_template"
						],
						"count": 64
					}
				]
			}
		},
		"eye_armor_trim": {
			"trigger": "minecraft:inventory_changed",
			"conditions": {
				"items": [
					{
						"items": [
							"minecraft:eye_armor_trim_smithing_template"
						],
						"count": 64
					}
				]
			}
		},
		"vex_armor_trim": {
			"trigger": "minecraft:inventory_changed",
			"conditions": {
				"items": [
					{
						"items": [
							"minecraft:vex_armor_trim_smithing_template"
						],
						"count": 64
					}
				]
			}
		},
		"tide_armor_trim": {
			"trigger": "minecraft:inventory_changed",
			"conditions": {
				"items": [
					{
						"items": [
							"minecraft:tide_armor_trim_smithing_template"
						],
						"count": 64
					}
				]
			}
		},
		"snout_armor_trim": {
			"trigger": "minecraft:inventory_changed",
			"conditions": {
				"items": [
					{
						"items": [
							"minecraft:snout_armor_trim_smithing_template"
						],
						"count": 64
					}
				]
			}
		},
		"rib_armor_trim": {
			"trigger": "minecraft:inventory_changed",
			"conditions": {
				"items": [
					{
						"items": [
							"minecraft:rib_armor_trim_smithing_template"
						],
						"count": 64
					}
				]
			}
		},
		"spire_armor_trim": {
			"trigger": "minecraft:inventory_changed",
			"conditions": {
				"items": [
					{
						"items": [
							"minecraft:spire_armor_trim_smithing_template"
						],
						"count": 64
					}
				]
			}
		}
	}
}