{
	"display": {
		"icon": {
			"item": "minecraft:red_banner"
		},
		"title": {"translate":"Superhero of the Village"},
		"description": {"color":"#75E1FF","translate":"Defeat enough raid captains to obtain a stack of Ominous Banners"},
		"announce_to_chat": true,
		"frame": "goal"
	},
	"parent": "minecraft:adventure/hero_of_the_village",
	"rewards": {
		"function": "bc_rewards:adventure/superhero_of_the_village"
	},		
	"criteria": {
		"ominous_banners": {
			"trigger": "minecraft:inventory_changed",
			"conditions": {
				"items": [ 
					{
						"items": [
							"minecraft:white_banner"
						],
						"nbt": "{BlockEntityTag:{Patterns:[{Pattern:\"mr\",Color:9},{Pattern:\"bs\",Color:8},{Pattern:\"cs\",Color:7},{Pattern:\"bo\",Color:8},{Pattern:\"ms\",Color:15},{Pattern:\"hh\",Color:8},{Pattern:\"mc\",Color:8},{Pattern:\"bo\",Color:15}]}}",
						"count": 16
					}
				]
			}
		}	
	}
}