{
	"display": {
		"icon": {
			"item": "minecraft:totem_of_undying"
		},
		"title": {"translate":"Wololo!"},
		"description": {"color":"#75E1FF","translate":"Defeat an Evoker in a Woodland Mansion"},
		"announce_to_chat": true,
		"frame": "goal"
	},
	"parent": "blazeandcave:adventure/ghostbuster",
	"rewards": {
		"function": "bc_rewards:adventure/wololo"
	},		
	"criteria": {
		"evoker": {
			"trigger": "minecraft:player_killed_entity",
			"conditions": {
				"entity": {
					"type": "evoker",
					"location": {
						"structure": "mansion"
					}
				}
			}
		}
	}
}