{
    "criteria": {
        "requirement": {
            "trigger": "minecraft:player_interacted_with_entity",
            "conditions": {
                "entity": [
                    {
                        "condition": "minecraft:entity_properties",
                        "entity": "this",
                        "predicate": {
                            "type": "minecraft:interaction",
                            "nbt": "{Tags:[\"pk.waystones.waystone.lock_interaction\"]}"
                        }
                    }
                ]
            }
        }
    },
    "rewards": {
        "function": "pk_waystones:blocks/waystone/actions/right_click_on_lock_interaction/trigger"
    }
}
