{
	"display": {
		"icon": {
			"item": "minecraft:cyan_banner"
		},
		"title": {"translate":"Raise the flag!"},
		"description": {"color":"green","translate":"Craft and place a banner"},
		"announce_to_chat": "true"
	},
	"parent": "blazeandcave:building/help_ive_been_framed",
	"rewards": {
		"function": "bc_rewards:building/raise_the_flag"
	},		
	"criteria": {
		"banner": {
			"trigger": "minecraft:placed_block",
			"conditions": {
				"location": [
					{
						"condition": "minecraft:match_tool",
						"predicate": {
							"tag": "minecraft:banners"
						}
					}
				]
			}
		}
	}
}