{
	"display": {
		"icon": {
			"item": "minecraft:chiseled_stone_bricks"
		},
		"title": {"translate":"Atlantis?"},
		"description": {"color":"green","translate":"Explore some Underwater Ruins"},
		"announce_to_chat": true
	},
	"parent": "blazeandcave:biomes/pushed_around",
	"rewards": {
		"function": "bc_rewards:biomes/atlantis"
	},		
	"criteria": {
		"ocean_ruin": {
			"trigger": "minecraft:location",
			"conditions": {
				"player": [
					{
						"condition": "minecraft:any_of",
						"terms": [
							{
								"condition": "minecraft:entity_properties",
								"entity": "this",
								"predicate": {
									"location": {
										"structure": "minecraft:ocean_ruin_cold"
									}
								}
							},
							{
								"condition": "minecraft:entity_properties",
								"entity": "this",
								"predicate": {
									"location": {
										"structure": "minecraft:ocean_ruin_warm"
									}
								}
							}
						]
					},
					{
						"condition": "minecraft:inverted",
						"term": {
							"condition": "minecraft:entity_properties",
							"entity": "this",
							"predicate": {
								"type_specific": {
									"type": "player",
									"gamemode": "spectator"
								}
							}
						}
					}
				]
			}
		}
	}
}