{
	"display": {
		"icon": {
			"item": "minecraft:polar_bear_spawn_egg"
		},
		"title": {"translate":"Barbearian"},
		"description": {"color":"green","translate":"It may be illegal to hunt polar bears in real life, but not in Minecraft"},
		"announce_to_chat": true
	},
	"parent": "blazeandcave:biomes/thin_ice",
	"rewards": {
		"function": "bc_rewards:biomes/barbearian"
	},		
	"criteria": {
		"polar_bear": {
			"trigger": "minecraft:player_killed_entity",
			"conditions": {
				"entity": {
					"type": "polar_bear"
				}
			}
		}
	}
}