{
	"display": {
		"icon": {
			"item": "minecraft:oak_boat"
		},
		"title": {"translate":"Boaty McBoatface"},
		"description": {"color":"green","translate":"Craft and ride a boat to sail on the high seas"},
		"announce_to_chat": true
	},
	"parent": "blazeandcave:biomes/the_sea_calls_you",
	"rewards": {
		"function": "bc_rewards:biomes/boaty_mcboatface"
	},		
	"criteria": {
		"boat": {
			"trigger": "minecraft:started_riding",
			"conditions": {
				"player": [
					{
						"condition": "minecraft:entity_properties",
						"predicate": {
							"vehicle": {
								"type": "#minecraft:boats"
							}
						},
						"entity": "this"
					}
				]
			}
		}
	}		
}