{
	"display": {
		"icon": {
			"item": "minecraft:cherry_leaves"
		},
		"title": {"translate":"Pretty in Pink"},
		"description": {"color":"#75E1FF","translate":"Find a Cherry Grove"},
		"announce_to_chat": true,
		"frame": "goal"
	},
	"parent": "blazeandcave:biomes/enchanted_forest",	
	"rewards": {
		"function": "bc_rewards:biomes/pretty_in_pink"
	},	
	"criteria": {
		"cherry_grove": {
			"trigger": "minecraft:location",
			"conditions": {
				"player": [
					{
						"condition": "minecraft:entity_properties",
						"entity": "this",
						"predicate": {
							"location": {
								"biome": "minecraft:cherry_grove"
							}
						}
					},
					{
						"condition": "minecraft:inverted",
						"term": {
							"condition": "minecraft:entity_properties",
							"entity": "this",
							"predicate": {
								"type_specific": {
									"type": "player",
									"gamemode": "spectator"
								}
							}
						}
					}
				]
			}
		}
	}
}