{
	"display": {
		"icon": {
			"item": "minecraft:packed_ice"
		},
		"title": {"translate":"Spike Ice!"},
		"description": {"color":"green","translate":"Break down an ice spike using a silk touch pickaxe"},
		"announce_to_chat": true
	},
	"parent": "blazeandcave:biomes/thin_ice",
	"rewards": {
		"function": "bc_rewards:biomes/spike_ice"
	},		
	"criteria": {
		"packed_ice": {
			"trigger": "minecraft:inventory_changed",
			"conditions": {
				"items": [
					{
						"items": [
							"minecraft:packed_ice"
						]
					}
				]
			}
		}
	}
}