{
	"display": {
		"icon": {
			"item": "minecraft:snow"
		},
		"title": {"translate":"We’re Going on a Bear Hunt"},
		"description": {"color":"green","translate":"Get hunted by a Polar Bear"},
		"announce_to_chat": true

	},
	"parent": "blazeandcave:biomes/barbearian",
	"rewards": {
		"function": "bc_rewards:biomes/were_going_on_a_bear_hunt"
	},		
	"criteria": {
		"polar_bear": {
			"trigger": "minecraft:entity_killed_player",
			"conditions": {
				"entity": {
					"type": "polar_bear"
				}
			}
		}
	}
}