[
    {
        "condition": "minecraft:reference",
        "name": "enchantmentplus:recipes/empty_slots/all"
    },
    {
        "condition": "minecraft:any_of",
        "terms": [
            {
                "condition": "minecraft:location_check",
                "predicate": {
                    "block": {
                        "nbt": "{Items:[{Slot:11b,tag:{EnchantmentPlusData:{Enchantments:[{id:\"enchantmentplus:amplified_shot\"}]}}},{id:\"minecraft:name_tag\",tag:{display:{Name:'{\"text\":\"Amplified Shot\"}'}}}]}"
                    }
                }
            },
            {
                "condition": "minecraft:location_check",
                "predicate": {
                    "block": {
                        "nbt": "{Items:[{Slot:11b,tag:{EnchantmentPlusData:{Enchantments:[{id:\"enchantmentplus:antigravity\"}]}}},{id:\"minecraft:name_tag\",tag:{display:{Name:'{\"text\":\"Anti-Gravity\"}'}}}]}"
                    }
                }
            },
            {
                "condition": "minecraft:location_check",
                "predicate": {
                    "block": {
                        "nbt": "{Items:[{Slot:11b,tag:{EnchantmentPlusData:{Enchantments:[{id:\"enchantmentplus:autosmelt\"}]}}},{id:\"minecraft:name_tag\",tag:{display:{Name:'{\"text\":\"Autosmelt\"}'}}}]}"
                    }
                }
            },
            {
                "condition": "minecraft:location_check",
                "predicate": {
                    "block": {
                        "nbt": "{Items:[{Slot:11b,tag:{EnchantmentPlusData:{Enchantments:[{id:\"enchantmentplus:beheading\"}]}}},{id:\"minecraft:name_tag\",tag:{display:{Name:'{\"text\":\"Beheading\"}'}}}]}"
                    }
                }
            },
            {
                "condition": "minecraft:location_check",
                "predicate": {
                    "block": {
                        "nbt": "{Items:[{Slot:11b,tag:{EnchantmentPlusData:{Enchantments:[{id:\"enchantmentplus:cleaving\"}]}}},{id:\"minecraft:name_tag\",tag:{display:{Name:'{\"text\":\"Cleaving\"}'}}}]}"
                    }
                }
            },
            {
                "condition": "minecraft:location_check",
                "predicate": {
                    "block": {
                        "nbt": "{Items:[{Slot:11b,tag:{EnchantmentPlusData:{Enchantments:[{id:\"enchantmentplus:deflect\"}]}}},{id:\"minecraft:name_tag\",tag:{display:{Name:'{\"text\":\"Deflect\"}'}}}]}"
                    }
                }
            },
            {
                "condition": "minecraft:location_check",
                "predicate": {
                    "block": {
                        "nbt": "{Items:[{Slot:11b,tag:{EnchantmentPlusData:{Enchantments:[{id:\"enchantmentplus:direct\"}]}}},{id:\"minecraft:name_tag\",tag:{display:{Name:'{\"text\":\"Direct\"}'}}}]}"
                    }
                }
            },
            {
                "condition": "minecraft:location_check",
                "predicate": {
                    "block": {
                        "nbt": "{Items:[{Slot:11b,tag:{EnchantmentPlusData:{Enchantments:[{id:\"enchantmentplus:experience_boost\"}]}}},{id:\"minecraft:name_tag\",tag:{display:{Name:'{\"text\":\"Experience Boost\"}'}}}]}"
                    }
                }
            },
            {
                "condition": "minecraft:location_check",
                "predicate": {
                    "block": {
                        "nbt": "{Items:[{Slot:11b,tag:{EnchantmentPlusData:{Enchantments:[{id:\"enchantmentplus:eyes_of_owl\"}]}}},{id:\"minecraft:name_tag\",tag:{display:{Name:'{\"text\":\"Eyes of Owl\"}'}}}]}"
                    }
                }
            },
            {
                "condition": "minecraft:location_check",
                "predicate": {
                    "block": {
                        "nbt": "{Items:[{Slot:11b,tag:{EnchantmentPlusData:{Enchantments:[{id:\"enchantmentplus:feeding_module\"}]}}},{id:\"minecraft:name_tag\",tag:{display:{Name:'{\"text\":\"Feeding Module\"}'}}}]}"
                    }
                }
            },
            {
                "condition": "minecraft:location_check",
                "predicate": {
                    "block": {
                        "nbt": "{Items:[{Slot:11b,tag:{EnchantmentPlusData:{Enchantments:[{id:\"enchantmentplus:health_boost\"}]}}},{id:\"minecraft:name_tag\",tag:{display:{Name:'{\"text\":\"Health Boost\"}'}}}]}"
                    }
                }
            },
            {
                "condition": "minecraft:location_check",
                "predicate": {
                    "block": {
                        "nbt": "{Items:[{Slot:11b,tag:{EnchantmentPlusData:{Enchantments:[{id:\"enchantmentplus:heavens_lightness\"}]}}},{id:\"minecraft:name_tag\",tag:{display:{Name:'{\"text\":\"Heaven\\'s Lightness\"}'}}}]}"
                    }
                }
            },
            {
                "condition": "minecraft:location_check",
                "predicate": {
                    "block": {
                        "nbt": "{Items:[{Slot:11b,tag:{EnchantmentPlusData:{Enchantments:[{id:\"enchantmentplus:icy\"}]}}},{id:\"minecraft:name_tag\",tag:{display:{Name:'{\"text\":\"Icy\"}'}}}]}"
                    }
                }
            },
            {
                "condition": "minecraft:location_check",
                "predicate": {
                    "block": {
                        "nbt": "{Items:[{Slot:11b,tag:{EnchantmentPlusData:{Enchantments:[{id:\"enchantmentplus:judgment_shot\"}]}}},{id:\"minecraft:name_tag\",tag:{display:{Name:'{\"text\":\"Judgment Shot\"}'}}}]}"
                    }
                }
            },
            {
                "condition": "minecraft:location_check",
                "predicate": {
                    "block": {
                        "nbt": "{Items:[{Slot:11b,tag:{EnchantmentPlusData:{Enchantments:[{id:\"enchantmentplus:lava_walker\"}]}}},{id:\"minecraft:name_tag\",tag:{display:{Name:'{\"text\":\"Lava Walker\"}'}}}]}"
                    }
                }
            },
            {
                "condition": "minecraft:location_check",
                "predicate": {
                    "block": {
                        "nbt": "{Items:[{Slot:11b,tag:{EnchantmentPlusData:{Enchantments:[{id:\"enchantmentplus:leaping\"}]}}},{id:\"minecraft:name_tag\",tag:{display:{Name:'{\"text\":\"Leaping\"}'}}}]}"
                    }
                }
            },
            {
                "condition": "minecraft:location_check",
                "predicate": {
                    "block": {
                        "nbt": "{Items:[{Slot:11b,tag:{EnchantmentPlusData:{Enchantments:[{id:\"enchantmentplus:lifesteal\"}]}}},{id:\"minecraft:name_tag\",tag:{display:{Name:'{\"text\":\"Lifesteal\"}'}}}]}"
                    }
                }
            },
            {
                "condition": "minecraft:location_check",
                "predicate": {
                    "block": {
                        "nbt": "{Items:[{Slot:11b,tag:{EnchantmentPlusData:{Enchantments:[{id:\"enchantmentplus:lumberjack\"}]}}},{id:\"minecraft:name_tag\",tag:{display:{Name:'{\"text\":\"Lumberjack\"}'}}}]}"
                    }
                }
            },
            {
                "condition": "minecraft:location_check",
                "predicate": {
                    "block": {
                        "nbt": "{Items:[{Slot:11b,tag:{EnchantmentPlusData:{Enchantments:[{id:\"enchantmentplus:royal_guard\"}]}}},{id:\"minecraft:name_tag\",tag:{display:{Name:'{\"text\":\"Royal Guard\"}'}}}]}"
                    }
                }
            },
            {
                "condition": "minecraft:location_check",
                "predicate": {
                    "block": {
                        "nbt": "{Items:[{Slot:11b,tag:{EnchantmentPlusData:{Enchantments:[{id:\"enchantmentplus:shadow_hunter\"}]}}},{id:\"minecraft:name_tag\",tag:{display:{Name:'{\"text\":\"Shadow Hunter\"}'}}}]}"
                    }
                }
            },
            {
                "condition": "minecraft:location_check",
                "predicate": {
                    "block": {
                        "nbt": "{Items:[{Slot:11b,tag:{EnchantmentPlusData:{Enchantments:[{id:\"enchantmentplus:steadfast_spikes\"}]}}},{id:\"minecraft:name_tag\",tag:{display:{Name:'{\"text\":\"Steadfast Spikes\"}'}}}]}"
                    }
                }
            },
            {
                "condition": "minecraft:location_check",
                "predicate": {
                    "block": {
                        "nbt": "{Items:[{Slot:11b,tag:{EnchantmentPlusData:{Enchantments:[{id:\"enchantmentplus:stone_fists\"}]}}},{id:\"minecraft:name_tag\",tag:{display:{Name:'{\"text\":\"Stone Fists\"}'}}}]}"
                    }
                }
            },
            {
                "condition": "minecraft:location_check",
                "predicate": {
                    "block": {
                        "nbt": "{Items:[{Slot:11b,tag:{EnchantmentPlusData:{Enchantments:[{id:\"enchantmentplus:thermal_plating\"}]}}},{id:\"minecraft:name_tag\",tag:{display:{Name:'{\"text\":\"Thermal Plating\"}'}}}]}"
                    }
                }
            },
            {
                "condition": "minecraft:location_check",
                "predicate": {
                    "block": {
                        "nbt": "{Items:[{Slot:11b,tag:{EnchantmentPlusData:{Enchantments:[{id:\"enchantmentplus:traveler\"}]}}},{id:\"minecraft:name_tag\",tag:{display:{Name:'{\"text\":\"Traveler\"}'}}}]}"
                    }
                }
            },
            {
                "condition": "minecraft:location_check",
                "predicate": {
                    "block": {
                        "nbt": "{Items:[{Slot:11b,tag:{Unbreakable:1b}},{id:\"minecraft:name_tag\",tag:{display:{Name:'{\"text\":\"Unbreakable\"}'}}}]}"
                    }
                }
            },
            {
                "condition": "minecraft:location_check",
                "predicate": {
                    "block": {
                        "nbt": "{Items:[{Slot:11b,tag:{EnchantmentPlusData:{Enchantments:[{id:\"enchantmentplus:vein_miner\"}]}}},{id:\"minecraft:name_tag\",tag:{display:{Name:'{\"text\":\"Vein Miner\"}'}}}]}"
                    }
                }
            },
            {
                "condition": "minecraft:location_check",
                "predicate": {
                    "block": {
                        "nbt": "{Items:[{Slot:11b,tag:{EnchantmentPlusData:{Enchantments:[{id:\"enchantmentplus:void_strike\"}]}}},{id:\"minecraft:name_tag\",tag:{display:{Name:'{\"text\":\"Void Strike\"}'}}}]}"
                    }
                }
            },
            {
                "condition": "minecraft:location_check",
                "predicate": {
                    "block": {
                        "nbt": "{Items:[{Slot:11b,tag:{EnchantmentPlusData:{Enchantments:[{id:\"enchantmentplus:wide\"}]}}},{id:\"minecraft:name_tag\",tag:{display:{Name:'{\"text\":\"Wide\"}'}}}]}"
                    }
                }
            }
        ]
    }
]