{
    "type": "minecraft:notice",
    "title": "Compressing",
    "body": [
        {
            "type": "minecraft:item",
            "item": {
                "id": "minecraft:enchanted_book",
                "components": {
                    "minecraft:stored_enchantments": {
                        "enchantmentplus:compressing": 1
                    }
                }
            }
        },
        {
            "type": "minecraft:plain_message",
            "width": 600,
            "contents": [
                {
                    "text": "Type:",
                    "color": "gray"
                },
                {
                    "text": " Normal\n\n",
                    "color": "white"
                },
                {
                    "text": "Description:",
                    "color": "gray"
                },
                {
                    "text": " Hitting an ore block compresses all of the matching ores in the inventory into their block form.\n\n",
                    "color": "white"
                },
                {
                    "text": "Maximum Level:",
                    "color": "gray"
                },
                {
                    "text": " 1\n\n",
                    "color": "white"
                },
                {
                    "text": "Enchantment Cost Per Level:",
                    "color": "gray"
                },
                {
                    "text": " 1",
                    "color": "white"
                },
                {
                    "text": "   (!)\n\n",
                    "color": "yellow",
                    "hover_event": {
                        "action": "show_text",
                        "value": "Cost is halved if applied from an enchanted book"
                    }
                },
                {
                    "text": "Can be applied to:",
                    "color": "gray"
                },
                {
                    "text": " Any Pickaxe\n\n",
                    "color": "white"
                },
                {
                    "text": "Can be obtained from:",
                    "color": "gray"
                },
                {
                    "text": " Enchanting Table, Loot Chests, Fishing, Librarian Villager Trades\n\n",
                    "color": "white"
                },
                {
                    "text": "Incompatible with:",
                    "color": "red"
                },
                {
                    "text": " -\n\n",
                    "color": "white"
                },
                {
                    "text": "Details:",
                    "color": "gray"
                },
                {
                    "text": " Compatible with vanilla ores that are uncompressible back to their original form, perfect for saving inventory space in long mining sessions.",
                    "color": "white"
                }
            ]
        }
    ],
    "action": {
        "label": "Back",
        "action": {
            "type": "show_dialog",
            "dialog": "enchantmentplus:new_enchantments"
        }
    }
}