{
    "type": "minecraft:notice",
    "title": {
        "text": "Divine Hunter",
        "color": "gold"
    },
    "body": [
        {
            "type": "minecraft:item",
            "item": {
                "id": "minecraft:enchanted_book",
                "components": {
                    "minecraft:stored_enchantments": {
                        "enchantmentplus:divine_hunter": 4
                    }
                }
            }
        },
        {
            "type": "minecraft:plain_message",
            "width": 600,
            "contents": [
                {
                    "text": "Type:",
                    "color": "gray"
                },
                {
                    "text": " Masterwork\n\n",
                    "color": "gold"
                },
                {
                    "text": "Description:",
                    "color": "gray"
                },
                {
                    "text": " Converts spectral arrows into beams of light that can penetrate through objects and deal damage.\n\n",
                    "color": "white"
                },
                {
                    "text": "Maximum Level:",
                    "color": "gray"
                },
                {
                    "text": " 4\n\n",
                    "color": "white"
                },
                {
                    "text": "Enchantment Cost Per Level:",
                    "color": "gray"
                },
                {
                    "text": " 8",
                    "color": "white"
                },
                {
                    "text": "   (!)\n\n",
                    "color": "yellow",
                    "hover_event": {
                        "action": "show_text",
                        "value": "Cost is halved if applied from an enchanted book"
                    }
                },
                {
                    "text": "Can be applied to:",
                    "color": "gray"
                },
                {
                    "text": " Bow\n\n",
                    "color": "white"
                },
                {
                    "text": "Can be obtained from:",
                    "color": "gray"
                },
                {
                    "text": " Very rarely by spending 3 levels on Enchanting Table",
                    "color": "white"
                },
                {
                    "text": "   (!)\n\n",
                    "color": "yellow",
                    "hover_event": {
                        "action": "show_text",
                        "value": "See 'New Enchantment Types' section for more information about obtaining masterwork enchantments"
                    }
                },
                {
                    "text": "Incompatible with:",
                    "color": "red"
                },
                {
                    "text": " -\n\n",
                    "color": "white"
                },
                {
                    "text": "Details:",
                    "color": "gray"
                },
                {
                    "text": " Deals 4 hearts of damage to mobs and 2 hearts of damage to players. Applies Glowing effect to the targets for 2 seconds. Additionally, inflicts Slowness effect to non-player targets for 2 seconds. Hunter's Eye triggers when a target is killed, applying Glowing effect for 2 seconds to all possible targets within light beam reach. The beam of light travels 10 blocks per level, then disappears. Only works on spectral arrows with fully charged shots.",
                    "color": "white"
                }
            ]
        }
    ],
    "action": {
        "label": "Back",
        "action": {
            "type": "show_dialog",
            "dialog": "enchantmentplus:new_enchantments"
        }
    }
}