{
	"display": {
		"icon": {
			"item": "minecraft:damaged_anvil"
		},
		"title": {"translate":"Baron of Blacksmiths"},
		"description": {"color":"dark_purple","translate":"Get a stack of regular, chipped and damaged Anvils"},
		"announce_to_chat": true,
		"frame": "challenge"
	},
	"parent": "blazeandcave:enchanting/heavy_metal",
	"rewards": {
		"function": "bc_rewards:enchanting/baron_of_blacksmiths"
	},
	"criteria": {
		"anvil": {
			"trigger": "minecraft:inventory_changed",
			"conditions": {
				"items": [
					{
						"items": [
							"minecraft:anvil"
						],
						"count": 64
					}
				]
			}
		},
		"chipped_anvil": {
			"trigger": "minecraft:inventory_changed",
			"conditions": {
				"items": [
					{
						"items": [
							"minecraft:chipped_anvil"
						],
						"count": 64
					}
				]
			}
		},
		"damaged_anvil": {
			"trigger": "minecraft:inventory_changed",
			"conditions": {
				"items": [
					{
						"items": [
							"minecraft:damaged_anvil"
						],
						"count": 64
					}
				]
			}
		}
	}
}