{
	"display": {
		"icon": {
			"item": "minecraft:golden_pickaxe"
		},
		"title": {"translate":"Fortunate Son"},
		"description": {"color":"#75E1FF","translate":"Obtain Fortune III"},
		"announce_to_chat": true,
		"frame": "goal"
	},
	"parent": "blazeandcave:enchanting/super_efficient",
	"rewards": {
		"function": "bc_rewards:enchanting/fortunate_son"
	},			
	"criteria": {
		"fortune": {
			"trigger": "minecraft:inventory_changed",
			"conditions": {
				"items": [
					{
						"enchantments": [
							{
								"enchantment": "minecraft:fortune",
								"levels": {
									"min": 3
								}
							}
						]
					}
				]
			}
		},
		"fortune_book": {
			"trigger": "minecraft:inventory_changed",
			"conditions": {
				"items": [
					{
						"stored_enchantments": [
							{
								"enchantment": "minecraft:fortune",
								"levels": {
									"min": 3
								}
							}
						]
					}
				]
			}
		}
	},	
	"requirements": [
		[
			"fortune",
			"fortune_book"
		]
	]
}