{
	"display": {
		"icon": {
			"item": "minecraft:flint_and_steel",
			"nbt": "{Enchantments:[{id:\"minecraft:unbreaking\",lvl:1}]}"
		},
		"title": {"translate":"Newton's Flaming Laser Sword"},
		"description": {"color":"#75E1FF","translate":"Have a diamond sword with Fire Aspect II"},
		"announce_to_chat": true,
		"frame": "goal"
	},
	"parent": "blazeandcave:enchanting/bane_of_one_shotting_spiders",
	"rewards": {
		"function": "bc_rewards:enchanting/newtons_flaming_laser_sword"
	},			
	"criteria": {
		"newton": {
			"trigger": "minecraft:inventory_changed",
			"conditions": {
				"items": [
					{
						"items": [
							"minecraft:diamond_sword"
						],
						"enchantments": [
							{
								"enchantment": "minecraft:fire_aspect",
								"levels": {
									"min": 2
								}
							}
						]
					}
				]
			}
		}
	}
}