{
	"display": {
		"icon": {
			"id": "minecraft:shulker_shell"
		},
		"title": {"translate":"I'm in Space!"},
		"description": {"color":"#FF2A2A","translate":"Levitate up a distance of 256 blocks"},
		"announce_to_chat": true,
		"frame": "challenge"
	},
	"parent": "blazeandcave:challenges/ad_astra",
	"rewards": {
		"function": "bc_rewards:challenges/im_in_space"
	},	
	"criteria": {
		"levitated": {
			"trigger": "minecraft:levitation",
			"conditions": {
				"distance": {
					"y": {
						"min": 256
					}
				}
			}
		}
	}
}