{
	"display": {
		"icon": {
			"id": "minecraft:player_head",
			"components": {"profile":{"id":[1531857479,-78233159,-1681038604,1859460671],"properties":[{"name":"textures","value":"eyJ0ZXh0dXJlcyI6eyJTS0lOIjp7InVybCI6Imh0dHA6Ly90ZXh0dXJlcy5taW5lY3JhZnQubmV0L3RleHR1cmUvNmNmMzY3NGIyZGRjMGVmN2MzOWUzYjljNmI1ODY3N2RlNWNmMzc3ZDJlYjA3M2YyZjNmZTUwOTE5YjFjYTRjOSJ9fX0="}]}}
		},
		"title": {"translate":"Overwarden"},
		"description": {"color":"#FF2A2A","translate":"Have fifty Wardens present within 100 blocks of you"},
		"announce_to_chat": true,
		"frame": "challenge"
	},
	"parent": "blazeandcave:challenges/the_world_is_ending",
	"rewards": {
		"function": "bc_rewards:challenges/overwarden"
	},		
	"criteria": {
		"overwarden": {
			"trigger": "minecraft:impossible"
		}
	}
}