{
    "criteria": {
        "requirement": {
            "trigger": "minecraft:using_item",
            "conditions": {
                "player": [
                    {
                        "condition": "minecraft:entity_properties",
                        "entity": "this",
                        "predicate": {
                            "periodic_tick": 10
                        }
                    }
                ],
                "item": {
                    "predicates": {
                        "minecraft:enchantments": [
                            {
                                "enchantments": "enchantmentplus:radiance_gust"
                            }
                        ]
                    }
                }
            }
        }
    },
    "rewards": {
        "function": "enchantmentplus:enchantments/radiance_gust/deal_damage"
    }
}