{
  "fallback": "minecraft:empty",
  "elements": [
    {
      "weight": 1,
      "element": {
        "element_type": "minecraft:legacy_single_pool_element",
        "projection": "terrain_matching",
        "location": "heaven:village/angels/well/tower",
        "processors": "minecraft:empty"
      }
    },
    {
      "weight": 1,
      "element": {
        "element_type": "minecraft:legacy_single_pool_element",
        "projection": "terrain_matching",
        "location": "heaven:village/angels/well/well",
        "processors": "minecraft:empty"
      }
    },
    {
      "weight": 1,
      "element": {
        "element_type": "minecraft:legacy_single_pool_element",
        "projection": "terrain_matching",
        "location": "heaven:village/angels/well/large_fountain",
        "processors": "minecraft:empty"
      }
    }
  ]
}
