{
    "display": {
        "title": "Enchantment+ v4.2",
        "description": [
            {
                "text": "• Adds more enchantments to improve gameplay experience."
            },
            {
                "text": "\n\n• Happy Enchanting!",
                "color": "light_purple"
            }
        ],
        "icon": {
            "id": "minecraft:enchanted_book"
        },
        "announce_to_chat": false,
        "show_toast": false
    },
    "parent": "global:wyvernity",
    "criteria": {
        "trigger": {
            "trigger": "minecraft:tick"
        }
    }
}