{
    "type": "minecraft:notice",
    "title": "Exploding Impact",
    "body": [
        {
            "type": "minecraft:item",
            "item": {
                "id": "minecraft:enchanted_book",
                "components": {
                    "minecraft:stored_enchantments": {
                        "enchantmentplus:exploding_impact": 3
                    }
                }
            }
        },
        {
            "type": "minecraft:plain_message",
            "width": 600,
            "contents": [
                {
                    "text": "Type:",
                    "color": "gray"
                },
                {
                    "text": " Normal\n\n",
                    "color": "white"
                },
                {
                    "text": "Description:",
                    "color": "gray"
                },
                {
                    "text": " Thrown trident creates a non-block breaking explosion upon impact.\n\n",
                    "color": "white"
                },
                {
                    "text": "Maximum Level:",
                    "color": "gray"
                },
                {
                    "text": " 3\n\n",
                    "color": "white"
                },
                {
                    "text": "Enchantment Cost Per Level:",
                    "color": "gray"
                },
                {
                    "text": " 4",
                    "color": "white"
                },
                {
                    "text": "   (!)\n\n",
                    "color": "yellow",
                    "hover_event": {
                        "action": "show_text",
                        "value": "Cost is halved if applied from an enchanted book"
                    }
                },
                {
                    "text": "Can be applied to:",
                    "color": "gray"
                },
                {
                    "text": " Trident\n\n",
                    "color": "white"
                },
                {
                    "text": "Can be obtained from:",
                    "color": "gray"
                },
                {
                    "text": " Loot Chests, Fishing, Librarian Villager Trades\n\n",
                    "color": "white"
                },
                {
                    "text": "Incompatible with:",
                    "color": "red"
                },
                {
                    "text": " Channeling, Riptide\n\n",
                    "color": "white"
                },
                {
                    "text": "Details:",
                    "color": "gray"
                },
                {
                    "text": " Hitting an entity damages the target and sends them flying. Hitting a block deals no damage. Instead, the knockback of the explosion is significantly increased which makes it excellent for self-boosting.",
                    "color": "white"
                }
            ]
        }
    ],
    "action": {
        "label": "Back",
        "action": {
            "type": "show_dialog",
            "dialog": "enchantmentplus:new_enchantments"
        }
    }
}