{
    "type": "minecraft:notice",
    "title": {
        "text": "Isolated",
        "color": "dark_purple"
    },
    "body": [
        {
            "type": "minecraft:item",
            "item": {
                "id": "minecraft:enchanted_book",
                "components": {
                    "minecraft:stored_enchantments": {
                        "enchantmentplus:isolated": 1
                    }
                }
            }
        },
        {
            "type": "minecraft:plain_message",
            "width": 600,
            "contents": [
                {
                    "text": "Type:",
                    "color": "gray"
                },
                {
                    "text": " Sacrificial\n\n",
                    "color": "dark_purple"
                },
                {
                    "text": "Description:",
                    "color": "gray"
                },
                {
                    "text": " Grants immunity to all status effects, including both negative and positive effects.\n\n",
                    "color": "white"
                },
                {
                    "text": "Maximum Level:",
                    "color": "gray"
                },
                {
                    "text": " 1\n\n",
                    "color": "white"
                },
                {
                    "text": "Enchantment Cost Per Level:",
                    "color": "gray"
                },
                {
                    "text": " 4",
                    "color": "white"
                },
                {
                    "text": "   (!)\n\n",
                    "color": "yellow",
                    "hover_event": {
                        "action": "show_text",
                        "value": "Cost is halved if applied from an enchanted book"
                    }
                },
                {
                    "text": "Can be applied to:",
                    "color": "gray"
                },
                {
                    "text": " Chestplate\n\n",
                    "color": "white"
                },
                {
                    "text": "Can be obtained from:",
                    "color": "gray"
                },
                {
                    "text": " Loot Chests, Fishing, Librarian Villager Trades\n\n",
                    "color": "white"
                },
                {
                    "text": "Incompatible with:",
                    "color": "red"
                },
                {
                    "text": " -\n\n",
                    "color": "white"
                },
                {
                    "text": "Details:",
                    "color": "gray"
                },
                {
                    "text": " Able to completely disable other status effect related enchantments.",
                    "color": "white"
                }
            ]
        }
    ],
    "action": {
        "label": "Back",
        "action": {
            "type": "show_dialog",
            "dialog": "enchantmentplus:new_enchantments"
        }
    }
}