{
    "anvil_cost": 1,
    "description": {
        "translate": "enchantment.enchantmentplus.compressing"
    },
    "effects": {
        "minecraft:hit_block": [
            {
                "effect": {
                    "type": "minecraft:run_function",
                    "function": "enchantmentplus:enchantments/compressing/coal"
                },
                "requirements": {
                    "condition": "minecraft:location_check",
                    "predicate": {
                        "block": {
                            "blocks": "#minecraft:coal_ores"
                        }
                    }
                }
            },
            {
                "effect": {
                    "type": "minecraft:run_function",
                    "function": "enchantmentplus:enchantments/compressing/diamond"
                },
                "requirements": {
                    "condition": "minecraft:location_check",
                    "predicate": {
                        "block": {
                            "blocks": "#minecraft:diamond_ores"
                        }
                    }
                }
            },
            {
                "effect": {
                    "type": "minecraft:run_function",
                    "function": "enchantmentplus:enchantments/compressing/emerald"
                },
                "requirements": {
                    "condition": "minecraft:location_check",
                    "predicate": {
                        "block": {
                            "blocks": "#minecraft:emerald_ores"
                        }
                    }
                }
            },
            {
                "effect": {
                    "type": "minecraft:run_function",
                    "function": "enchantmentplus:enchantments/compressing/gold_nugget"
                },
                "requirements": {
                    "condition": "minecraft:location_check",
                    "predicate": {
                        "block": {
                            "blocks": "minecraft:nether_gold_ore"
                        }
                    }
                }
            },
            {
                "effect": {
                    "type": "minecraft:run_function",
                    "function": "enchantmentplus:enchantments/compressing/lapis_lazuli"
                },
                "requirements": {
                    "condition": "minecraft:location_check",
                    "predicate": {
                        "block": {
                            "blocks": "#minecraft:lapis_ores"
                        }
                    }
                }
            },
            {
                "effect": {
                    "type": "minecraft:run_function",
                    "function": "enchantmentplus:enchantments/compressing/raw_copper"
                },
                "requirements": {
                    "condition": "minecraft:location_check",
                    "predicate": {
                        "block": {
                            "blocks": "#minecraft:copper_ores"
                        }
                    }
                }
            },
            {
                "effect": {
                    "type": "minecraft:run_function",
                    "function": "enchantmentplus:enchantments/compressing/raw_gold"
                },
                "requirements": {
                    "condition": "minecraft:all_of",
                    "terms": [
                        {
                            "condition": "minecraft:location_check",
                            "predicate": {
                                "block": {
                                    "blocks": "#minecraft:gold_ores"
                                }
                            }
                        },
                        {
                            "condition": "minecraft:inverted",
                            "term": {
                                "condition": "minecraft:location_check",
                                "predicate": {
                                    "block": {
                                        "blocks": "minecraft:nether_gold_ore"
                                    }
                                }
                            }
                        }
                    ]
                }
            },
            {
                "effect": {
                    "type": "minecraft:run_function",
                    "function": "enchantmentplus:enchantments/compressing/raw_iron"
                },
                "requirements": {
                    "condition": "minecraft:location_check",
                    "predicate": {
                        "block": {
                            "blocks": "#minecraft:iron_ores"
                        }
                    }
                }
            },
            {
                "effect": {
                    "type": "minecraft:run_function",
                    "function": "enchantmentplus:enchantments/compressing/redstone"
                },
                "requirements": {
                    "condition": "minecraft:location_check",
                    "predicate": {
                        "block": {
                            "blocks": "#minecraft:redstone_ores"
                        }
                    }
                }
            }
        ]
    },
    "max_cost": {
        "base": 65,
        "per_level_above_first": 0
    },
    "max_level": 1,
    "min_cost": {
        "base": 15,
        "per_level_above_first": 0
    },
    "slots": [
        "mainhand"
    ],
    "supported_items": "#enchantmentplus:enchantable/compressing",
    "weight": 4
}