{
    "anvil_cost": 4,
    "description": {
        "translate": "enchantment.enchantmentplus.eyes_of_owl"
    },
    "effects": {
        "minecraft:tick": [
            {
                "effect": {
                    "type": "minecraft:apply_mob_effect",
                    "to_apply": "minecraft:night_vision",
                    "min_duration": 17,
                    "max_duration": 17,
                    "min_amplifier": 0,
                    "max_amplifier": 0
                },
                "requirements": {
                    "condition": "minecraft:entity_properties",
                    "entity": "this",
                    "predicate": {
                        "periodic_tick": 80
                    }
                }
            }
        ]
    },
    "max_cost": {
        "base": 65,
        "per_level_above_first": 9
    },
    "max_level": 1,
    "min_cost": {
        "base": 15,
        "per_level_above_first": 9
    },
    "slots": [
        "head"
    ],
    "supported_items": "#enchantmentplus:enchantable/eyes_of_owl",
    "weight": 1
}