{
    "anvil_cost": 2,
    "description": {
        "translate": "enchantment.enchantmentplus.prosperous"
    },
    "effects": {
        "minecraft:post_attack": [
            {
                "enchanted": "attacker",
                "affected": "attacker",
                "effect": {
                    "type": "minecraft:run_function",
                    "function": "enchantmentplus:enchantments/prosperous/apply_looting"
                },
                "requirements": {
                    "condition": "minecraft:all_of",
                    "terms": [
                        {
                            "condition": "minecraft:entity_properties",
                            "entity": "this",
                            "predicate": {
                                "type": "#enchantmentplus:is_mob",
                                "nbt": "{Health:0f}",
                                "flags": {
                                    "is_baby": false
                                }
                            }
                        },
                        {
                            "condition": "minecraft:entity_properties",
                            "entity": "attacker",
                            "predicate": {
                                "slots": {
                                    "weapon.mainhand": {
                                        "predicates": {
                                            "enchantments": [
                                                {
                                                    "enchantments": "minecraft:looting"
                                                }
                                            ]
                                        }
                                    }
                                }
                            }
                        }
                    ]
                }
            },
            {
                "enchanted": "attacker",
                "affected": "victim",
                "effect": {
                    "type": "minecraft:run_function",
                    "function": "enchantmentplus:enchantments/prosperous/drop_loot"
                },
                "requirements": {
                    "condition": "minecraft:all_of",
                    "terms": [
                        {
                            "condition": "minecraft:entity_properties",
                            "entity": "this",
                            "predicate": {
                                "type": "#enchantmentplus:is_mob",
                                "nbt": "{Health:0f}",
                                "flags": {
                                    "is_baby": false
                                }
                            }
                        },
                        {
                            "condition": "minecraft:random_chance",
                            "chance": {
                                "type": "minecraft:enchantment_level",
                                "amount": {
                                    "type": "minecraft:linear",
                                    "base": 0.025,
                                    "per_level_above_first": 0.025
                                }
                            }
                        }
                    ]
                }
            }
        ]
    },
    "max_cost": {
        "base": 60,
        "per_level_above_first": 10
    },
    "max_level": 4,
    "min_cost": {
        "base": 10,
        "per_level_above_first": 10
    },
    "slots": [
        "mainhand"
    ],
    "supported_items": "#enchantmentplus:enchantable/prosperous",
    "weight": 2
}