[
    {
        "condition": "minecraft:inverted",
        "term": {
            "condition": "minecraft:entity_properties",
            "entity": "this",
            "predicate": {
                "equipment": {
                    "chest": {
                        "durability": {
                            "max": 1
                        }
                    }
                }
            }
        }
    },
    {
        "condition": "minecraft:inverted",
        "term": {
            "condition": "minecraft:entity_properties",
            "entity": "this",
            "predicate": {
                "equipment": {
                    "chest": {
                        "nbt": "{Unbreakable:1b}"
                    }
                }
            }
        }
    },
    {
        "condition": "minecraft:inverted",
        "term": {
            "condition": "minecraft:entity_properties",
            "entity": "this",
            "predicate": {
                "type_specific": {
                    "type": "player",
                    "gamemode": "creative"
                }
            }
        }
    },
    {
        "condition": "minecraft:any_of",
        "terms": [
            {
                "condition": "minecraft:all_of",
                "terms": [
                    {
                        "condition": "minecraft:inverted",
                        "term": {
                            "condition": "minecraft:entity_properties",
                            "entity": "this",
                            "predicate": {
                                "equipment": {
                                    "chest": {
                                        "enchantments": [
                                            {
                                                "enchantment": "minecraft:unbreaking"
                                            }
                                        ]
                                    }
                                }
                            }
                        }
                    },
                    {
                        "condition": "minecraft:random_chance",
                        "chance": 1
                    }
                ]
            },
            {
                "condition": "minecraft:all_of",
                "terms": [
                    {
                        "condition": "minecraft:entity_properties",
                        "entity": "this",
                        "predicate": {
                            "equipment": {
                                "chest": {
                                    "enchantments": [
                                        {
                                            "enchantment": "minecraft:unbreaking",
                                            "levels": 1
                                        }
                                    ]
                                }
                            }
                        }
                    },
                    {
                        "condition": "minecraft:random_chance",
                        "chance": 0.5
                    }
                ]
            },
            {
                "condition": "minecraft:all_of",
                "terms": [
                    {
                        "condition": "minecraft:entity_properties",
                        "entity": "this",
                        "predicate": {
                            "equipment": {
                                "chest": {
                                    "enchantments": [
                                        {
                                            "enchantment": "minecraft:unbreaking",
                                            "levels": 2
                                        }
                                    ]
                                }
                            }
                        }
                    },
                    {
                        "condition": "minecraft:random_chance",
                        "chance": 0.333
                    }
                ]
            },
            {
                "condition": "minecraft:all_of",
                "terms": [
                    {
                        "condition": "minecraft:entity_properties",
                        "entity": "this",
                        "predicate": {
                            "equipment": {
                                "chest": {
                                    "enchantments": [
                                        {
                                            "enchantment": "minecraft:unbreaking",
                                            "levels": 3
                                        }
                                    ]
                                }
                            }
                        }
                    },
                    {
                        "condition": "minecraft:random_chance",
                        "chance": 0.25
                    }
                ]
            },
            {
                "condition": "minecraft:all_of",
                "terms": [
                    {
                        "condition": "minecraft:entity_properties",
                        "entity": "this",
                        "predicate": {
                            "equipment": {
                                "chest": {
                                    "enchantments": [
                                        {
                                            "enchantment": "minecraft:unbreaking",
                                            "levels": 4
                                        }
                                    ]
                                }
                            }
                        }
                    },
                    {
                        "condition": "minecraft:random_chance",
                        "chance": 0.2
                    }
                ]
            },
            {
                "condition": "minecraft:all_of",
                "terms": [
                    {
                        "condition": "minecraft:entity_properties",
                        "entity": "this",
                        "predicate": {
                            "equipment": {
                                "chest": {
                                    "enchantments": [
                                        {
                                            "enchantment": "minecraft:unbreaking",
                                            "levels": 5
                                        }
                                    ]
                                }
                            }
                        }
                    },
                    {
                        "condition": "minecraft:random_chance",
                        "chance": 0.166
                    }
                ]
            },
            {
                "condition": "minecraft:all_of",
                "terms": [
                    {
                        "condition": "minecraft:entity_properties",
                        "entity": "this",
                        "predicate": {
                            "equipment": {
                                "chest": {
                                    "enchantments": [
                                        {
                                            "enchantment": "minecraft:unbreaking",
                                            "levels": 6
                                        }
                                    ]
                                }
                            }
                        }
                    },
                    {
                        "condition": "minecraft:random_chance",
                        "chance": 0.142
                    }
                ]
            },
            {
                "condition": "minecraft:all_of",
                "terms": [
                    {
                        "condition": "minecraft:entity_properties",
                        "entity": "this",
                        "predicate": {
                            "equipment": {
                                "chest": {
                                    "enchantments": [
                                        {
                                            "enchantment": "minecraft:unbreaking",
                                            "levels": 7
                                        }
                                    ]
                                }
                            }
                        }
                    },
                    {
                        "condition": "minecraft:random_chance",
                        "chance": 0.125
                    }
                ]
            },
            {
                "condition": "minecraft:all_of",
                "terms": [
                    {
                        "condition": "minecraft:entity_properties",
                        "entity": "this",
                        "predicate": {
                            "equipment": {
                                "chest": {
                                    "enchantments": [
                                        {
                                            "enchantment": "minecraft:unbreaking",
                                            "levels": 8
                                        }
                                    ]
                                }
                            }
                        }
                    },
                    {
                        "condition": "minecraft:random_chance",
                        "chance": 0.111
                    }
                ]
            },
            {
                "condition": "minecraft:all_of",
                "terms": [
                    {
                        "condition": "minecraft:entity_properties",
                        "entity": "this",
                        "predicate": {
                            "equipment": {
                                "chest": {
                                    "enchantments": [
                                        {
                                            "enchantment": "minecraft:unbreaking",
                                            "levels": 9
                                        }
                                    ]
                                }
                            }
                        }
                    },
                    {
                        "condition": "minecraft:random_chance",
                        "chance": 0.1
                    }
                ]
            },
            {
                "condition": "minecraft:all_of",
                "terms": [
                    {
                        "condition": "minecraft:entity_properties",
                        "entity": "this",
                        "predicate": {
                            "equipment": {
                                "chest": {
                                    "enchantments": [
                                        {
                                            "enchantment": "minecraft:unbreaking",
                                            "levels": {
                                                "min": 10
                                            }
                                        }
                                    ]
                                }
                            }
                        }
                    },
                    {
                        "condition": "minecraft:random_chance",
                        "chance": 0.09
                    }
                ]
            }
        ]
    }
]