{
    "criteria": {
        "requirement": {
            "trigger": "minecraft:tick",
            "conditions": {
                "player": [
                    {
                        "condition": "minecraft:all_of",
                        "terms": [
                            {
                                "condition": "minecraft:entity_scores",
                                "entity": "this",
                                "scores": {
                                    "eplus.used_firework_rocket": {
                                        "min": 1
                                    }
                                }
                            }
                        ]
                    },
                    {
                        "condition": "minecraft:inverted",
                        "term": {
                            "condition": "minecraft:entity_properties",
                            "entity": "this",
                            "predicate": {
                                "slots": {
                                    "armor.*": {
                                        "predicates": {
                                            "minecraft:enchantments": [
                                                {
                                                    "enchantments": "enchantmentplus:flight_extender"
                                                }
                                            ]
                                        }
                                    }
                                }
                            }
                        }
                    }
                ]
            }
        }
    },
    "rewards": {
        "function": "enchantmentplus:enchantments/flight_extender/reset"
    }
}
