{
    "anvil_cost": 2,
    "description": {
        "translate": "enchantment.enchantmentplus.combustion"
    },
    "effects": {
        "minecraft:damage": [
            {
                "effect": {
                    "type": "minecraft:add",
                    "value": {
                        "type": "minecraft:linear",
                        "base": 1.5,
                        "per_level_above_first": 1.5
                    }
                },
                "requirements": {
                    "condition": "minecraft:entity_properties",
                    "entity": "this",
                    "predicate": {
                        "flags": {
                            "is_on_fire": true
                        }
                    }
                }
            }
        ]
    },
    "exclusive_set": "#minecraft:exclusive_set/damage",
    "max_cost": {
        "base": 25,
        "per_level_above_first": 4
    },
    "max_level": 10,
    "min_cost": {
        "base": 5,
        "per_level_above_first": 4
    },
    "slots": [
        "mainhand"
    ],
    "supported_items": "#enchantmentplus:enchantable/combustion",
    "weight": 5
}