{
    "anvil_cost": 2,
    "description": {
        "translate": "enchantment.enchantmentplus.leaping"
    },
    "effects": {
		"minecraft:tick": [
			{
                "effect": {
                    "type": "minecraft:apply_mob_effect",
                    "to_apply": "minecraft:jump_boost",
                    "min_duration": 0.2,
                    "max_duration": 0.2,
                    "min_amplifier": {
                        "type": "minecraft:linear",
                        "base": 1,
                        "per_level_above_first": 1
                    },
                    "max_amplifier": {
                        "type": "minecraft:linear",
                        "base": 1,
                        "per_level_above_first": 1
                    }
                }
            }
		]
	},
    "max_cost": {
        "base": 40,
        "per_level_above_first": 12
    },
    "max_level": 3,
    "min_cost": {
        "base": 8,
        "per_level_above_first": 12
    },
    "slots": [
        "feet"
    ],
    "supported_items": "#enchantmentplus:enchantable/leaping",
    "weight": 5
}