{
    "anvil_cost": 4,
    "description": {
        "translate": "enchantment.enchantmentplus.venomous"
    },
    "effects": {
        "minecraft:post_attack": [
            {
                "enchanted": "attacker",
                "affected": "victim",
                "effect": {
                    "type": "minecraft:all_of",
                    "effects": [
                        {
                            "type": "minecraft:apply_mob_effect",
                            "to_apply": "minecraft:poison",
                            "min_duration": 5,
                            "max_duration": 5,
                            "min_amplifier": 4,
                            "max_amplifier": 4
                        },
                        {
                            "type": "minecraft:run_function",
                            "function": "enchantmentplus:enchantments/venomous/post_attack"
                        }
                    ]
                },
                "requirements": {
                    "condition": "minecraft:random_chance",
                    "chance": {
                        "type": "minecraft:enchantment_level",
                        "amount": {
                            "type": "minecraft:linear",
                            "base": 0.04,
                            "per_level_above_first": 0.04
                        }
                    }
                }
            }
        ]
    },
    "exclusive_set": "#enchantmentplus:exclusive_set/offensive_hit_effect",
    "max_cost": {
        "base": 16,
        "per_level_above_first": 5
    },
    "max_level": 10,
    "min_cost": {
        "base": 1,
        "per_level_above_first": 5
    },
    "slots": [
        "mainhand"
    ],
    "supported_items": "#enchantmentplus:enchantable/venomous",
    "weight": 2
}