[
    {
        "condition": "minecraft:any_of",
        "terms": [
            {
                "condition": "minecraft:entity_properties",
                "entity": "this",
                "predicate": {
                    "equipment": {
                        "mainhand": {
                            "nbt": "{EnchantmentPlus:{Icy:1b}}"
                        }
                    }
                }
            },
            {
                "condition": "minecraft:entity_properties",
                "entity": "this",
                "predicate": {
                    "equipment": {
                        "mainhand": {
                            "nbt": "{EnchantmentPlus:{Icy:2b}}"
                        }
                    }
                }
            },
            {
                "condition": "minecraft:entity_properties",
                "entity": "this",
                "predicate": {
                    "equipment": {
                        "mainhand": {
                            "nbt": "{EnchantmentPlus:{Icy:3b}}"
                        }
                    }
                }
            },
            {
                "condition": "minecraft:entity_properties",
                "entity": "this",
                "predicate": {
                    "equipment": {
                        "mainhand": {
                            "nbt": "{EnchantmentPlus:{Icy:4b}}"
                        }
                    }
                }
            },
            {
                "condition": "minecraft:entity_properties",
                "entity": "this",
                "predicate": {
                    "equipment": {
                        "mainhand": {
                            "nbt": "{EnchantmentPlus:{Icy:5b}}"
                        }
                    }
                }
            }
        ]
    },
    {
        "condition": "minecraft:entity_scores",
        "entity": "this",
        "scores": {
            "ENCHIcyOff": {
                "min": 0,
                "max": 0
            }
        }
    },
    {
        "condition": "minecraft:entity_scores",
        "entity": "this",
        "scores": {
            "ENCHDamageDealt": {
                "min": 40
            }
        }
    }
]