[
    {
        "condition": "minecraft:any_of",
        "terms": [
            {
                "condition": "minecraft:entity_properties",
                "entity": "this",
                "predicate": {
                    "equipment": {
                        "mainhand": {
                            "nbt": "{EnchantmentPlusData:{Veinminer:1b}}"
                        }
                    }
                }
            },
            {
                "condition": "minecraft:entity_properties",
                "entity": "this",
                "predicate": {
                    "equipment": {
                        "mainhand": {
                            "nbt": "{EnchantmentPlusData:{Veinminer:2b}}"
                        }
                    }
                }
            },
            {
                "condition": "minecraft:entity_properties",
                "entity": "this",
                "predicate": {
                    "equipment": {
                        "mainhand": {
                            "nbt": "{EnchantmentPlusData:{Veinminer:3b}}"
                        }
                    }
                }
            },
            {
                "condition": "minecraft:entity_properties",
                "entity": "this",
                "predicate": {
                    "equipment": {
                        "mainhand": {
                            "nbt": "{EnchantmentPlusData:{Veinminer:4b}}"
                        }
                    }
                }
            },
            {
                "condition": "minecraft:entity_properties",
                "entity": "this",
                "predicate": {
                    "equipment": {
                        "mainhand": {
                            "nbt": "{EnchantmentPlusData:{Veinminer:5b}}"
                        }
                    }
                }
            }
        ]
    },
    {
        "condition": "minecraft:entity_scores",
        "entity": "this",
        "scores": {
            "ENCHVeinminerOff": {
                "min": 0,
                "max": 0
            }
        }
    },
    {
        "condition": "minecraft:reference",
        "name": "enchantmentplus:options/veinminer/all"
    },
    {
        "condition": "minecraft:inverted",
        "term": {
            "condition": "minecraft:reference",
            "name": "enchantmentplus:kill"
        }
    },
    {
        "condition": "minecraft:reference",
        "name": "enchantmentplus:usage/pickaxe"
    },
    {
        "condition": "minecraft:any_of",
        "terms": [
            {
                "condition": "minecraft:entity_scores",
                "entity": "this",
                "scores": {
                    "ENCHCoal": {
                        "min": 1
                    }
                }
            },
            {
                "condition": "minecraft:entity_scores",
                "entity": "this",
                "scores": {
                    "ENCHCoal2": {
                        "min": 1
                    }
                }
            },
            {
                "condition": "minecraft:entity_scores",
                "entity": "this",
                "scores": {
                    "ENCHCopper": {
                        "min": 1
                    }
                }
            },
            {
                "condition": "minecraft:entity_scores",
                "entity": "this",
                "scores": {
                    "ENCHCopper2": {
                        "min": 1
                    }
                }
            },
            {
                "condition": "minecraft:entity_scores",
                "entity": "this",
                "scores": {
                    "ENCHIron": {
                        "min": 1
                    }
                }
            },
            {
                "condition": "minecraft:entity_scores",
                "entity": "this",
                "scores": {
                    "ENCHIron2": {
                        "min": 1
                    }
                }
            },
            {
                "condition": "minecraft:entity_scores",
                "entity": "this",
                "scores": {
                    "ENCHGold": {
                        "min": 1
                    }
                }
            },
            {
                "condition": "minecraft:entity_scores",
                "entity": "this",
                "scores": {
                    "ENCHGold2": {
                        "min": 1
                    }
                }
            },
            {
                "condition": "minecraft:entity_scores",
                "entity": "this",
                "scores": {
                    "ENCHGold3": {
                        "min": 1
                    }
                }
            },
            {
                "condition": "minecraft:entity_scores",
                "entity": "this",
                "scores": {
                    "ENCHDiamond": {
                        "min": 1
                    }
                }
            },
            {
                "condition": "minecraft:entity_scores",
                "entity": "this",
                "scores": {
                    "ENCHDiamond2": {
                        "min": 1
                    }
                }
            },
            {
                "condition": "minecraft:entity_scores",
                "entity": "this",
                "scores": {
                    "ENCHEmerald": {
                        "min": 1
                    }
                }
            },
            {
                "condition": "minecraft:entity_scores",
                "entity": "this",
                "scores": {
                    "ENCHEmerald2": {
                        "min": 1
                    }
                }
            },
            {
                "condition": "minecraft:entity_scores",
                "entity": "this",
                "scores": {
                    "ENCHRedstone": {
                        "min": 1
                    }
                }
            },
            {
                "condition": "minecraft:entity_scores",
                "entity": "this",
                "scores": {
                    "ENCHRedstone2": {
                        "min": 1
                    }
                }
            },
            {
                "condition": "minecraft:entity_scores",
                "entity": "this",
                "scores": {
                    "ENCHQuartz": {
                        "min": 1
                    }
                }
            },
            {
                "condition": "minecraft:entity_scores",
                "entity": "this",
                "scores": {
                    "ENCHLapis": {
                        "min": 1
                    }
                }
            },
            {
                "condition": "minecraft:entity_scores",
                "entity": "this",
                "scores": {
                    "ENCHLapis2": {
                        "min": 1
                    }
                }
            },
            {
                "condition": "minecraft:entity_scores",
                "entity": "this",
                "scores": {
                    "ENCHDebris": {
                        "min": 1
                    }
                }
            },
            {
                "condition": "minecraft:entity_scores",
                "entity": "this",
                "scores": {
                    "ENCHClay": {
                        "min": 1
                    }
                }
            },
            {
                "condition": "minecraft:entity_scores",
                "entity": "this",
                "scores": {
                    "ENCHGlowstone": {
                        "min": 1
                    }
                }
            },
            {
                "condition": "minecraft:entity_scores",
                "entity": "this",
                "scores": {
                    "ENCHGravel": {
                        "min": 1
                    }
                }
            },
            {
                "condition": "minecraft:entity_scores",
                "entity": "this",
                "scores": {
                    "ENCHMagma": {
                        "min": 1
                    }
                }
            },
            {
                "condition": "minecraft:entity_scores",
                "entity": "this",
                "scores": {
                    "ENCHAndesite": {
                        "min": 1
                    }
                }
            },
            {
                "condition": "minecraft:entity_scores",
                "entity": "this",
                "scores": {
                    "ENCHDiorite": {
                        "min": 1
                    }
                }
            },
            {
                "condition": "minecraft:entity_scores",
                "entity": "this",
                "scores": {
                    "ENCHGranite": {
                        "min": 1
                    }
                }
            },
            {
                "condition": "minecraft:entity_scores",
                "entity": "this",
                "scores": {
                    "ENCHAmethyst": {
                        "min": 1
                    }
                }
            }
        ]
    }
]