[
  {
    "condition": "minecraft:any_of",
    "terms": [
      {
        "condition": "minecraft:location_check",
        "offsetX": 1,
        "predicate": {
          "block": {
            "blocks": "minecraft:hopper",
            "state": {
              "facing": "west"
            }
          }
        }
      },
      {
        "condition": "minecraft:location_check",
        "offsetX": -1,
        "predicate": {
          "block": {
            "blocks": "minecraft:hopper",
            "state": {
              "facing": "east"
            }
          }
        }
      },
      {
        "condition": "minecraft:location_check",
        "offsetZ": 1,
        "predicate": {
          "block": {
            "blocks": "minecraft:hopper",
            "state": {
              "facing": "north"
            }
          }
        }
      },
      {
        "condition": "minecraft:location_check",
        "offsetZ": -1,
        "predicate": {
          "block": {
            "blocks": "minecraft:hopper",
            "state": {
              "facing": "south"
            }
          }
        }
      },
      {
        "condition": "minecraft:location_check",
        "offsetY": 1,
        "predicate": {
          "block": {
            "blocks": "minecraft:hopper",
            "state": {
              "facing": "down"
            }
          }
        }
      },
      {
        "condition": "minecraft:location_check",
        "offsetY": -1,
        "predicate": {
          "block": {
            "blocks": "minecraft:hopper"
          }
        }
      },
      {
        "condition": "minecraft:location_check",
        "offsetX": 1,
        "predicate": {
          "block": {
            "blocks": "minecraft:dropper",
            "state": {
              "facing": "west"
            }
          }
        }
      },
      {
        "condition": "minecraft:location_check",
        "offsetX": -1,
        "predicate": {
          "block": {
            "blocks": "minecraft:dropper",
            "state": {
              "facing": "east"
            }
          }
        }
      },
      {
        "condition": "minecraft:location_check",
        "offsetZ": 1,
        "predicate": {
          "block": {
            "blocks": "minecraft:dropper",
            "state": {
              "facing": "north"
            }
          }
        }
      },
      {
        "condition": "minecraft:location_check",
        "offsetZ": -1,
        "predicate": {
          "block": {
            "blocks": "minecraft:dropper",
            "state": {
              "facing": "south"
            }
          }
        }
      },
      {
        "condition": "minecraft:location_check",
        "offsetY": 1,
        "predicate": {
          "block": {
            "blocks": "minecraft:dropper",
            "state": {
              "facing": "down"
            }
          }
        }
      },
      {
        "condition": "minecraft:location_check",
        "offsetY": -1,
        "predicate": {
          "block": {
            "blocks": "minecraft:dropper",
            "facing": "up"
          }
        }
      }
    ]
  }
]
