{
    "display": {
        "title": {
            "translate": "desc.enchantmentplus.datapack_title"
        },
        "description": {
            "translate": "desc.enchantmentplus.datapack_description"
        },
        "icon": {
            "id": "minecraft:enchanted_book"
        },
        "announce_to_chat": false,
        "show_toast": false
    },
    "parent": "global:wyvernity",
    "criteria": {
        "trigger": {
            "trigger": "minecraft:tick"
        }
    }
}