{
    "structures": [
      {
        "structure": "minecraft:village_plains",
        "weight": 1
      },
      {
        "structure": "minecraft:village_desert",
        "weight": 1
      },
      {
        "structure": "minecraft:village_savanna",
        "weight": 1
      },
      {
        "structure": "minecraft:village_snowy",
        "weight": 1
      },
      {
        "structure": "minecraft:village_taiga",
        "weight": 1
      }
    ],
    "placement": {
      "type": "minecraft:random_spread",
      "salt": 10387312,
      "exclusion_zone": {
        "other_set": "terralith:rare_village",
        "chunk_count": 8
      },
      "spacing": 26,
      "separation": 8
    }
  }
  