{
    "display": {
        "title": {
            "translate": "desc.enchantmentplus.datapack_title"
        },
        "description": {
            "translate": "desc.enchantmentplus.datapack_description"
        },
        "icon": {
            "id": "minecraft:book",
            "components": {
                "minecraft:item_model": "enchantmentplus:tome_of_disenchanting",
                "minecraft:enchantment_glint_override": true
            }
        },
        "announce_to_chat": false,
        "show_toast": false
    },
    "parent": "global:wyvernity",
    "criteria": {
        "trigger": {
            "trigger": "minecraft:tick"
        }
    }
}