{
    "criteria": {
        "arrow": {
            "trigger": "minecraft:shot_crossbow",
            "conditions": {
                "item": {
                    "nbt": "{EnchantmentPlusData:{Enchantments:[{id:\"enchantmentplus:amplified_shot\"}]},ChargedProjectiles:[{id:\"minecraft:arrow\"}]}"
                },
                "player": [
                    {
                        "condition": "minecraft:entity_scores",
                        "entity": "this",
                        "scores": {
                            "ENCHAmplifiedShotOff": 0
                        }
                    }
                ]
            }
        },
        "spectral_arrow": {
            "trigger": "minecraft:shot_crossbow",
            "conditions": {
                "item": {
                    "nbt": "{EnchantmentPlusData:{Enchantments:[{id:\"enchantmentplus:amplified_shot\"}]},ChargedProjectiles:[{id:\"minecraft:spectral_arrow\"}]}"
                },
                "player": [
                    {
                        "condition": "minecraft:entity_scores",
                        "entity": "this",
                        "scores": {
                            "ENCHAmplifiedShotOff": 0
                        }
                    }
                ]
            }
        },
        "tipped_arrow": {
            "trigger": "minecraft:shot_crossbow",
            "conditions": {
                "item": {
                    "nbt": "{EnchantmentPlusData:{Enchantments:[{id:\"enchantmentplus:amplified_shot\"}]},ChargedProjectiles:[{id:\"minecraft:tipped_arrow\"}]}"
                },
                "player": [
                    {
                        "condition": "minecraft:entity_scores",
                        "entity": "this",
                        "scores": {
                            "ENCHAmplifiedShotOff": 0
                        }
                    }
                ]
            }
        }
    },
    "requirements": [
        [
            "arrow",
            "spectral_arrow",
            "tipped_arrow"
        ]
    ]
}