{
	"criteria": {
		"requirement": {
			"trigger": "minecraft:using_item",
			"conditions": {
				"player": [
					{
						"condition": "minecraft:entity_properties",
						"entity": "this",
						"predicate": {
							"equipment": {
								"mainhand": {
									"nbt": "{EnchantmentPlusData:{Enchantments:[{id:\"enchantmentplus:judgment_shot\"}]}}"
								}
							}
						}
					}
				]
			}
		}
	},
	"rewards": {
		"function": "enchantmentplus:custom/judgment_shot/use"
	}
}
