{
  "sea_level": -96,
  "disable_mob_generation": false,
  "aquifers_enabled": false,
  "ore_veins_enabled": false,
  "legacy_random_source": false,
  "default_block": {
    "Name": "minecraft:end_stone"
  },
  "default_fluid": {
    "Name": "minecraft:air"
  },
  "noise": {
    "min_y": 0,
    "height": 288,
    "size_horizontal": 1,
    "size_vertical": 1
  },
  "surface_rule": {
    "type": "minecraft:sequence",
    "sequence": [
      {
        "type": "minecraft:sequence",
        "sequence": [
          {
            "type": "minecraft:condition",
            "if_true": {
              "type": "minecraft:biome",
              "biome_is": [
                "nullscape:shadowlands"
              ]
            },
            "then_run": {
              "type": "minecraft:sequence",
              "sequence": [
                {
                  "type": "minecraft:condition",
                  "if_true": {
                    "type": "minecraft:stone_depth",
                    "offset": 7,
                    "surface_type": "ceiling",
                    "add_surface_depth": true,
                    "secondary_depth_range": 6
                  },
                  "then_run": {
                    "type": "minecraft:sequence",
                    "sequence": [
                      {
                        "type": "minecraft:condition",
                        "if_true": {
                          "type": "minecraft:noise_threshold",
                          "noise": "nullscape:shadowlands/fire",
                          "min_threshold": 0.2,
                          "max_threshold": 1e+308
                        },
                        "then_run": {
                          "type": "minecraft:block",
                          "result_state": {
                            "Name": "minecraft:dead_fire_coral_block"
                          }
                        }
                      },
                      {
                        "type": "minecraft:condition",
                        "if_true": {
                          "type": "minecraft:noise_threshold",
                          "noise": "nullscape:shadowlands/bubble",
                          "min_threshold": 0.15,
                          "max_threshold": 1e+308
                        },
                        "then_run": {
                          "type": "minecraft:block",
                          "result_state": {
                            "Name": "minecraft:dead_bubble_coral_block"
                          }
                        }
                      },
                      {
                        "type": "minecraft:condition",
                        "if_true": {
                          "type": "minecraft:noise_threshold",
                          "noise": "nullscape:shadowlands/horn",
                          "min_threshold": 0.1,
                          "max_threshold": 1e+308
                        },
                        "then_run": {
                          "type": "minecraft:block",
                          "result_state": {
                            "Name": "minecraft:dead_horn_coral_block"
                          }
                        }
                      },
                      {
                        "type": "minecraft:block",
                        "result_state": {
                          "Name": "minecraft:dead_tube_coral_block"
                        }
                      }
                    ]
                  }
                },
                {
                  "type": "minecraft:condition",
                  "if_true": {
                    "type": "minecraft:stone_depth",
                    "offset": 7,
                    "surface_type": "floor",
                    "add_surface_depth": true,
                    "secondary_depth_range": 6
                  },
                  "then_run": {
                    "type": "minecraft:sequence",
                    "sequence": [
                      {
                        "type": "minecraft:condition",
                        "if_true": {
                          "type": "minecraft:noise_threshold",
                          "noise": "nullscape:shadowlands/fire",
                          "min_threshold": 0.2,
                          "max_threshold": 1e+308
                        },
                        "then_run": {
                          "type": "minecraft:block",
                          "result_state": {
                            "Name": "minecraft:dead_fire_coral_block"
                          }
                        }
                      },
                      {
                        "type": "minecraft:condition",
                        "if_true": {
                          "type": "minecraft:noise_threshold",
                          "noise": "nullscape:shadowlands/bubble",
                          "min_threshold": 0.15,
                          "max_threshold": 1e+308
                        },
                        "then_run": {
                          "type": "minecraft:block",
                          "result_state": {
                            "Name": "minecraft:dead_bubble_coral_block"
                          }
                        }
                      },
                      {
                        "type": "minecraft:condition",
                        "if_true": {
                          "type": "minecraft:noise_threshold",
                          "noise": "nullscape:shadowlands/horn",
                          "min_threshold": 0.1,
                          "max_threshold": 1e+308
                        },
                        "then_run": {
                          "type": "minecraft:block",
                          "result_state": {
                            "Name": "minecraft:dead_horn_coral_block"
                          }
                        }
                      },
                      {
                        "type": "minecraft:block",
                        "result_state": {
                          "Name": "minecraft:dead_tube_coral_block"
                        }
                      }
                    ]
                  }
                }
              ]
            }
          },
          {
            "type": "minecraft:condition",
            "if_true": {
              "type": "minecraft:biome",
              "biome_is": [
                "nullscape:void_barrens"
              ]
            },
            "then_run": {
              "type": "minecraft:sequence",
              "sequence": [
                {
                  "type": "minecraft:condition",
                  "if_true": {
                    "type": "minecraft:noise_threshold",
                    "noise": "nullscape:crystal/surface",
                    "min_threshold": -0.25,
                    "max_threshold": 0.25
                  },
                  "then_run": {
                    "type": "minecraft:block",
                    "result_state": {
                      "Name": "minecraft:blackstone"
                    }
                  }
                },
                {
                  "type": "minecraft:condition",
                  "if_true": {
                    "type": "minecraft:noise_threshold",
                    "noise": "nullscape:crystal/surface",
                    "min_threshold": -0.575,
                    "max_threshold": 0.575
                  },
                  "then_run": {
                    "type": "minecraft:block",
                    "result_state": {
                      "Name": "minecraft:smooth_basalt"
                    }
                  }
                },
                {
                  "type": "minecraft:condition",
                  "if_true": {
                    "type": "minecraft:noise_threshold",
                    "noise": "nullscape:crystal/surface",
                    "min_threshold": -1e+308,
                    "max_threshold": 1e+308
                  },
                  "then_run": {
                    "type": "minecraft:block",
                    "result_state": {
                      "Name": "minecraft:basalt",
                      "Properties": {
                        "axis": "y"
                      }
                    }
                  }
                }
              ]
            }
          }
        ]
      },
      {
        "type": "minecraft:condition",
        "if_true": {
          "type": "minecraft:biome",
          "biome_is": [
            "nullscape:crystal_peaks"
          ]
        },
        "then_run": {
          "type": "minecraft:block",
          "result_state": {
            "Name": "minecraft:blackstone"
          }
        }
      },
      {
        "type": "minecraft:block",
        "result_state": {
          "Name": "minecraft:end_stone"
        }
      }
    ]
  },
  "noise_router": {
    "final_density": 

    {
      "type":"max",
      "argument1":{
      "argument1": {
        "argument": {
          "argument1": 0.64,
          "argument2": 
          {
            "argument": {
              "argument": {
                "type": "minecraft:add",
                "argument1": {
                  "type": "minecraft:mul",
                  "argument1": {
                    "type": "minecraft:y_clamped_gradient",
                    "from_y": 4,
                    "to_y": 32,
                    "from_value": 0,
                    "to_value": 1
                  },
                  "argument2": {
                    "type": "minecraft:add",
                    "argument1": {
                      "type": "minecraft:add",
                      "argument1": {
                        "type": "minecraft:mul",
                        "argument1": {
                          "type": "minecraft:y_clamped_gradient",
                          "from_y": 256,
                          "to_y": 300,
                          "from_value": 1,
                          "to_value": 0
                        },
                        "argument2": {
                          "type": "minecraft:add",
                          "argument1": {
                            "max_exclusive": 1.5625,
                            "when_in_range": "nullscape:sloped_cheese",
                            "when_out_of_range": "nullscape:sloped_cheese",
                            "input": "nullscape:sloped_cheese",
                            "min_inclusive": -1000000,
                            "type": "minecraft:range_choice"
                          },
                          "argument2": 10
                        }
                      },
                      "argument2": -10
                    },
                    "argument2": 0.234375
                  }
                },
                "argument2": -0.234375
              },
              "type": "minecraft:blend_density"
            },
            "type": "minecraft:interpolated"
          },

          "type": "minecraft:mul"
        },
        "type": "minecraft:squeeze"
      },
      "argument2": 
      {
        "type":"min",
        "argument1":"nullscape:porosity/cheese",
      "argument2":
      {"type":"min",
        "argument1":
      "nullscape:brittleness/shatter",
      "argument2":{"type":"interpolated","argument":"nullscape:void/void_gauntlet"}}
    },
      "type": "minecraft:min"
    },
    "argument2":{"type":"interpolated","argument":"nullscape:island/island"}
  },
    "vein_toggle": 0,
    "vein_ridged": 0,
    "vein_gap": 0,
    "erosion": "minecraft:overworld/erosion",
    "depth": 

    {
  "type": "minecraft:max",
  "argument1": {
    "type": "minecraft:range_choice",
    "input": {
      "type": "minecraft:y_clamped_gradient",
      "from_y": 0,
      "to_y": 384,
      "from_value": 0,
      "to_value": 384
    },
    "min_inclusive": 0,
    "max_exclusive": 4,
    "when_in_range": 40,
    "when_out_of_range": "nullscape:depth"
  },
  "argument2": "nullscape:void/emergency_exit"
}




    ,
    "ridges": "minecraft:overworld/ridges",
    "initial_density_without_jaggedness": {
      "argument1": 4,
      "argument2": {
        "argument": {
          "argument1": "nullscape:base/depth",
          "argument2": {
            "argument": "nullscape:base/factor",
            "type": "minecraft:cache_2d"
          },
          "type": "minecraft:mul"
        },
        "type": "minecraft:quarter_negative"
      },
      "type": "minecraft:mul"
    },
    "lava": 0,
    "temperature": {
      "xz_scale": 0.25,
      "y_scale": 0,
      "noise": "nullscape:terrain/temperature",
      "shift_x": "minecraft:shift_x",
      "shift_y": 0,
      "shift_z": "minecraft:shift_z",
      "type": "minecraft:shifted_noise"
    },
    "vegetation": {
      "xz_scale": 0.25,
      "y_scale": 0,
      "noise": "nullscape:terrain/vegetation",
      "shift_x": "minecraft:shift_x",
      "shift_y": 0,
      "shift_z": "minecraft:shift_z",
      "type": "minecraft:shifted_noise"
    },
    "continents": "nullscape:base/continents",
    "barrier": 0,
    "fluid_level_floodedness": 0,
    "fluid_level_spread": 0
  },
  "spawn_target": [
    {
      "erosion": [
        -1,
        1
      ],
      "depth": 0,
      "weirdness": [
        -1,
        -0.16
      ],
      "offset": 0,
      "temperature": [
        -1,
        1
      ],
      "humidity": [
        -1,
        1
      ],
      "continentalness": [
        -0.11,
        1
      ]
    },
    {
      "erosion": [
        -1,
        1
      ],
      "depth": 0,
      "weirdness": [
        0.16,
        1
      ],
      "offset": 0,
      "temperature": [
        -1,
        1
      ],
      "humidity": [
        -1,
        1
      ],
      "continentalness": [
        -0.11,
        1
      ]
    }
  ]
}
