{
  "condition": "minecraft:any_of",
  "terms": [
    {
      "condition": "minecraft:entity_scores",
      "entity": "this",
      "scores": {
        "pk.waystones.player_setting.hide_coordinates": {
          "min": 1,
          "max": 1
        }
      }
    },
    {
      "condition": "minecraft:all_of",
      "terms": [
        {
          "condition": "minecraft:value_check",
          "value": {
            "type": "minecraft:score",
            "target": {
              "type": "minecraft:fixed",
              "name": "$pk.waystones.settings.hide_coordinates"
            },
            "score": "pk.value"
          },
          "range": 1
        },
        {
          "condition": "minecraft:inverted",
          "term": {
            "condition": "minecraft:entity_properties",
            "entity": "this",
            "predicate": {
              "nbt": "{Tags:[\"pk.waystones.manager\"]}"
            }
          }
        }
      ]
    }
  ]
}