{
  "anvil_cost": 4,
  "description": {
    "translate": "enchantment.minecraft.luck_of_the_sea"
  },
  "effects": {
    "minecraft:fishing_luck_bonus": [
      {
        "effect": {
          "type": "minecraft:add",
          "value": {
            "type": "minecraft:linear",
            "base": 1.0,
            "per_level_above_first": 1.0
          }
        }
      }
    ]
  },
  "max_cost": {
    "base": 65,
    "per_level_above_first": 9
  },
  "max_level": 6,
  "min_cost": {
    "base": 15,
    "per_level_above_first": 9
  },
  "slots": [
    "mainhand"
  ],
  "supported_items": "#minecraft:enchantable/fishing",
  "weight": 2
}