{
    "condition": "minecraft:any_of",
    "terms": [
        {
            "condition": "minecraft:all_of",
            "terms": [
                {
                    "condition": "minecraft:entity_properties",
                    "entity": "this",
                    "predicate": {
                        "equipment": {
                            "head": {
                                "items": [
                                    "minecraft:netherite_helmet"
                                ]
                            }
                        }
                    }
                },
                {
                    "condition": "minecraft:inverted",
                    "term": {
                        "condition": "minecraft:entity_properties",
                        "entity": "this",
                        "predicate": {
                            "equipment": {
                                "head": {
                                    "nbt": "{AttributeModifiers:[{Name:\"minecraft:generic.knockback_resistance\"}]}"
                                }
                            }
                        }
                    }
                }
            ]
        },
        {
            "condition": "minecraft:all_of",
            "terms": [
                {
                    "condition": "minecraft:entity_properties",
                    "entity": "this",
                    "predicate": {
                        "equipment": {
                            "chest": {
                                "items": [
                                    "minecraft:netherite_chestplate"
                                ]
                            }
                        }
                    }
                },
                {
                    "condition": "minecraft:inverted",
                    "term": {
                        "condition": "minecraft:entity_properties",
                        "entity": "this",
                        "predicate": {
                            "equipment": {
                                "chest": {
                                    "nbt": "{AttributeModifiers:[{Name:\"minecraft:generic.knockback_resistance\"}]}"
                                }
                            }
                        }
                    }
                }
            ]
        },
        {
            "condition": "minecraft:all_of",
            "terms": [
                {
                    "condition": "minecraft:entity_properties",
                    "entity": "this",
                    "predicate": {
                        "equipment": {
                            "legs": {
                                "items": [
                                    "minecraft:netherite_leggings"
                                ]
                            }
                        }
                    }
                },
                {
                    "condition": "minecraft:inverted",
                    "term": {
                        "condition": "minecraft:entity_properties",
                        "entity": "this",
                        "predicate": {
                            "equipment": {
                                "legs": {
                                    "nbt": "{AttributeModifiers:[{Name:\"minecraft:generic.knockback_resistance\"}]}"
                                }
                            }
                        }
                    }
                }
            ]
        },
        {
            "condition": "minecraft:all_of",
            "terms": [
                {
                    "condition": "minecraft:entity_properties",
                    "entity": "this",
                    "predicate": {
                        "equipment": {
                            "feet": {
                                "items": [
                                    "minecraft:netherite_boots"
                                ]
                            }
                        }
                    }
                },
                {
                    "condition": "minecraft:inverted",
                    "term": {
                        "condition": "minecraft:entity_properties",
                        "entity": "this",
                        "predicate": {
                            "equipment": {
                                "feet": {
                                    "nbt": "{AttributeModifiers:[{Name:\"minecraft:generic.knockback_resistance\"}]}"
                                }
                            }
                        }
                    }
                }
            ]
        }
    ]
}