[
    {
        "condition": "minecraft:any_of",
        "terms": [
            {
                "condition": "minecraft:reference",
                "name": "enchantmentplus:recipes/tools/swords"
            },
            {
                "condition": "minecraft:reference",
                "name": "enchantmentplus:recipes/tools/pickaxes"
            },
            {
                "condition": "minecraft:reference",
                "name": "enchantmentplus:recipes/tools/axes"
            },
            {
                "condition": "minecraft:reference",
                "name": "enchantmentplus:recipes/tools/shovels"
            },
            {
                "condition": "minecraft:reference",
                "name": "enchantmentplus:recipes/tools/hoes"
            },
            {
                "condition": "minecraft:location_check",
                "predicate": {
                    "block": {
                        "nbt": "{Items:[{Slot:11b,id:\"minecraft:shears\"}]}"
                    }
                }
            },
            {
                "condition": "minecraft:location_check",
                "predicate": {
                    "block": {
                        "nbt": "{Items:[{Slot:11b,id:\"minecraft:trident\"}]}"
                    }
                }
            },
            {
                "condition": "minecraft:location_check",
                "predicate": {
                    "block": {
                        "nbt": "{Items:[{Slot:11b,id:\"minecraft:bow\"}]}"
                    }
                }
            },
            {
                "condition": "minecraft:location_check",
                "predicate": {
                    "block": {
                        "nbt": "{Items:[{Slot:11b,id:\"minecraft:crossbow\"}]}"
                    }
                }
            }
        ]
    },
    {
        "condition": "minecraft:inverted",
        "term": {
            "condition": "minecraft:location_check",
            "predicate": {
                "block": {
                    "nbt": "{Items:[{Slot:11b,tag:{EnchantmentPlusData:{Enchantments:[{id:\"enchantmentplus:direct\"}]}}}]}"
                }
            }
        }
    },
    {
        "condition": "minecraft:inverted",
        "term": {
            "condition": "minecraft:location_check",
            "predicate": {
                "block": {
                    "nbt": "{Items:[{Slot:1b}]}"
                }
            }
        }
    },
    {
        "condition": "minecraft:inverted",
        "term": {
            "condition": "minecraft:location_check",
            "predicate": {
                "block": {
                    "nbt": "{Items:[{Slot:3b}]}"
                }
            }
        }
    },
    {
        "condition": "minecraft:inverted",
        "term": {
            "condition": "minecraft:location_check",
            "predicate": {
                "block": {
                    "nbt": "{Items:[{Slot:19b}]}"
                }
            }
        }
    },
    {
        "condition": "minecraft:inverted",
        "term": {
            "condition": "minecraft:location_check",
            "predicate": {
                "block": {
                    "nbt": "{Items:[{Slot:21b}]}"
                }
            }
        }
    },
    {
        "condition": "minecraft:any_of",
        "terms": [
            {
                "condition": "minecraft:location_check",
                "predicate": {
                    "block": {
                        "nbt": "{Items:[{Slot:2b,id:\"minecraft:emerald\",Count:20b}]}"
                    }
                }
            },
            {
                "condition": "minecraft:location_check",
                "predicate": {
                    "block": {
                        "nbt": "{Items:[{Slot:2b,id:\"minecraft:emerald\",Count:21b}]}"
                    }
                }
            },
            {
                "condition": "minecraft:location_check",
                "predicate": {
                    "block": {
                        "nbt": "{Items:[{Slot:2b,id:\"minecraft:emerald\",Count:22b}]}"
                    }
                }
            },
            {
                "condition": "minecraft:location_check",
                "predicate": {
                    "block": {
                        "nbt": "{Items:[{Slot:2b,id:\"minecraft:emerald\",Count:23b}]}"
                    }
                }
            },
            {
                "condition": "minecraft:location_check",
                "predicate": {
                    "block": {
                        "nbt": "{Items:[{Slot:2b,id:\"minecraft:emerald\",Count:24b}]}"
                    }
                }
            },
            {
                "condition": "minecraft:location_check",
                "predicate": {
                    "block": {
                        "nbt": "{Items:[{Slot:2b,id:\"minecraft:emerald\",Count:25b}]}"
                    }
                }
            },
            {
                "condition": "minecraft:location_check",
                "predicate": {
                    "block": {
                        "nbt": "{Items:[{Slot:2b,id:\"minecraft:emerald\",Count:26b}]}"
                    }
                }
            },
            {
                "condition": "minecraft:location_check",
                "predicate": {
                    "block": {
                        "nbt": "{Items:[{Slot:2b,id:\"minecraft:emerald\",Count:27b}]}"
                    }
                }
            },
            {
                "condition": "minecraft:location_check",
                "predicate": {
                    "block": {
                        "nbt": "{Items:[{Slot:2b,id:\"minecraft:emerald\",Count:28b}]}"
                    }
                }
            },
            {
                "condition": "minecraft:location_check",
                "predicate": {
                    "block": {
                        "nbt": "{Items:[{Slot:2b,id:\"minecraft:emerald\",Count:29b}]}"
                    }
                }
            },
            {
                "condition": "minecraft:location_check",
                "predicate": {
                    "block": {
                        "nbt": "{Items:[{Slot:2b,id:\"minecraft:emerald\",Count:30b}]}"
                    }
                }
            },
            {
                "condition": "minecraft:location_check",
                "predicate": {
                    "block": {
                        "nbt": "{Items:[{Slot:2b,id:\"minecraft:emerald\",Count:31b}]}"
                    }
                }
            },
            {
                "condition": "minecraft:location_check",
                "predicate": {
                    "block": {
                        "nbt": "{Items:[{Slot:2b,id:\"minecraft:emerald\",Count:32b}]}"
                    }
                }
            },
            {
                "condition": "minecraft:location_check",
                "predicate": {
                    "block": {
                        "nbt": "{Items:[{Slot:2b,id:\"minecraft:emerald\",Count:33b}]}"
                    }
                }
            },
            {
                "condition": "minecraft:location_check",
                "predicate": {
                    "block": {
                        "nbt": "{Items:[{Slot:2b,id:\"minecraft:emerald\",Count:34b}]}"
                    }
                }
            },
            {
                "condition": "minecraft:location_check",
                "predicate": {
                    "block": {
                        "nbt": "{Items:[{Slot:2b,id:\"minecraft:emerald\",Count:35b}]}"
                    }
                }
            },
            {
                "condition": "minecraft:location_check",
                "predicate": {
                    "block": {
                        "nbt": "{Items:[{Slot:2b,id:\"minecraft:emerald\",Count:36b}]}"
                    }
                }
            },
            {
                "condition": "minecraft:location_check",
                "predicate": {
                    "block": {
                        "nbt": "{Items:[{Slot:2b,id:\"minecraft:emerald\",Count:37b}]}"
                    }
                }
            },
            {
                "condition": "minecraft:location_check",
                "predicate": {
                    "block": {
                        "nbt": "{Items:[{Slot:2b,id:\"minecraft:emerald\",Count:38b}]}"
                    }
                }
            },
            {
                "condition": "minecraft:location_check",
                "predicate": {
                    "block": {
                        "nbt": "{Items:[{Slot:2b,id:\"minecraft:emerald\",Count:39b}]}"
                    }
                }
            },
            {
                "condition": "minecraft:location_check",
                "predicate": {
                    "block": {
                        "nbt": "{Items:[{Slot:2b,id:\"minecraft:emerald\",Count:40b}]}"
                    }
                }
            },
            {
                "condition": "minecraft:location_check",
                "predicate": {
                    "block": {
                        "nbt": "{Items:[{Slot:2b,id:\"minecraft:emerald\",Count:41b}]}"
                    }
                }
            },
            {
                "condition": "minecraft:location_check",
                "predicate": {
                    "block": {
                        "nbt": "{Items:[{Slot:2b,id:\"minecraft:emerald\",Count:42b}]}"
                    }
                }
            },
            {
                "condition": "minecraft:location_check",
                "predicate": {
                    "block": {
                        "nbt": "{Items:[{Slot:2b,id:\"minecraft:emerald\",Count:43b}]}"
                    }
                }
            },
            {
                "condition": "minecraft:location_check",
                "predicate": {
                    "block": {
                        "nbt": "{Items:[{Slot:2b,id:\"minecraft:emerald\",Count:44b}]}"
                    }
                }
            },
            {
                "condition": "minecraft:location_check",
                "predicate": {
                    "block": {
                        "nbt": "{Items:[{Slot:2b,id:\"minecraft:emerald\",Count:45b}]}"
                    }
                }
            },
            {
                "condition": "minecraft:location_check",
                "predicate": {
                    "block": {
                        "nbt": "{Items:[{Slot:2b,id:\"minecraft:emerald\",Count:46b}]}"
                    }
                }
            },
            {
                "condition": "minecraft:location_check",
                "predicate": {
                    "block": {
                        "nbt": "{Items:[{Slot:2b,id:\"minecraft:emerald\",Count:47b}]}"
                    }
                }
            },
            {
                "condition": "minecraft:location_check",
                "predicate": {
                    "block": {
                        "nbt": "{Items:[{Slot:2b,id:\"minecraft:emerald\",Count:48b}]}"
                    }
                }
            },
            {
                "condition": "minecraft:location_check",
                "predicate": {
                    "block": {
                        "nbt": "{Items:[{Slot:2b,id:\"minecraft:emerald\",Count:49b}]}"
                    }
                }
            },
            {
                "condition": "minecraft:location_check",
                "predicate": {
                    "block": {
                        "nbt": "{Items:[{Slot:2b,id:\"minecraft:emerald\",Count:50b}]}"
                    }
                }
            },
            {
                "condition": "minecraft:location_check",
                "predicate": {
                    "block": {
                        "nbt": "{Items:[{Slot:2b,id:\"minecraft:emerald\",Count:51b}]}"
                    }
                }
            },
            {
                "condition": "minecraft:location_check",
                "predicate": {
                    "block": {
                        "nbt": "{Items:[{Slot:2b,id:\"minecraft:emerald\",Count:52b}]}"
                    }
                }
            },
            {
                "condition": "minecraft:location_check",
                "predicate": {
                    "block": {
                        "nbt": "{Items:[{Slot:2b,id:\"minecraft:emerald\",Count:53b}]}"
                    }
                }
            },
            {
                "condition": "minecraft:location_check",
                "predicate": {
                    "block": {
                        "nbt": "{Items:[{Slot:2b,id:\"minecraft:emerald\",Count:54b}]}"
                    }
                }
            },
            {
                "condition": "minecraft:location_check",
                "predicate": {
                    "block": {
                        "nbt": "{Items:[{Slot:2b,id:\"minecraft:emerald\",Count:55b}]}"
                    }
                }
            },
            {
                "condition": "minecraft:location_check",
                "predicate": {
                    "block": {
                        "nbt": "{Items:[{Slot:2b,id:\"minecraft:emerald\",Count:56b}]}"
                    }
                }
            },
            {
                "condition": "minecraft:location_check",
                "predicate": {
                    "block": {
                        "nbt": "{Items:[{Slot:2b,id:\"minecraft:emerald\",Count:57b}]}"
                    }
                }
            },
            {
                "condition": "minecraft:location_check",
                "predicate": {
                    "block": {
                        "nbt": "{Items:[{Slot:2b,id:\"minecraft:emerald\",Count:58b}]}"
                    }
                }
            },
            {
                "condition": "minecraft:location_check",
                "predicate": {
                    "block": {
                        "nbt": "{Items:[{Slot:2b,id:\"minecraft:emerald\",Count:59b}]}"
                    }
                }
            },
            {
                "condition": "minecraft:location_check",
                "predicate": {
                    "block": {
                        "nbt": "{Items:[{Slot:2b,id:\"minecraft:emerald\",Count:60b}]}"
                    }
                }
            },
            {
                "condition": "minecraft:location_check",
                "predicate": {
                    "block": {
                        "nbt": "{Items:[{Slot:2b,id:\"minecraft:emerald\",Count:61b}]}"
                    }
                }
            },
            {
                "condition": "minecraft:location_check",
                "predicate": {
                    "block": {
                        "nbt": "{Items:[{Slot:2b,id:\"minecraft:emerald\",Count:62b}]}"
                    }
                }
            },
            {
                "condition": "minecraft:location_check",
                "predicate": {
                    "block": {
                        "nbt": "{Items:[{Slot:2b,id:\"minecraft:emerald\",Count:63b}]}"
                    }
                }
            },
            {
                "condition": "minecraft:location_check",
                "predicate": {
                    "block": {
                        "nbt": "{Items:[{Slot:2b,id:\"minecraft:emerald\",Count:64b}]}"
                    }
                }
            }
        ]
    },
    {
        "condition": "minecraft:any_of",
        "terms": [
            {
                "condition": "minecraft:location_check",
                "predicate": {
                    "block": {
                        "nbt": "{Items:[{Slot:10b,id:\"minecraft:chorus_fruit\",Count:32b}]}"
                    }
                }
            },
            {
                "condition": "minecraft:location_check",
                "predicate": {
                    "block": {
                        "nbt": "{Items:[{Slot:10b,id:\"minecraft:chorus_fruit\",Count:33b}]}"
                    }
                }
            },
            {
                "condition": "minecraft:location_check",
                "predicate": {
                    "block": {
                        "nbt": "{Items:[{Slot:10b,id:\"minecraft:chorus_fruit\",Count:34b}]}"
                    }
                }
            },
            {
                "condition": "minecraft:location_check",
                "predicate": {
                    "block": {
                        "nbt": "{Items:[{Slot:10b,id:\"minecraft:chorus_fruit\",Count:35b}]}"
                    }
                }
            },
            {
                "condition": "minecraft:location_check",
                "predicate": {
                    "block": {
                        "nbt": "{Items:[{Slot:10b,id:\"minecraft:chorus_fruit\",Count:36b}]}"
                    }
                }
            },
            {
                "condition": "minecraft:location_check",
                "predicate": {
                    "block": {
                        "nbt": "{Items:[{Slot:10b,id:\"minecraft:chorus_fruit\",Count:37b}]}"
                    }
                }
            },
            {
                "condition": "minecraft:location_check",
                "predicate": {
                    "block": {
                        "nbt": "{Items:[{Slot:10b,id:\"minecraft:chorus_fruit\",Count:38b}]}"
                    }
                }
            },
            {
                "condition": "minecraft:location_check",
                "predicate": {
                    "block": {
                        "nbt": "{Items:[{Slot:10b,id:\"minecraft:chorus_fruit\",Count:39b}]}"
                    }
                }
            },
            {
                "condition": "minecraft:location_check",
                "predicate": {
                    "block": {
                        "nbt": "{Items:[{Slot:10b,id:\"minecraft:chorus_fruit\",Count:40b}]}"
                    }
                }
            },
            {
                "condition": "minecraft:location_check",
                "predicate": {
                    "block": {
                        "nbt": "{Items:[{Slot:10b,id:\"minecraft:chorus_fruit\",Count:41b}]}"
                    }
                }
            },
            {
                "condition": "minecraft:location_check",
                "predicate": {
                    "block": {
                        "nbt": "{Items:[{Slot:10b,id:\"minecraft:chorus_fruit\",Count:42b}]}"
                    }
                }
            },
            {
                "condition": "minecraft:location_check",
                "predicate": {
                    "block": {
                        "nbt": "{Items:[{Slot:10b,id:\"minecraft:chorus_fruit\",Count:43b}]}"
                    }
                }
            },
            {
                "condition": "minecraft:location_check",
                "predicate": {
                    "block": {
                        "nbt": "{Items:[{Slot:10b,id:\"minecraft:chorus_fruit\",Count:44b}]}"
                    }
                }
            },
            {
                "condition": "minecraft:location_check",
                "predicate": {
                    "block": {
                        "nbt": "{Items:[{Slot:10b,id:\"minecraft:chorus_fruit\",Count:45b}]}"
                    }
                }
            },
            {
                "condition": "minecraft:location_check",
                "predicate": {
                    "block": {
                        "nbt": "{Items:[{Slot:10b,id:\"minecraft:chorus_fruit\",Count:46b}]}"
                    }
                }
            },
            {
                "condition": "minecraft:location_check",
                "predicate": {
                    "block": {
                        "nbt": "{Items:[{Slot:10b,id:\"minecraft:chorus_fruit\",Count:47b}]}"
                    }
                }
            },
            {
                "condition": "minecraft:location_check",
                "predicate": {
                    "block": {
                        "nbt": "{Items:[{Slot:10b,id:\"minecraft:chorus_fruit\",Count:48b}]}"
                    }
                }
            },
            {
                "condition": "minecraft:location_check",
                "predicate": {
                    "block": {
                        "nbt": "{Items:[{Slot:10b,id:\"minecraft:chorus_fruit\",Count:49b}]}"
                    }
                }
            },
            {
                "condition": "minecraft:location_check",
                "predicate": {
                    "block": {
                        "nbt": "{Items:[{Slot:10b,id:\"minecraft:chorus_fruit\",Count:50b}]}"
                    }
                }
            },
            {
                "condition": "minecraft:location_check",
                "predicate": {
                    "block": {
                        "nbt": "{Items:[{Slot:10b,id:\"minecraft:chorus_fruit\",Count:51b}]}"
                    }
                }
            },
            {
                "condition": "minecraft:location_check",
                "predicate": {
                    "block": {
                        "nbt": "{Items:[{Slot:10b,id:\"minecraft:chorus_fruit\",Count:52b}]}"
                    }
                }
            },
            {
                "condition": "minecraft:location_check",
                "predicate": {
                    "block": {
                        "nbt": "{Items:[{Slot:10b,id:\"minecraft:chorus_fruit\",Count:53b}]}"
                    }
                }
            },
            {
                "condition": "minecraft:location_check",
                "predicate": {
                    "block": {
                        "nbt": "{Items:[{Slot:10b,id:\"minecraft:chorus_fruit\",Count:54b}]}"
                    }
                }
            },
            {
                "condition": "minecraft:location_check",
                "predicate": {
                    "block": {
                        "nbt": "{Items:[{Slot:10b,id:\"minecraft:chorus_fruit\",Count:55b}]}"
                    }
                }
            },
            {
                "condition": "minecraft:location_check",
                "predicate": {
                    "block": {
                        "nbt": "{Items:[{Slot:10b,id:\"minecraft:chorus_fruit\",Count:56b}]}"
                    }
                }
            },
            {
                "condition": "minecraft:location_check",
                "predicate": {
                    "block": {
                        "nbt": "{Items:[{Slot:10b,id:\"minecraft:chorus_fruit\",Count:57b}]}"
                    }
                }
            },
            {
                "condition": "minecraft:location_check",
                "predicate": {
                    "block": {
                        "nbt": "{Items:[{Slot:10b,id:\"minecraft:chorus_fruit\",Count:58b}]}"
                    }
                }
            },
            {
                "condition": "minecraft:location_check",
                "predicate": {
                    "block": {
                        "nbt": "{Items:[{Slot:10b,id:\"minecraft:chorus_fruit\",Count:59b}]}"
                    }
                }
            },
            {
                "condition": "minecraft:location_check",
                "predicate": {
                    "block": {
                        "nbt": "{Items:[{Slot:10b,id:\"minecraft:chorus_fruit\",Count:60b}]}"
                    }
                }
            },
            {
                "condition": "minecraft:location_check",
                "predicate": {
                    "block": {
                        "nbt": "{Items:[{Slot:10b,id:\"minecraft:chorus_fruit\",Count:61b}]}"
                    }
                }
            },
            {
                "condition": "minecraft:location_check",
                "predicate": {
                    "block": {
                        "nbt": "{Items:[{Slot:10b,id:\"minecraft:chorus_fruit\",Count:62b}]}"
                    }
                }
            },
            {
                "condition": "minecraft:location_check",
                "predicate": {
                    "block": {
                        "nbt": "{Items:[{Slot:10b,id:\"minecraft:chorus_fruit\",Count:63b}]}"
                    }
                }
            },
            {
                "condition": "minecraft:location_check",
                "predicate": {
                    "block": {
                        "nbt": "{Items:[{Slot:10b,id:\"minecraft:chorus_fruit\",Count:64b}]}"
                    }
                }
            }
        ]
    },
    {
        "condition": "minecraft:location_check",
        "predicate": {
            "block": {
                "nbt": "{Items:[{Slot:12b,id:\"minecraft:ender_pearl\",Count:16b}]}"
            }
        }
    },
    {
        "condition": "minecraft:reference",
        "name": "enchantmentplus:recipes/materials/lapis_lazuli"
    }
]