[
    {
        "condition": "minecraft:reference",
        "name": "enchantmentplus:recipes/gears/feet"
    },
    {
        "condition": "minecraft:inverted",
        "term": {
            "condition": "minecraft:location_check",
            "predicate": {
                "block": {
                    "nbt": "{Items:[{Slot:11b,tag:{Enchantments:[{id:\"minecraft:frost_walker\"}]}}]}"
                }
            }
        }
    },
    {
        "condition": "minecraft:inverted",
        "term": {
            "condition": "minecraft:location_check",
            "predicate": {
                "block": {
                    "nbt": "{Items:[{Slot:1b}]}"
                }
            }
        }
    },
    {
        "condition": "minecraft:inverted",
        "term": {
            "condition": "minecraft:location_check",
            "predicate": {
                "block": {
                    "nbt": "{Items:[{Slot:3b}]}"
                }
            }
        }
    },
    {
        "condition": "minecraft:inverted",
        "term": {
            "condition": "minecraft:location_check",
            "predicate": {
                "block": {
                    "nbt": "{Items:[{Slot:19b}]}"
                }
            }
        }
    },
    {
        "condition": "minecraft:inverted",
        "term": {
            "condition": "minecraft:location_check",
            "predicate": {
                "block": {
                    "nbt": "{Items:[{Slot:21b}]}"
                }
            }
        }
    },
    {
        "condition": "minecraft:any_of",
        "terms": [
            {
                "condition": "minecraft:location_check",
                "predicate": {
                    "block": {
                        "nbt": "{Items:[{Slot:2b,id:\"minecraft:netherite_scrap\",Count:6b}]}"
                    }
                }
            },
            {
                "condition": "minecraft:location_check",
                "predicate": {
                    "block": {
                        "nbt": "{Items:[{Slot:2b,id:\"minecraft:netherite_scrap\",Count:7b}]}"
                    }
                }
            },
            {
                "condition": "minecraft:location_check",
                "predicate": {
                    "block": {
                        "nbt": "{Items:[{Slot:2b,id:\"minecraft:netherite_scrap\",Count:8b}]}"
                    }
                }
            },
            {
                "condition": "minecraft:location_check",
                "predicate": {
                    "block": {
                        "nbt": "{Items:[{Slot:2b,id:\"minecraft:netherite_scrap\",Count:9b}]}"
                    }
                }
            },
            {
                "condition": "minecraft:location_check",
                "predicate": {
                    "block": {
                        "nbt": "{Items:[{Slot:2b,id:\"minecraft:netherite_scrap\",Count:10b}]}"
                    }
                }
            },
            {
                "condition": "minecraft:location_check",
                "predicate": {
                    "block": {
                        "nbt": "{Items:[{Slot:2b,id:\"minecraft:netherite_scrap\",Count:11b}]}"
                    }
                }
            },
            {
                "condition": "minecraft:location_check",
                "predicate": {
                    "block": {
                        "nbt": "{Items:[{Slot:2b,id:\"minecraft:netherite_scrap\",Count:12b}]}"
                    }
                }
            },
            {
                "condition": "minecraft:location_check",
                "predicate": {
                    "block": {
                        "nbt": "{Items:[{Slot:2b,id:\"minecraft:netherite_scrap\",Count:13b}]}"
                    }
                }
            },
            {
                "condition": "minecraft:location_check",
                "predicate": {
                    "block": {
                        "nbt": "{Items:[{Slot:2b,id:\"minecraft:netherite_scrap\",Count:14b}]}"
                    }
                }
            },
            {
                "condition": "minecraft:location_check",
                "predicate": {
                    "block": {
                        "nbt": "{Items:[{Slot:2b,id:\"minecraft:netherite_scrap\",Count:15b}]}"
                    }
                }
            },
            {
                "condition": "minecraft:location_check",
                "predicate": {
                    "block": {
                        "nbt": "{Items:[{Slot:2b,id:\"minecraft:netherite_scrap\",Count:16b}]}"
                    }
                }
            },
            {
                "condition": "minecraft:location_check",
                "predicate": {
                    "block": {
                        "nbt": "{Items:[{Slot:2b,id:\"minecraft:netherite_scrap\",Count:17b}]}"
                    }
                }
            },
            {
                "condition": "minecraft:location_check",
                "predicate": {
                    "block": {
                        "nbt": "{Items:[{Slot:2b,id:\"minecraft:netherite_scrap\",Count:18b}]}"
                    }
                }
            },
            {
                "condition": "minecraft:location_check",
                "predicate": {
                    "block": {
                        "nbt": "{Items:[{Slot:2b,id:\"minecraft:netherite_scrap\",Count:19b}]}"
                    }
                }
            },
            {
                "condition": "minecraft:location_check",
                "predicate": {
                    "block": {
                        "nbt": "{Items:[{Slot:2b,id:\"minecraft:netherite_scrap\",Count:20b}]}"
                    }
                }
            },
            {
                "condition": "minecraft:location_check",
                "predicate": {
                    "block": {
                        "nbt": "{Items:[{Slot:2b,id:\"minecraft:netherite_scrap\",Count:21b}]}"
                    }
                }
            },
            {
                "condition": "minecraft:location_check",
                "predicate": {
                    "block": {
                        "nbt": "{Items:[{Slot:2b,id:\"minecraft:netherite_scrap\",Count:22b}]}"
                    }
                }
            },
            {
                "condition": "minecraft:location_check",
                "predicate": {
                    "block": {
                        "nbt": "{Items:[{Slot:2b,id:\"minecraft:netherite_scrap\",Count:23b}]}"
                    }
                }
            },
            {
                "condition": "minecraft:location_check",
                "predicate": {
                    "block": {
                        "nbt": "{Items:[{Slot:2b,id:\"minecraft:netherite_scrap\",Count:24b}]}"
                    }
                }
            },
            {
                "condition": "minecraft:location_check",
                "predicate": {
                    "block": {
                        "nbt": "{Items:[{Slot:2b,id:\"minecraft:netherite_scrap\",Count:25b}]}"
                    }
                }
            },
            {
                "condition": "minecraft:location_check",
                "predicate": {
                    "block": {
                        "nbt": "{Items:[{Slot:2b,id:\"minecraft:netherite_scrap\",Count:26b}]}"
                    }
                }
            },
            {
                "condition": "minecraft:location_check",
                "predicate": {
                    "block": {
                        "nbt": "{Items:[{Slot:2b,id:\"minecraft:netherite_scrap\",Count:27b}]}"
                    }
                }
            },
            {
                "condition": "minecraft:location_check",
                "predicate": {
                    "block": {
                        "nbt": "{Items:[{Slot:2b,id:\"minecraft:netherite_scrap\",Count:28b}]}"
                    }
                }
            },
            {
                "condition": "minecraft:location_check",
                "predicate": {
                    "block": {
                        "nbt": "{Items:[{Slot:2b,id:\"minecraft:netherite_scrap\",Count:29b}]}"
                    }
                }
            },
            {
                "condition": "minecraft:location_check",
                "predicate": {
                    "block": {
                        "nbt": "{Items:[{Slot:2b,id:\"minecraft:netherite_scrap\",Count:30b}]}"
                    }
                }
            },
            {
                "condition": "minecraft:location_check",
                "predicate": {
                    "block": {
                        "nbt": "{Items:[{Slot:2b,id:\"minecraft:netherite_scrap\",Count:31b}]}"
                    }
                }
            },
            {
                "condition": "minecraft:location_check",
                "predicate": {
                    "block": {
                        "nbt": "{Items:[{Slot:2b,id:\"minecraft:netherite_scrap\",Count:32b}]}"
                    }
                }
            },
            {
                "condition": "minecraft:location_check",
                "predicate": {
                    "block": {
                        "nbt": "{Items:[{Slot:2b,id:\"minecraft:netherite_scrap\",Count:33b}]}"
                    }
                }
            },
            {
                "condition": "minecraft:location_check",
                "predicate": {
                    "block": {
                        "nbt": "{Items:[{Slot:2b,id:\"minecraft:netherite_scrap\",Count:34b}]}"
                    }
                }
            },
            {
                "condition": "minecraft:location_check",
                "predicate": {
                    "block": {
                        "nbt": "{Items:[{Slot:2b,id:\"minecraft:netherite_scrap\",Count:35b}]}"
                    }
                }
            },
            {
                "condition": "minecraft:location_check",
                "predicate": {
                    "block": {
                        "nbt": "{Items:[{Slot:2b,id:\"minecraft:netherite_scrap\",Count:36b}]}"
                    }
                }
            },
            {
                "condition": "minecraft:location_check",
                "predicate": {
                    "block": {
                        "nbt": "{Items:[{Slot:2b,id:\"minecraft:netherite_scrap\",Count:37b}]}"
                    }
                }
            },
            {
                "condition": "minecraft:location_check",
                "predicate": {
                    "block": {
                        "nbt": "{Items:[{Slot:2b,id:\"minecraft:netherite_scrap\",Count:38b}]}"
                    }
                }
            },
            {
                "condition": "minecraft:location_check",
                "predicate": {
                    "block": {
                        "nbt": "{Items:[{Slot:2b,id:\"minecraft:netherite_scrap\",Count:39b}]}"
                    }
                }
            },
            {
                "condition": "minecraft:location_check",
                "predicate": {
                    "block": {
                        "nbt": "{Items:[{Slot:2b,id:\"minecraft:netherite_scrap\",Count:40b}]}"
                    }
                }
            },
            {
                "condition": "minecraft:location_check",
                "predicate": {
                    "block": {
                        "nbt": "{Items:[{Slot:2b,id:\"minecraft:netherite_scrap\",Count:41b}]}"
                    }
                }
            },
            {
                "condition": "minecraft:location_check",
                "predicate": {
                    "block": {
                        "nbt": "{Items:[{Slot:2b,id:\"minecraft:netherite_scrap\",Count:42b}]}"
                    }
                }
            },
            {
                "condition": "minecraft:location_check",
                "predicate": {
                    "block": {
                        "nbt": "{Items:[{Slot:2b,id:\"minecraft:netherite_scrap\",Count:43b}]}"
                    }
                }
            },
            {
                "condition": "minecraft:location_check",
                "predicate": {
                    "block": {
                        "nbt": "{Items:[{Slot:2b,id:\"minecraft:netherite_scrap\",Count:44b}]}"
                    }
                }
            },
            {
                "condition": "minecraft:location_check",
                "predicate": {
                    "block": {
                        "nbt": "{Items:[{Slot:2b,id:\"minecraft:netherite_scrap\",Count:45b}]}"
                    }
                }
            },
            {
                "condition": "minecraft:location_check",
                "predicate": {
                    "block": {
                        "nbt": "{Items:[{Slot:2b,id:\"minecraft:netherite_scrap\",Count:46b}]}"
                    }
                }
            },
            {
                "condition": "minecraft:location_check",
                "predicate": {
                    "block": {
                        "nbt": "{Items:[{Slot:2b,id:\"minecraft:netherite_scrap\",Count:47b}]}"
                    }
                }
            },
            {
                "condition": "minecraft:location_check",
                "predicate": {
                    "block": {
                        "nbt": "{Items:[{Slot:2b,id:\"minecraft:netherite_scrap\",Count:48b}]}"
                    }
                }
            },
            {
                "condition": "minecraft:location_check",
                "predicate": {
                    "block": {
                        "nbt": "{Items:[{Slot:2b,id:\"minecraft:netherite_scrap\",Count:49b}]}"
                    }
                }
            },
            {
                "condition": "minecraft:location_check",
                "predicate": {
                    "block": {
                        "nbt": "{Items:[{Slot:2b,id:\"minecraft:netherite_scrap\",Count:50b}]}"
                    }
                }
            },
            {
                "condition": "minecraft:location_check",
                "predicate": {
                    "block": {
                        "nbt": "{Items:[{Slot:2b,id:\"minecraft:netherite_scrap\",Count:51b}]}"
                    }
                }
            },
            {
                "condition": "minecraft:location_check",
                "predicate": {
                    "block": {
                        "nbt": "{Items:[{Slot:2b,id:\"minecraft:netherite_scrap\",Count:52b}]}"
                    }
                }
            },
            {
                "condition": "minecraft:location_check",
                "predicate": {
                    "block": {
                        "nbt": "{Items:[{Slot:2b,id:\"minecraft:netherite_scrap\",Count:53b}]}"
                    }
                }
            },
            {
                "condition": "minecraft:location_check",
                "predicate": {
                    "block": {
                        "nbt": "{Items:[{Slot:2b,id:\"minecraft:netherite_scrap\",Count:54b}]}"
                    }
                }
            },
            {
                "condition": "minecraft:location_check",
                "predicate": {
                    "block": {
                        "nbt": "{Items:[{Slot:2b,id:\"minecraft:netherite_scrap\",Count:55b}]}"
                    }
                }
            },
            {
                "condition": "minecraft:location_check",
                "predicate": {
                    "block": {
                        "nbt": "{Items:[{Slot:2b,id:\"minecraft:netherite_scrap\",Count:56b}]}"
                    }
                }
            },
            {
                "condition": "minecraft:location_check",
                "predicate": {
                    "block": {
                        "nbt": "{Items:[{Slot:2b,id:\"minecraft:netherite_scrap\",Count:57b}]}"
                    }
                }
            },
            {
                "condition": "minecraft:location_check",
                "predicate": {
                    "block": {
                        "nbt": "{Items:[{Slot:2b,id:\"minecraft:netherite_scrap\",Count:58b}]}"
                    }
                }
            },
            {
                "condition": "minecraft:location_check",
                "predicate": {
                    "block": {
                        "nbt": "{Items:[{Slot:2b,id:\"minecraft:netherite_scrap\",Count:59b}]}"
                    }
                }
            },
            {
                "condition": "minecraft:location_check",
                "predicate": {
                    "block": {
                        "nbt": "{Items:[{Slot:2b,id:\"minecraft:netherite_scrap\",Count:60b}]}"
                    }
                }
            },
            {
                "condition": "minecraft:location_check",
                "predicate": {
                    "block": {
                        "nbt": "{Items:[{Slot:2b,id:\"minecraft:netherite_scrap\",Count:61b}]}"
                    }
                }
            },
            {
                "condition": "minecraft:location_check",
                "predicate": {
                    "block": {
                        "nbt": "{Items:[{Slot:2b,id:\"minecraft:netherite_scrap\",Count:62b}]}"
                    }
                }
            },
            {
                "condition": "minecraft:location_check",
                "predicate": {
                    "block": {
                        "nbt": "{Items:[{Slot:2b,id:\"minecraft:netherite_scrap\",Count:63b}]}"
                    }
                }
            },
            {
                "condition": "minecraft:location_check",
                "predicate": {
                    "block": {
                        "nbt": "{Items:[{Slot:2b,id:\"minecraft:netherite_scrap\",Count:64b}]}"
                    }
                }
            }
        ]
    },
    {
        "condition": "minecraft:location_check",
        "predicate": {
            "block": {
                "nbt": "{Items:[{Slot:10b,id:\"minecraft:smooth_basalt\",Count:64b}]}"
            }
        }
    },
    {
        "condition": "minecraft:reference",
        "name": "enchantmentplus:recipes/materials/lapis_lazuli"
    },
    {
        "condition": "minecraft:location_check",
        "predicate": {
            "block": {
                "nbt": "{Items:[{Slot:12b,id:\"minecraft:smooth_basalt\",Count:64b}]}"
            }
        }
    }
]