[
    {
        "condition": "minecraft:reference",
        "name": "enchantmentplus:recipes/empty_slots/all"
    },
    {
        "condition": "minecraft:any_of",
        "terms": [
            {
                "condition": "minecraft:location_check",
                "predicate": {
                    "block": {
                        "nbt": "{Items:[{Slot:11b,tag:{EnchantmentPlusData:{Enchantments:[{id:\"enchantmentplus:amplified_shot\"}]}}},{id:\"minecraft:name_tag\",tag:{display:{Name:'\"Amplified Shot\"'}}}]}"
                    }
                }
            },
            {
                "condition": "minecraft:location_check",
                "predicate": {
                    "block": {
                        "nbt": "{Items:[{Slot:11b,tag:{EnchantmentPlusData:{Enchantments:[{id:\"enchantmentplus:antigravity\"}]}}},{id:\"minecraft:name_tag\",tag:{display:{Name:'\"Anti-Gravity\"'}}}]}"
                    }
                }
            },
            {
                "condition": "minecraft:location_check",
                "predicate": {
                    "block": {
                        "nbt": "{Items:[{Slot:11b,tag:{EnchantmentPlusData:{Enchantments:[{id:\"enchantmentplus:autosmelt\"}]}}},{id:\"minecraft:name_tag\",tag:{display:{Name:'\"Autosmelt\"'}}}]}"
                    }
                }
            },
            {
                "condition": "minecraft:location_check",
                "predicate": {
                    "block": {
                        "nbt": "{Items:[{Slot:11b,tag:{EnchantmentPlusData:{Enchantments:[{id:\"enchantmentplus:beheading\"}]}}},{id:\"minecraft:name_tag\",tag:{display:{Name:'\"Beheading\"'}}}]}"
                    }
                }
            },
            {
                "condition": "minecraft:location_check",
                "predicate": {
                    "block": {
                        "nbt": "{Items:[{Slot:11b,tag:{EnchantmentPlusData:{Enchantments:[{id:\"enchantmentplus:cleaving\"}]}}},{id:\"minecraft:name_tag\",tag:{display:{Name:'\"Cleaving\"'}}}]}"
                    }
                }
            },
            {
                "condition": "minecraft:location_check",
                "predicate": {
                    "block": {
                        "nbt": "{Items:[{Slot:11b,tag:{EnchantmentPlusData:{Enchantments:[{id:\"enchantmentplus:deflect\"}]}}},{id:\"minecraft:name_tag\",tag:{display:{Name:'\"Deflect\"'}}}]}"
                    }
                }
            },
            {
                "condition": "minecraft:location_check",
                "predicate": {
                    "block": {
                        "nbt": "{Items:[{Slot:11b,tag:{EnchantmentPlusData:{Enchantments:[{id:\"enchantmentplus:direct\"}]}}},{id:\"minecraft:name_tag\",tag:{display:{Name:'\"Direct\"'}}}]}"
                    }
                }
            },
            {
                "condition": "minecraft:location_check",
                "predicate": {
                    "block": {
                        "nbt": "{Items:[{Slot:11b,tag:{EnchantmentPlusData:{Enchantments:[{id:\"enchantmentplus:experience_boost\"}]}}},{id:\"minecraft:name_tag\",tag:{display:{Name:'\"Experience Boost\"'}}}]}"
                    }
                }
            },
            {
                "condition": "minecraft:location_check",
                "predicate": {
                    "block": {
                        "nbt": "{Items:[{Slot:11b,tag:{EnchantmentPlusData:{Enchantments:[{id:\"enchantmentplus:eyes_of_owl\"}]}}},{id:\"minecraft:name_tag\",tag:{display:{Name:'\"Eyes of Owl\"'}}}]}"
                    }
                }
            },
            {
                "condition": "minecraft:location_check",
                "predicate": {
                    "block": {
                        "nbt": "{Items:[{Slot:11b,tag:{EnchantmentPlusData:{Enchantments:[{id:\"enchantmentplus:feeding_module\"}]}}},{id:\"minecraft:name_tag\",tag:{display:{Name:'\"Feeding Module\"'}}}]}"
                    }
                }
            },
            {
                "condition": "minecraft:location_check",
                "predicate": {
                    "block": {
                        "nbt": "{Items:[{Slot:11b,tag:{EnchantmentPlusData:{Enchantments:[{id:\"enchantmentplus:health_boost\"}]}}},{id:\"minecraft:name_tag\",tag:{display:{Name:'\"Health Boost\"'}}}]}"
                    }
                }
            },
            {
                "condition": "minecraft:location_check",
                "predicate": {
                    "block": {
                        "nbt": "{Items:[{Slot:11b,tag:{EnchantmentPlusData:{Enchantments:[{id:\"enchantmentplus:heavens_lightness\"}]}}},{id:\"minecraft:name_tag\",tag:{display:{Name:'\"Heaven\\'s Lightness\"'}}}]}"
                    }
                }
            },
            {
                "condition": "minecraft:location_check",
                "predicate": {
                    "block": {
                        "nbt": "{Items:[{Slot:11b,tag:{EnchantmentPlusData:{Enchantments:[{id:\"enchantmentplus:icy\"}]}}},{id:\"minecraft:name_tag\",tag:{display:{Name:'\"Icy\"'}}}]}"
                    }
                }
            },
            {
                "condition": "minecraft:location_check",
                "predicate": {
                    "block": {
                        "nbt": "{Items:[{Slot:11b,tag:{EnchantmentPlusData:{Enchantments:[{id:\"enchantmentplus:judgment_shot\"}]}}},{id:\"minecraft:name_tag\",tag:{display:{Name:'\"Judgment Shot\"'}}}]}"
                    }
                }
            },
            {
                "condition": "minecraft:location_check",
                "predicate": {
                    "block": {
                        "nbt": "{Items:[{Slot:11b,tag:{EnchantmentPlusData:{Enchantments:[{id:\"enchantmentplus:lava_walker\"}]}}},{id:\"minecraft:name_tag\",tag:{display:{Name:'\"Lava Walker\"'}}}]}"
                    }
                }
            },
            {
                "condition": "minecraft:location_check",
                "predicate": {
                    "block": {
                        "nbt": "{Items:[{Slot:11b,tag:{EnchantmentPlusData:{Enchantments:[{id:\"enchantmentplus:leaping\"}]}}},{id:\"minecraft:name_tag\",tag:{display:{Name:'\"Leaping\"'}}}]}"
                    }
                }
            },
            {
                "condition": "minecraft:location_check",
                "predicate": {
                    "block": {
                        "nbt": "{Items:[{Slot:11b,tag:{EnchantmentPlusData:{Enchantments:[{id:\"enchantmentplus:lifesteal\"}]}}},{id:\"minecraft:name_tag\",tag:{display:{Name:'\"Lifesteal\"'}}}]}"
                    }
                }
            },
            {
                "condition": "minecraft:location_check",
                "predicate": {
                    "block": {
                        "nbt": "{Items:[{Slot:11b,tag:{EnchantmentPlusData:{Enchantments:[{id:\"enchantmentplus:lumberjack\"}]}}},{id:\"minecraft:name_tag\",tag:{display:{Name:'\"Lumberjack\"'}}}]}"
                    }
                }
            },
            {
                "condition": "minecraft:location_check",
                "predicate": {
                    "block": {
                        "nbt": "{Items:[{Slot:11b,tag:{EnchantmentPlusData:{Enchantments:[{id:\"enchantmentplus:royal_guard\"}]}}},{id:\"minecraft:name_tag\",tag:{display:{Name:'\"Royal Guard\"'}}}]}"
                    }
                }
            },
            {
                "condition": "minecraft:location_check",
                "predicate": {
                    "block": {
                        "nbt": "{Items:[{Slot:11b,tag:{EnchantmentPlusData:{Enchantments:[{id:\"enchantmentplus:shadow_hunter\"}]}}},{id:\"minecraft:name_tag\",tag:{display:{Name:'\"Shadow Hunter\"'}}}]}"
                    }
                }
            },
            {
                "condition": "minecraft:location_check",
                "predicate": {
                    "block": {
                        "nbt": "{Items:[{Slot:11b,tag:{EnchantmentPlusData:{Enchantments:[{id:\"enchantmentplus:steadfast_spikes\"}]}}},{id:\"minecraft:name_tag\",tag:{display:{Name:'\"Steadfast Spikes\"'}}}]}"
                    }
                }
            },
            {
                "condition": "minecraft:location_check",
                "predicate": {
                    "block": {
                        "nbt": "{Items:[{Slot:11b,tag:{EnchantmentPlusData:{Enchantments:[{id:\"enchantmentplus:stone_fists\"}]}}},{id:\"minecraft:name_tag\",tag:{display:{Name:'\"Stone Fists\"'}}}]}"
                    }
                }
            },
            {
                "condition": "minecraft:location_check",
                "predicate": {
                    "block": {
                        "nbt": "{Items:[{Slot:11b,tag:{EnchantmentPlusData:{Enchantments:[{id:\"enchantmentplus:thermal_plating\"}]}}},{id:\"minecraft:name_tag\",tag:{display:{Name:'\"Thermal Plating\"'}}}]}"
                    }
                }
            },
            {
                "condition": "minecraft:location_check",
                "predicate": {
                    "block": {
                        "nbt": "{Items:[{Slot:11b,tag:{EnchantmentPlusData:{Enchantments:[{id:\"enchantmentplus:traveler\"}]}}},{id:\"minecraft:name_tag\",tag:{display:{Name:'\"Traveler\"'}}}]}"
                    }
                }
            },
            {
                "condition": "minecraft:location_check",
                "predicate": {
                    "block": {
                        "nbt": "{Items:[{Slot:11b,tag:{Unbreakable:1b}},{id:\"minecraft:name_tag\",tag:{display:{Name:'\"Unbreakable\"'}}}]}"
                    }
                }
            },
            {
                "condition": "minecraft:location_check",
                "predicate": {
                    "block": {
                        "nbt": "{Items:[{Slot:11b,tag:{EnchantmentPlusData:{Enchantments:[{id:\"enchantmentplus:vein_miner\"}]}}},{id:\"minecraft:name_tag\",tag:{display:{Name:'\"Vein Miner\"'}}}]}"
                    }
                }
            },
            {
                "condition": "minecraft:location_check",
                "predicate": {
                    "block": {
                        "nbt": "{Items:[{Slot:11b,tag:{EnchantmentPlusData:{Enchantments:[{id:\"enchantmentplus:void_strike\"}]}}},{id:\"minecraft:name_tag\",tag:{display:{Name:'\"Void Strike\"'}}}]}"
                    }
                }
            },
            {
                "condition": "minecraft:location_check",
                "predicate": {
                    "block": {
                        "nbt": "{Items:[{Slot:11b,tag:{EnchantmentPlusData:{Enchantments:[{id:\"enchantmentplus:wide\"}]}}},{id:\"minecraft:name_tag\",tag:{display:{Name:'\"Wide\"'}}}]}"
                    }
                }
            }
        ]
    }
]