[
	{
		"condition": "minecraft:entity_scores",
		"entity": "this",
		"scores": {
			"ENCHTemp": 1
		}
	},
	{
		"condition": "minecraft:any_of",
		"terms": [
			{
				"condition": "minecraft:entity_properties",
				"entity": "this",
				"predicate": {
					"type_specific": {
						"type": "player",
						"gamemode": "creative"
					}
				}
			},
			{
				"condition": "minecraft:entity_properties",
				"entity": "this",
				"predicate": {
					"type_specific": {
						"type": "player",
						"level": {
							"min": 30
						}
					}
				}
			}
		]
	}
]
