{
	"display": {
		"icon": {
			"id": "minecraft:bow"
		},
		"title": {"translate":"Dogfight"},
		"description": {"color":"dark_purple","translate":"Kill a Skeleton or Stray while both you and it have levitation"},
		"announce_to_chat": true,
		"frame": "challenge"
	},
	"parent": "minecraft:end/levitate",
	"rewards": {
		"function": "bc_rewards:end/dogfight"
	},		
	"criteria": {
		"skeleton": {
			"trigger": "minecraft:player_killed_entity",
			"conditions": {
				"entity": {
					"type": "skeleton",
					"effects": {
						"minecraft:levitation": {
							"amplifier": {
								"min": 0
							}
						}
					}
				},
				"player": [
					{
						"condition": "minecraft:entity_properties",
						"entity": "this",
						"predicate": {
							"effects": {
								"minecraft:levitation": {
									"amplifier": {
										"min": 0
									}
								}
							}
						}
					}
				]
			}
		},
		"stray": {
			"trigger": "minecraft:player_killed_entity",
			"conditions": {
				"entity": {
					"type": "stray",
					"effects": {
						"minecraft:levitation": {
							"amplifier": {
								"min": 0
							}
						}
					}
				},
				"player": [
					{
						"condition": "minecraft:entity_properties",
						"entity": "this",
						"predicate": {
							"effects": {
								"minecraft:levitation": {
									"amplifier": {
										"min": 0
									}
								}
							}
						}
					}
				]
			}
		}
	},
	"requirements": [
		[
			"skeleton",
			"stray"
		]
	]
}