{
	"display": {
		"icon": {
			"id": "minecraft:chorus_fruit"
		},
		"title": {"translate":"Getting Chorus"},
		"description": {"color":"green","translate":"Attack a chorus tree until it collapses"},
		"announce_to_chat": true
	},
	"parent": "blazeandcave:end/end_bricks",
	"rewards": {
		"function": "bc_rewards:end/getting_chorus"
	},	
	"criteria": {
		"chorus_fruit": {
			"trigger": "minecraft:inventory_changed",
			"conditions": {
				"items": [
					{
						"items": [
							"minecraft:chorus_fruit"
						]
					}
				]
			}
		}
	}
}