{
	"display": {
		"icon": {
			"item": "minecraft:emerald"
		},
		"title": {"translate":"Blackberry Market"},
		"description": {"color":"#75E1FF","translate":"Trade some sweet berries to a Fox with an emerald in their mouth"},
		"announce_to_chat": true,
		"frame": "goal"
	},
	"parent": "blazeandcave:animal/snow_fox_64",
	"rewards": {
		"function": "bc_rewards:animal/blackberry_market"
	},
	"criteria": {
		"blackberry_market": {
			"trigger": "minecraft:thrown_item_picked_up_by_entity",
			"conditions": {
				"item": {
					"items": [
						"minecraft:sweet_berries"
					]
				},
				"entity": [
					{
						"condition": "minecraft:entity_properties",
						"entity": "this",
						"predicate": {
							"type": "minecraft:fox",
							"equipment": {
								"mainhand": {
									"items": [
										"minecraft:emerald"
									]
								}
							}
						}
					}
				]
			}
		}
	}
}