{
	"display": {
		"icon": {
			"item": "minecraft:camel_spawn_egg"
		},
		"title": {"translate":"Desert Rider"},
		"description": {"color":"green","translate":"Find a Camel in a desert village and ride it"},
		"announce_to_chat": true
	},
	"parent": "blazeandcave:animal/cowboy",
	"rewards": {
		"function": "bc_rewards:animal/desert_rider"
	},		
	"criteria": {
		"camel": {
			"trigger": "minecraft:started_riding",
			"conditions": {
				"player": [
					{
						"condition": "minecraft:entity_properties",
						"predicate": {
							"vehicle": {
								"type": "minecraft:camel"
							}
						},
						"entity": "this"
					}
				]
			}
		}
	}
}