{
	"display": {
		"icon": {
			"item": "minecraft:magenta_carpet"
		},
		"title": {"translate":"Fuzzy Feet"},
		"description": {"color":"#75E1FF","translate":"Craft all 16 colors of carpet"},
		"announce_to_chat": true,
		"frame": "goal"
	},
	"parent": "blazeandcave:animal/rainbow_collection",
	"rewards": {
		"function": "bc_rewards:animal/fuzzy_feet"
	},		
	"criteria": {
		"white_carpet": {
			"trigger": "minecraft:inventory_changed",
			"conditions": {
				"items": [
					{
						"items": [
							"minecraft:white_carpet"
						]
					}
				]
			}
		},
		"orange_carpet": {
			"trigger": "minecraft:inventory_changed",
			"conditions": {
				"items": [
					{
						"items": [
							"minecraft:orange_carpet"
						]
					}
				]
			}
		},
		"magenta_carpet": {
			"trigger": "minecraft:inventory_changed",
			"conditions": {
				"items": [
					{
						"items": [
							"minecraft:magenta_carpet"
						]
					}
				]
			}
		},
		"light_blue_carpet": {
			"trigger": "minecraft:inventory_changed",
			"conditions": {
				"items": [
					{
						"items": [
							"minecraft:light_blue_carpet"
						]
					}
				]
			}
		},
		"yellow_carpet": {
			"trigger": "minecraft:inventory_changed",
			"conditions": {
				"items": [
					{
						"items": [
							"minecraft:yellow_carpet"
						]
					}
				]
			}
		},
		"lime_carpet": {
			"trigger": "minecraft:inventory_changed",
			"conditions": {
				"items": [
					{
						"items": [
							"minecraft:lime_carpet"
						]
					}
				]
			}
		},
		"pink_carpet": {
			"trigger": "minecraft:inventory_changed",
			"conditions": {
				"items": [
					{
						"items": [
							"minecraft:pink_carpet"
						]
					}
				]
			}
		},
		"gray_carpet": {
			"trigger": "minecraft:inventory_changed",
			"conditions": {
				"items": [
					{
						"items": [
							"minecraft:gray_carpet"
						]
					}
				]
			}
		},
		"light_gray_carpet": {
			"trigger": "minecraft:inventory_changed",
			"conditions": {
				"items": [
					{
						"items": [
							"minecraft:light_gray_carpet"
						]
					}
				]
			}
		},
		"cyan_carpet": {
			"trigger": "minecraft:inventory_changed",
			"conditions": {
				"items": [
					{
						"items": [
							"minecraft:cyan_carpet"
						]
					}
				]
			}
		},
		"purple_carpet": {
			"trigger": "minecraft:inventory_changed",
			"conditions": {
				"items": [
					{
						"items": [
							"minecraft:purple_carpet"
						]
					}
				]
			}
		},
		"blue_carpet": {
			"trigger": "minecraft:inventory_changed",
			"conditions": {
				"items": [
					{
						"items": [
							"minecraft:blue_carpet"
						]
					}
				]
			}
		},
		"brown_carpet": {
			"trigger": "minecraft:inventory_changed",
			"conditions": {
				"items": [
					{
						"items": [
							"minecraft:brown_carpet"
						]
					}
				]
			}
		},
		"green_carpet": {
			"trigger": "minecraft:inventory_changed",
			"conditions": {
				"items": [
					{
						"items": [
							"minecraft:green_carpet"
						]
					}
				]
			}
		},
		"red_carpet": {
			"trigger": "minecraft:inventory_changed",
			"conditions": {
				"items": [
					{
						"items": [
							"minecraft:red_carpet"
						]
					}
				]
			}
		},
		"black_carpet": {
			"trigger": "minecraft:inventory_changed",
			"conditions": {
				"items": [
					{
						"items": [
							"minecraft:black_carpet"
						]
					}
				]
			}
		}
	}
}