{
	"display": {
		"icon": {
			"item": "minecraft:shears"
		},
		"title": {"translate":"Have a Shearful Day"},
		"description": {"color":"green","translate":"Use Shears to obtain wool from a sheep"},
		"announce_to_chat": true
	},
	"parent": "blazeandcave:animal/mary_had_a_little_lamb",
	"rewards": {
		"function": "bc_rewards:animal/have_a_shearful_day"
	},		
	"criteria": {
		"shears": {
			"trigger": "minecraft:player_interacted_with_entity",
			"conditions": {
				"item": {
					"items": [
						"minecraft:shears"
					]
				},
				"entity": [
					{
						"condition": "minecraft:entity_properties",
						"entity": "this",
						"predicate": {
							"type": "minecraft:sheep"
						}
					}
				]
			}
		}
	}
}