{
	"display": {
		"icon": {
			"item": "minecraft:beehive"
		},
		"title": {"translate":"Hive Mind"},
		"description": {"color":"green","translate":"Craft a bee hive using planks and honeycombs then place it"},
		"announce_to_chat": true
	},
	"parent": "minecraft:husbandry/safely_harvest_honey",
	"rewards": {
		"function": "bc_rewards:animal/hive_mind"
	},		
	"criteria": {
		"beehive": {
			"trigger": "minecraft:placed_block",
			"conditions": {
				"location": [
					{
						"condition": "minecraft:location_check",
						"predicate": {
							"block": {
								"blocks": [
									"minecraft:beehive"
								]
							}
						}
					}
				]
			}
		}
	}
}