{
	"display": {
		"icon": {
			"item": "minecraft:mycelium"
		},
		"title": {"translate":"Mooshroom Kingdom"},
		"description": {"color":"green","translate":"Find mooshrooms on a mushroom island"},
		"announce_to_chat": true
	},
	"parent": "blazeandcave:animal/true_cow_tipper",	
	"rewards": {
		"function": "bc_rewards:animal/mooshroom_kingdom"
	},	
	"criteria": {
		"mushroom_fields": {
			"trigger": "minecraft:location",
			"conditions": {
				"player": [
					{
						"condition": "minecraft:entity_properties",
						"entity": "this",
						"predicate": {
							"location": {
								"biome": "minecraft:mushroom_fields"
							}
						}
					},
					{
						"condition": "minecraft:inverted",
						"term": {
							"condition": "minecraft:entity_properties",
							"entity": "this",
							"predicate": {
								"type_specific": {
									"type": "player",
									"gamemode": "spectator"
								}
							}
						}
					}
				]
			}
		}
	}
}