{
	"display": {
		"icon": {
			"item": "minecraft:hay_block"
		},
		"title": {"translate":"So I got that going for me"},
		"description": {"color":"green","translate":"Breed two llamas with hay"},
		"announce_to_chat": true
	},
	"parent": "blazeandcave:animal/stay_calmer",
	"rewards": {
		"function": "bc_rewards:animal/so_i_got_that_going_for_me"
	},		
	"criteria": {
		"llama": {
			"trigger": "minecraft:bred_animals",
			"conditions": {
				"parent": {
					"type": "#blazeandcave:llamas"
				},
				"partner": {
					"type": "#blazeandcave:llamas"
				}
			}
		}
	}
}