{
  "biomes": "#incendium:structure/has_sanctum",
  "spawn_overrides": {
    "monster": {
      "bounding_box": "piece",
      "spawns": [
        {
          "type": "minecraft:skeleton",
          "weight": 2,
          "minCount": 1,
          "maxCount": 1
        }
      ]
    }
  },
  "type": "minecraft:jigsaw",
  "start_pool": "incendium:sanctum/top",
  "size": 6,
  "step": "underground_decoration",
  "start_height": {
    "absolute": 33
  },
  "max_distance_from_center": 80,
  "use_expansion_hack": false
}
