{
    "type": "minecraft:command",
    "pools": [
        {
            "rolls": 1,
            "entries": [
                {
                    "type": "minecraft:item",
                    "name": "minecraft:experience_bottle",
                    "functions": [
                        {
                            "function": "minecraft:set_nbt",
                            "tag": "{EnchantmentPlusData:{id:\"locked_slot\",isCraftButton:1b}}"
                        },
                        {
                            "function": "minecraft:set_name",
                            "entity": "this",
                            "name": [
                                {
                                    "text": "[ ",
                                    "color": "gold",
                                    "italic": false
                                },
                                {
                                    "text": "Click to Craft",
                                    "color": "gray",
                                    "italic": true
                                },
                                {
                                    "text": " ]",
                                    "color": "gold",
                                    "italic": false
                                }
                            ]
                        },
                        {
                            "conditions": [
                                {
                                    "condition": "minecraft:entity_scores",
                                    "entity": "this",
                                    "scores": {
                                        "ENCHRecipeId": 5000
                                    }
                                }
                            ],
                            "function": "minecraft:set_lore",
                            "entity": "this",
                            "lore": [
                                [
                                    {
                                        "text": "Requires: ",
                                        "color": "yellow",
                                        "italic": false
                                    },
                                    {
                                        "nbt": "XpRequirements.EnchantItem",
                                        "storage": "enchantmentplus",
                                        "color": "green",
                                        "italic": false
                                    },
                                    {
                                        "text": " XP",
                                        "color": "green",
                                        "italic": false
                                    }
                                ],
                                [
                                    {
                                        "text": "Costs: ",
                                        "color": "yellow",
                                        "italic": false
                                    },
                                    {
                                        "nbt": "XpCosts.EnchantItem",
                                        "storage": "enchantmentplus",
                                        "color": "red",
                                        "italic": false
                                    },
                                    {
                                        "text": " XP",
                                        "color": "red",
                                        "italic": false
                                    }
                                ]
                            ]
                        },
                        {
                            "conditions": [
                                {
                                    "condition": "minecraft:entity_scores",
                                    "entity": "this",
                                    "scores": {
                                        "ENCHRecipeId": 4000
                                    }
                                }
                            ],
                            "function": "minecraft:set_lore",
                            "entity": "this",
                            "lore": [
                                [
                                    {
                                        "text": "Requires: ",
                                        "color": "yellow",
                                        "italic": false
                                    },
                                    {
                                        "nbt": "XpRequirements.CombineBook",
                                        "storage": "enchantmentplus",
                                        "color": "green",
                                        "italic": false
                                    },
                                    {
                                        "text": " XP",
                                        "color": "green",
                                        "italic": false
                                    }
                                ],
                                [
                                    {
                                        "text": "Costs: ",
                                        "color": "yellow",
                                        "italic": false
                                    },
                                    {
                                        "nbt": "XpCosts.CombineBook",
                                        "storage": "enchantmentplus",
                                        "color": "red",
                                        "italic": false
                                    },
                                    {
                                        "text": " XP",
                                        "color": "red",
                                        "italic": false
                                    }
                                ]
                            ]
                        },
                        {
                            "conditions": [
                                {
                                    "condition": "minecraft:any_of",
                                    "terms": [
                                        {
                                            "condition": "minecraft:entity_scores",
                                            "entity": "this",
                                            "scores": {
                                                "ENCHRecipeId": 2000
                                            }
                                        },
                                        {
                                            "condition": "minecraft:entity_scores",
                                            "entity": "this",
                                            "scores": {
                                                "ENCHRecipeId": 3000
                                            }
                                        }
                                    ]
                                }
                            ],
                            "function": "minecraft:set_lore",
                            "entity": "this",
                            "lore": [
                                [
                                    {
                                        "text": "Requires: ",
                                        "color": "yellow",
                                        "italic": false
                                    },
                                    {
                                        "nbt": "XpRequirements.DisenchantmentModule",
                                        "storage": "enchantmentplus",
                                        "color": "green",
                                        "italic": false
                                    },
                                    {
                                        "text": " XP",
                                        "color": "green",
                                        "italic": false
                                    }
                                ],
                                [
                                    {
                                        "text": "Costs: ",
                                        "color": "yellow",
                                        "italic": false
                                    },
                                    {
                                        "nbt": "XpCosts.DisenchantmentModule",
                                        "storage": "enchantmentplus",
                                        "color": "red",
                                        "italic": false
                                    },
                                    {
                                        "text": " XP",
                                        "color": "red",
                                        "italic": false
                                    }
                                ]
                            ]
                        },
                        {
                            "conditions": [
                                {
                                    "condition": "minecraft:entity_scores",
                                    "entity": "this",
                                    "scores": {
                                        "ENCHRecipeId": {
                                            "min": 2001,
                                            "max": 2099
                                        }
                                    }
                                }
                            ],
                            "function": "minecraft:set_lore",
                            "entity": "this",
                            "lore": [
                                [
                                    {
                                        "text": "Requires: ",
                                        "color": "yellow",
                                        "italic": false
                                    },
                                    {
                                        "nbt": "XpRequirements.ResourceModule",
                                        "storage": "enchantmentplus",
                                        "color": "green",
                                        "italic": false
                                    },
                                    {
                                        "text": " XP",
                                        "color": "green",
                                        "italic": false
                                    }
                                ],
                                [
                                    {
                                        "text": "Costs: ",
                                        "color": "yellow",
                                        "italic": false
                                    },
                                    {
                                        "nbt": "XpCosts.ResourceModule",
                                        "storage": "enchantmentplus",
                                        "color": "red",
                                        "italic": false
                                    },
                                    {
                                        "text": " XP",
                                        "color": "red",
                                        "italic": false
                                    }
                                ]
                            ]
                        },
                        {
                            "conditions": [
                                {
                                    "condition": "minecraft:entity_scores",
                                    "entity": "this",
                                    "scores": {
                                        "ENCHRecipeId": 1000
                                    }
                                }
                            ],
                            "function": "minecraft:set_lore",
                            "entity": "this",
                            "lore": [
                                [
                                    {
                                        "text": "Requires: ",
                                        "color": "yellow",
                                        "italic": false
                                    },
                                    {
                                        "nbt": "XpRequirements.RemoveCustom",
                                        "storage": "enchantmentplus",
                                        "color": "green",
                                        "italic": false
                                    },
                                    {
                                        "text": " XP",
                                        "color": "green",
                                        "italic": false
                                    }
                                ],
                                [
                                    {
                                        "text": "Costs: ",
                                        "color": "yellow",
                                        "italic": false
                                    },
                                    {
                                        "nbt": "XpCosts.RemoveCustom",
                                        "storage": "enchantmentplus",
                                        "color": "red",
                                        "italic": false
                                    },
                                    {
                                        "text": " XP",
                                        "color": "red",
                                        "italic": false
                                    }
                                ]
                            ]
                        },
                        {
                            "conditions": [
                                {
                                    "condition": "minecraft:entity_scores",
                                    "entity": "this",
                                    "scores": {
                                        "ENCHRecipeId": 1028
                                    }
                                }
                            ],
                            "function": "minecraft:set_lore",
                            "entity": "this",
                            "lore": [
                                [
                                    {
                                        "text": "Requires: ",
                                        "color": "yellow",
                                        "italic": false
                                    },
                                    {
                                        "nbt": "XpRequirements.AmplifiedShot",
                                        "storage": "enchantmentplus",
                                        "color": "green",
                                        "italic": false
                                    },
                                    {
                                        "text": " XP",
                                        "color": "green",
                                        "italic": false
                                    }
                                ],
                                [
                                    {
                                        "text": "Costs: ",
                                        "color": "yellow",
                                        "italic": false
                                    },
                                    {
                                        "nbt": "XpCosts.AmplifiedShot",
                                        "storage": "enchantmentplus",
                                        "color": "red",
                                        "italic": false
                                    },
                                    {
                                        "text": " XP",
                                        "color": "red",
                                        "italic": false
                                    }
                                ]
                            ]
                        },
                        {
                            "conditions": [
                                {
                                    "condition": "minecraft:entity_scores",
                                    "entity": "this",
                                    "scores": {
                                        "ENCHRecipeId": 1001
                                    }
                                }
                            ],
                            "function": "minecraft:set_lore",
                            "entity": "this",
                            "lore": [
                                [
                                    {
                                        "text": "Requires: ",
                                        "color": "yellow",
                                        "italic": false
                                    },
                                    {
                                        "nbt": "XpRequirements.Antigravity",
                                        "storage": "enchantmentplus",
                                        "color": "green",
                                        "italic": false
                                    },
                                    {
                                        "text": " XP",
                                        "color": "green",
                                        "italic": false
                                    }
                                ],
                                [
                                    {
                                        "text": "Costs: ",
                                        "color": "yellow",
                                        "italic": false
                                    },
                                    {
                                        "nbt": "XpCosts.Antigravity",
                                        "storage": "enchantmentplus",
                                        "color": "red",
                                        "italic": false
                                    },
                                    {
                                        "text": " XP",
                                        "color": "red",
                                        "italic": false
                                    }
                                ]
                            ]
                        },
                        {
                            "conditions": [
                                {
                                    "condition": "minecraft:entity_scores",
                                    "entity": "this",
                                    "scores": {
                                        "ENCHRecipeId": 1002
                                    }
                                }
                            ],
                            "function": "minecraft:set_lore",
                            "entity": "this",
                            "lore": [
                                [
                                    {
                                        "text": "Requires: ",
                                        "color": "yellow",
                                        "italic": false
                                    },
                                    {
                                        "nbt": "XpRequirements.Autosmelt",
                                        "storage": "enchantmentplus",
                                        "color": "green",
                                        "italic": false
                                    },
                                    {
                                        "text": " XP",
                                        "color": "green",
                                        "italic": false
                                    }
                                ],
                                [
                                    {
                                        "text": "Costs: ",
                                        "color": "yellow",
                                        "italic": false
                                    },
                                    {
                                        "nbt": "XpCosts.Autosmelt",
                                        "storage": "enchantmentplus",
                                        "color": "red",
                                        "italic": false
                                    },
                                    {
                                        "text": " XP",
                                        "color": "red",
                                        "italic": false
                                    }
                                ]
                            ]
                        },
                        {
                            "conditions": [
                                {
                                    "condition": "minecraft:entity_scores",
                                    "entity": "this",
                                    "scores": {
                                        "ENCHRecipeId": 1003
                                    }
                                }
                            ],
                            "function": "minecraft:set_lore",
                            "entity": "this",
                            "lore": [
                                [
                                    {
                                        "text": "Requires: ",
                                        "color": "yellow",
                                        "italic": false
                                    },
                                    {
                                        "nbt": "XpRequirements.Beheading",
                                        "storage": "enchantmentplus",
                                        "color": "green",
                                        "italic": false
                                    },
                                    {
                                        "text": " XP",
                                        "color": "green",
                                        "italic": false
                                    }
                                ],
                                [
                                    {
                                        "text": "Costs: ",
                                        "color": "yellow",
                                        "italic": false
                                    },
                                    {
                                        "nbt": "XpCosts.Beheading",
                                        "storage": "enchantmentplus",
                                        "color": "red",
                                        "italic": false
                                    },
                                    {
                                        "text": " XP",
                                        "color": "red",
                                        "italic": false
                                    }
                                ]
                            ]
                        },
                        {
                            "conditions": [
                                {
                                    "condition": "minecraft:entity_scores",
                                    "entity": "this",
                                    "scores": {
                                        "ENCHRecipeId": 1026
                                    }
                                }
                            ],
                            "function": "minecraft:set_lore",
                            "entity": "this",
                            "lore": [
                                [
                                    {
                                        "text": "Requires: ",
                                        "color": "yellow",
                                        "italic": false
                                    },
                                    {
                                        "nbt": "XpRequirements.Cleaving",
                                        "storage": "enchantmentplus",
                                        "color": "green",
                                        "italic": false
                                    },
                                    {
                                        "text": " XP",
                                        "color": "green",
                                        "italic": false
                                    }
                                ],
                                [
                                    {
                                        "text": "Costs: ",
                                        "color": "yellow",
                                        "italic": false
                                    },
                                    {
                                        "nbt": "XpCosts.Cleaving",
                                        "storage": "enchantmentplus",
                                        "color": "red",
                                        "italic": false
                                    },
                                    {
                                        "text": " XP",
                                        "color": "red",
                                        "italic": false
                                    }
                                ]
                            ]
                        },
                        {
                            "conditions": [
                                {
                                    "condition": "minecraft:entity_scores",
                                    "entity": "this",
                                    "scores": {
                                        "ENCHRecipeId": 1004
                                    }
                                }
                            ],
                            "function": "minecraft:set_lore",
                            "entity": "this",
                            "lore": [
                                [
                                    {
                                        "text": "Requires: ",
                                        "color": "yellow",
                                        "italic": false
                                    },
                                    {
                                        "nbt": "XpRequirements.Deflect",
                                        "storage": "enchantmentplus",
                                        "color": "green",
                                        "italic": false
                                    },
                                    {
                                        "text": " XP",
                                        "color": "green",
                                        "italic": false
                                    }
                                ],
                                [
                                    {
                                        "text": "Costs: ",
                                        "color": "yellow",
                                        "italic": false
                                    },
                                    {
                                        "nbt": "XpCosts.Deflect",
                                        "storage": "enchantmentplus",
                                        "color": "red",
                                        "italic": false
                                    },
                                    {
                                        "text": " XP",
                                        "color": "red",
                                        "italic": false
                                    }
                                ]
                            ]
                        },
                        {
                            "conditions": [
                                {
                                    "condition": "minecraft:entity_scores",
                                    "entity": "this",
                                    "scores": {
                                        "ENCHRecipeId": 1005
                                    }
                                }
                            ],
                            "function": "minecraft:set_lore",
                            "entity": "this",
                            "lore": [
                                [
                                    {
                                        "text": "Requires: ",
                                        "color": "yellow",
                                        "italic": false
                                    },
                                    {
                                        "nbt": "XpRequirements.Direct",
                                        "storage": "enchantmentplus",
                                        "color": "green",
                                        "italic": false
                                    },
                                    {
                                        "text": " XP",
                                        "color": "green",
                                        "italic": false
                                    }
                                ],
                                [
                                    {
                                        "text": "Costs: ",
                                        "color": "yellow",
                                        "italic": false
                                    },
                                    {
                                        "nbt": "XpCosts.Direct",
                                        "storage": "enchantmentplus",
                                        "color": "red",
                                        "italic": false
                                    },
                                    {
                                        "text": " XP",
                                        "color": "red",
                                        "italic": false
                                    }
                                ]
                            ]
                        },
                        {
                            "conditions": [
                                {
                                    "condition": "minecraft:entity_scores",
                                    "entity": "this",
                                    "scores": {
                                        "ENCHRecipeId": 1006
                                    }
                                }
                            ],
                            "function": "minecraft:set_lore",
                            "entity": "this",
                            "lore": [
                                [
                                    {
                                        "text": "Requires: ",
                                        "color": "yellow",
                                        "italic": false
                                    },
                                    {
                                        "nbt": "XpRequirements.ExperienceBoost",
                                        "storage": "enchantmentplus",
                                        "color": "green",
                                        "italic": false
                                    },
                                    {
                                        "text": " XP",
                                        "color": "green",
                                        "italic": false
                                    }
                                ],
                                [
                                    {
                                        "text": "Costs: ",
                                        "color": "yellow",
                                        "italic": false
                                    },
                                    {
                                        "nbt": "XpCosts.ExperienceBoost",
                                        "storage": "enchantmentplus",
                                        "color": "red",
                                        "italic": false
                                    },
                                    {
                                        "text": " XP",
                                        "color": "red",
                                        "italic": false
                                    }
                                ]
                            ]
                        },
                        {
                            "conditions": [
                                {
                                    "condition": "minecraft:entity_scores",
                                    "entity": "this",
                                    "scores": {
                                        "ENCHRecipeId": 1007
                                    }
                                }
                            ],
                            "function": "minecraft:set_lore",
                            "entity": "this",
                            "lore": [
                                [
                                    {
                                        "text": "Requires: ",
                                        "color": "yellow",
                                        "italic": false
                                    },
                                    {
                                        "nbt": "XpRequirements.EyesOfOwl",
                                        "storage": "enchantmentplus",
                                        "color": "green",
                                        "italic": false
                                    },
                                    {
                                        "text": " XP",
                                        "color": "green",
                                        "italic": false
                                    }
                                ],
                                [
                                    {
                                        "text": "Costs: ",
                                        "color": "yellow",
                                        "italic": false
                                    },
                                    {
                                        "nbt": "XpCosts.EyesOfOwl",
                                        "storage": "enchantmentplus",
                                        "color": "red",
                                        "italic": false
                                    },
                                    {
                                        "text": " XP",
                                        "color": "red",
                                        "italic": false
                                    }
                                ]
                            ]
                        },
                        {
                            "conditions": [
                                {
                                    "condition": "minecraft:entity_scores",
                                    "entity": "this",
                                    "scores": {
                                        "ENCHRecipeId": 1008
                                    }
                                }
                            ],
                            "function": "minecraft:set_lore",
                            "entity": "this",
                            "lore": [
                                [
                                    {
                                        "text": "Requires: ",
                                        "color": "yellow",
                                        "italic": false
                                    },
                                    {
                                        "nbt": "XpRequirements.FeedingModule",
                                        "storage": "enchantmentplus",
                                        "color": "green",
                                        "italic": false
                                    },
                                    {
                                        "text": " XP",
                                        "color": "green",
                                        "italic": false
                                    }
                                ],
                                [
                                    {
                                        "text": "Costs: ",
                                        "color": "yellow",
                                        "italic": false
                                    },
                                    {
                                        "nbt": "XpCosts.FeedingModule",
                                        "storage": "enchantmentplus",
                                        "color": "red",
                                        "italic": false
                                    },
                                    {
                                        "text": " XP",
                                        "color": "red",
                                        "italic": false
                                    }
                                ]
                            ]
                        },
                        {
                            "conditions": [
                                {
                                    "condition": "minecraft:entity_scores",
                                    "entity": "this",
                                    "scores": {
                                        "ENCHRecipeId": 1009
                                    }
                                }
                            ],
                            "function": "minecraft:set_lore",
                            "entity": "this",
                            "lore": [
                                [
                                    {
                                        "text": "Requires: ",
                                        "color": "yellow",
                                        "italic": false
                                    },
                                    {
                                        "nbt": "XpRequirements.HealthBoost",
                                        "storage": "enchantmentplus",
                                        "color": "green",
                                        "italic": false
                                    },
                                    {
                                        "text": " XP",
                                        "color": "green",
                                        "italic": false
                                    }
                                ],
                                [
                                    {
                                        "text": "Costs: ",
                                        "color": "yellow",
                                        "italic": false
                                    },
                                    {
                                        "nbt": "XpCosts.HealthBoost",
                                        "storage": "enchantmentplus",
                                        "color": "red",
                                        "italic": false
                                    },
                                    {
                                        "text": " XP",
                                        "color": "red",
                                        "italic": false
                                    }
                                ]
                            ]
                        },
                        {
                            "conditions": [
                                {
                                    "condition": "minecraft:entity_scores",
                                    "entity": "this",
                                    "scores": {
                                        "ENCHRecipeId": 1010
                                    }
                                }
                            ],
                            "function": "minecraft:set_lore",
                            "entity": "this",
                            "lore": [
                                [
                                    {
                                        "text": "Requires: ",
                                        "color": "yellow",
                                        "italic": false
                                    },
                                    {
                                        "nbt": "XpRequirements.HeavensLightness",
                                        "storage": "enchantmentplus",
                                        "color": "green",
                                        "italic": false
                                    },
                                    {
                                        "text": " XP",
                                        "color": "green",
                                        "italic": false
                                    }
                                ],
                                [
                                    {
                                        "text": "Costs: ",
                                        "color": "yellow",
                                        "italic": false
                                    },
                                    {
                                        "nbt": "XpCosts.HeavensLightness",
                                        "storage": "enchantmentplus",
                                        "color": "red",
                                        "italic": false
                                    },
                                    {
                                        "text": " XP",
                                        "color": "red",
                                        "italic": false
                                    }
                                ]
                            ]
                        },
                        {
                            "conditions": [
                                {
                                    "condition": "minecraft:entity_scores",
                                    "entity": "this",
                                    "scores": {
                                        "ENCHRecipeId": 1011
                                    }
                                }
                            ],
                            "function": "minecraft:set_lore",
                            "entity": "this",
                            "lore": [
                                [
                                    {
                                        "text": "Requires: ",
                                        "color": "yellow",
                                        "italic": false
                                    },
                                    {
                                        "nbt": "XpRequirements.Icy",
                                        "storage": "enchantmentplus",
                                        "color": "green",
                                        "italic": false
                                    },
                                    {
                                        "text": " XP",
                                        "color": "green",
                                        "italic": false
                                    }
                                ],
                                [
                                    {
                                        "text": "Costs: ",
                                        "color": "yellow",
                                        "italic": false
                                    },
                                    {
                                        "nbt": "XpCosts.Icy",
                                        "storage": "enchantmentplus",
                                        "color": "red",
                                        "italic": false
                                    },
                                    {
                                        "text": " XP",
                                        "color": "red",
                                        "italic": false
                                    }
                                ]
                            ]
                        },
                        {
                            "conditions": [
                                {
                                    "condition": "minecraft:entity_scores",
                                    "entity": "this",
                                    "scores": {
                                        "ENCHRecipeId": 1023
                                    }
                                }
                            ],
                            "function": "minecraft:set_lore",
                            "entity": "this",
                            "lore": [
                                [
                                    {
                                        "text": "Requires: ",
                                        "color": "yellow",
                                        "italic": false
                                    },
                                    {
                                        "nbt": "XpRequirements.JudgmentShot",
                                        "storage": "enchantmentplus",
                                        "color": "green",
                                        "italic": false
                                    },
                                    {
                                        "text": " XP",
                                        "color": "green",
                                        "italic": false
                                    }
                                ],
                                [
                                    {
                                        "text": "Costs: ",
                                        "color": "yellow",
                                        "italic": false
                                    },
                                    {
                                        "nbt": "XpCosts.JudgmentShot",
                                        "storage": "enchantmentplus",
                                        "color": "red",
                                        "italic": false
                                    },
                                    {
                                        "text": " XP",
                                        "color": "red",
                                        "italic": false
                                    }
                                ]
                            ]
                        },
                        {
                            "conditions": [
                                {
                                    "condition": "minecraft:entity_scores",
                                    "entity": "this",
                                    "scores": {
                                        "ENCHRecipeId": 1012
                                    }
                                }
                            ],
                            "function": "minecraft:set_lore",
                            "entity": "this",
                            "lore": [
                                [
                                    {
                                        "text": "Requires: ",
                                        "color": "yellow",
                                        "italic": false
                                    },
                                    {
                                        "nbt": "XpRequirements.LavaWalker",
                                        "storage": "enchantmentplus",
                                        "color": "green",
                                        "italic": false
                                    },
                                    {
                                        "text": " XP",
                                        "color": "green",
                                        "italic": false
                                    }
                                ],
                                [
                                    {
                                        "text": "Costs: ",
                                        "color": "yellow",
                                        "italic": false
                                    },
                                    {
                                        "nbt": "XpCosts.LavaWalker",
                                        "storage": "enchantmentplus",
                                        "color": "red",
                                        "italic": false
                                    },
                                    {
                                        "text": " XP",
                                        "color": "red",
                                        "italic": false
                                    }
                                ]
                            ]
                        },
                        {
                            "conditions": [
                                {
                                    "condition": "minecraft:entity_scores",
                                    "entity": "this",
                                    "scores": {
                                        "ENCHRecipeId": 1013
                                    }
                                }
                            ],
                            "function": "minecraft:set_lore",
                            "entity": "this",
                            "lore": [
                                [
                                    {
                                        "text": "Requires: ",
                                        "color": "yellow",
                                        "italic": false
                                    },
                                    {
                                        "nbt": "XpRequirements.Leaping",
                                        "storage": "enchantmentplus",
                                        "color": "green",
                                        "italic": false
                                    },
                                    {
                                        "text": " XP",
                                        "color": "green",
                                        "italic": false
                                    }
                                ],
                                [
                                    {
                                        "text": "Costs: ",
                                        "color": "yellow",
                                        "italic": false
                                    },
                                    {
                                        "nbt": "XpCosts.Leaping",
                                        "storage": "enchantmentplus",
                                        "color": "red",
                                        "italic": false
                                    },
                                    {
                                        "text": " XP",
                                        "color": "red",
                                        "italic": false
                                    }
                                ]
                            ]
                        },
                        {
                            "conditions": [
                                {
                                    "condition": "minecraft:entity_scores",
                                    "entity": "this",
                                    "scores": {
                                        "ENCHRecipeId": 1014
                                    }
                                }
                            ],
                            "function": "minecraft:set_lore",
                            "entity": "this",
                            "lore": [
                                [
                                    {
                                        "text": "Requires: ",
                                        "color": "yellow",
                                        "italic": false
                                    },
                                    {
                                        "nbt": "XpRequirements.Lifesteal",
                                        "storage": "enchantmentplus",
                                        "color": "green",
                                        "italic": false
                                    },
                                    {
                                        "text": " XP",
                                        "color": "green",
                                        "italic": false
                                    }
                                ],
                                [
                                    {
                                        "text": "Costs: ",
                                        "color": "yellow",
                                        "italic": false
                                    },
                                    {
                                        "nbt": "XpCosts.Lifesteal",
                                        "storage": "enchantmentplus",
                                        "color": "red",
                                        "italic": false
                                    },
                                    {
                                        "text": " XP",
                                        "color": "red",
                                        "italic": false
                                    }
                                ]
                            ]
                        },
                        {
                            "conditions": [
                                {
                                    "condition": "minecraft:entity_scores",
                                    "entity": "this",
                                    "scores": {
                                        "ENCHRecipeId": 1015
                                    }
                                }
                            ],
                            "function": "minecraft:set_lore",
                            "entity": "this",
                            "lore": [
                                [
                                    {
                                        "text": "Requires: ",
                                        "color": "yellow",
                                        "italic": false
                                    },
                                    {
                                        "nbt": "XpRequirements.Lumberjack",
                                        "storage": "enchantmentplus",
                                        "color": "green",
                                        "italic": false
                                    },
                                    {
                                        "text": " XP",
                                        "color": "green",
                                        "italic": false
                                    }
                                ],
                                [
                                    {
                                        "text": "Costs: ",
                                        "color": "yellow",
                                        "italic": false
                                    },
                                    {
                                        "nbt": "XpCosts.Lumberjack",
                                        "storage": "enchantmentplus",
                                        "color": "red",
                                        "italic": false
                                    },
                                    {
                                        "text": " XP",
                                        "color": "red",
                                        "italic": false
                                    }
                                ]
                            ]
                        },
                        {
                            "conditions": [
                                {
                                    "condition": "minecraft:entity_scores",
                                    "entity": "this",
                                    "scores": {
                                        "ENCHRecipeId": 1022
                                    }
                                }
                            ],
                            "function": "minecraft:set_lore",
                            "entity": "this",
                            "lore": [
                                [
                                    {
                                        "text": "Requires: ",
                                        "color": "yellow",
                                        "italic": false
                                    },
                                    {
                                        "nbt": "XpRequirements.RoyalGuard",
                                        "storage": "enchantmentplus",
                                        "color": "green",
                                        "italic": false
                                    },
                                    {
                                        "text": " XP",
                                        "color": "green",
                                        "italic": false
                                    }
                                ],
                                [
                                    {
                                        "text": "Costs: ",
                                        "color": "yellow",
                                        "italic": false
                                    },
                                    {
                                        "nbt": "XpCosts.RoyalGuard",
                                        "storage": "enchantmentplus",
                                        "color": "red",
                                        "italic": false
                                    },
                                    {
                                        "text": " XP",
                                        "color": "red",
                                        "italic": false
                                    }
                                ]
                            ]
                        },
                        {
                            "conditions": [
                                {
                                    "condition": "minecraft:entity_scores",
                                    "entity": "this",
                                    "scores": {
                                        "ENCHRecipeId": 1025
                                    }
                                }
                            ],
                            "function": "minecraft:set_lore",
                            "entity": "this",
                            "lore": [
                                [
                                    {
                                        "text": "Requires: ",
                                        "color": "yellow",
                                        "italic": false
                                    },
                                    {
                                        "nbt": "XpRequirements.ShadowHunter",
                                        "storage": "enchantmentplus",
                                        "color": "green",
                                        "italic": false
                                    },
                                    {
                                        "text": " XP",
                                        "color": "green",
                                        "italic": false
                                    }
                                ],
                                [
                                    {
                                        "text": "Costs: ",
                                        "color": "yellow",
                                        "italic": false
                                    },
                                    {
                                        "nbt": "XpCosts.ShadowHunter",
                                        "storage": "enchantmentplus",
                                        "color": "red",
                                        "italic": false
                                    },
                                    {
                                        "text": " XP",
                                        "color": "red",
                                        "italic": false
                                    }
                                ]
                            ]
                        },
                        {
                            "conditions": [
                                {
                                    "condition": "minecraft:entity_scores",
                                    "entity": "this",
                                    "scores": {
                                        "ENCHRecipeId": 1027
                                    }
                                }
                            ],
                            "function": "minecraft:set_lore",
                            "entity": "this",
                            "lore": [
                                [
                                    {
                                        "text": "Requires: ",
                                        "color": "yellow",
                                        "italic": false
                                    },
                                    {
                                        "nbt": "XpRequirements.SteadfastSpikes",
                                        "storage": "enchantmentplus",
                                        "color": "green",
                                        "italic": false
                                    },
                                    {
                                        "text": " XP",
                                        "color": "green",
                                        "italic": false
                                    }
                                ],
                                [
                                    {
                                        "text": "Costs: ",
                                        "color": "yellow",
                                        "italic": false
                                    },
                                    {
                                        "nbt": "XpCosts.SteadfastSpikes",
                                        "storage": "enchantmentplus",
                                        "color": "red",
                                        "italic": false
                                    },
                                    {
                                        "text": " XP",
                                        "color": "red",
                                        "italic": false
                                    }
                                ]
                            ]
                        },
                        {
                            "conditions": [
                                {
                                    "condition": "minecraft:entity_scores",
                                    "entity": "this",
                                    "scores": {
                                        "ENCHRecipeId": 1016
                                    }
                                }
                            ],
                            "function": "minecraft:set_lore",
                            "entity": "this",
                            "lore": [
                                [
                                    {
                                        "text": "Requires: ",
                                        "color": "yellow",
                                        "italic": false
                                    },
                                    {
                                        "nbt": "XpRequirements.StoneFists",
                                        "storage": "enchantmentplus",
                                        "color": "green",
                                        "italic": false
                                    },
                                    {
                                        "text": " XP",
                                        "color": "green",
                                        "italic": false
                                    }
                                ],
                                [
                                    {
                                        "text": "Costs: ",
                                        "color": "yellow",
                                        "italic": false
                                    },
                                    {
                                        "nbt": "XpCosts.StoneFists",
                                        "storage": "enchantmentplus",
                                        "color": "red",
                                        "italic": false
                                    },
                                    {
                                        "text": " XP",
                                        "color": "red",
                                        "italic": false
                                    }
                                ]
                            ]
                        },
                        {
                            "conditions": [
                                {
                                    "condition": "minecraft:entity_scores",
                                    "entity": "this",
                                    "scores": {
                                        "ENCHRecipeId": 1017
                                    }
                                }
                            ],
                            "function": "minecraft:set_lore",
                            "entity": "this",
                            "lore": [
                                [
                                    {
                                        "text": "Requires: ",
                                        "color": "yellow",
                                        "italic": false
                                    },
                                    {
                                        "nbt": "XpRequirements.ThermalPlating",
                                        "storage": "enchantmentplus",
                                        "color": "green",
                                        "italic": false
                                    },
                                    {
                                        "text": " XP",
                                        "color": "green",
                                        "italic": false
                                    }
                                ],
                                [
                                    {
                                        "text": "Costs: ",
                                        "color": "yellow",
                                        "italic": false
                                    },
                                    {
                                        "nbt": "XpCosts.ThermalPlating",
                                        "storage": "enchantmentplus",
                                        "color": "red",
                                        "italic": false
                                    },
                                    {
                                        "text": " XP",
                                        "color": "red",
                                        "italic": false
                                    }
                                ]
                            ]
                        },
                        {
                            "conditions": [
                                {
                                    "condition": "minecraft:entity_scores",
                                    "entity": "this",
                                    "scores": {
                                        "ENCHRecipeId": 1018
                                    }
                                }
                            ],
                            "function": "minecraft:set_lore",
                            "entity": "this",
                            "lore": [
                                [
                                    {
                                        "text": "Requires: ",
                                        "color": "yellow",
                                        "italic": false
                                    },
                                    {
                                        "nbt": "XpRequirements.Traveler",
                                        "storage": "enchantmentplus",
                                        "color": "green",
                                        "italic": false
                                    },
                                    {
                                        "text": " XP",
                                        "color": "green",
                                        "italic": false
                                    }
                                ],
                                [
                                    {
                                        "text": "Costs: ",
                                        "color": "yellow",
                                        "italic": false
                                    },
                                    {
                                        "nbt": "XpCosts.Traveler",
                                        "storage": "enchantmentplus",
                                        "color": "red",
                                        "italic": false
                                    },
                                    {
                                        "text": " XP",
                                        "color": "red",
                                        "italic": false
                                    }
                                ]
                            ]
                        },
                        {
                            "conditions": [
                                {
                                    "condition": "minecraft:entity_scores",
                                    "entity": "this",
                                    "scores": {
                                        "ENCHRecipeId": 1019
                                    }
                                }
                            ],
                            "function": "minecraft:set_lore",
                            "entity": "this",
                            "lore": [
                                [
                                    {
                                        "text": "Requires: ",
                                        "color": "yellow",
                                        "italic": false
                                    },
                                    {
                                        "nbt": "XpRequirements.Unbreakable",
                                        "storage": "enchantmentplus",
                                        "color": "green",
                                        "italic": false
                                    },
                                    {
                                        "text": " XP",
                                        "color": "green",
                                        "italic": false
                                    }
                                ],
                                [
                                    {
                                        "text": "Costs: ",
                                        "color": "yellow",
                                        "italic": false
                                    },
                                    {
                                        "nbt": "XpCosts.Unbreakable",
                                        "storage": "enchantmentplus",
                                        "color": "red",
                                        "italic": false
                                    },
                                    {
                                        "text": " XP",
                                        "color": "red",
                                        "italic": false
                                    }
                                ]
                            ]
                        },
                        {
                            "conditions": [
                                {
                                    "condition": "minecraft:entity_scores",
                                    "entity": "this",
                                    "scores": {
                                        "ENCHRecipeId": 1020
                                    }
                                }
                            ],
                            "function": "minecraft:set_lore",
                            "entity": "this",
                            "lore": [
                                [
                                    {
                                        "text": "Requires: ",
                                        "color": "yellow",
                                        "italic": false
                                    },
                                    {
                                        "nbt": "XpRequirements.VeinMiner",
                                        "storage": "enchantmentplus",
                                        "color": "green",
                                        "italic": false
                                    },
                                    {
                                        "text": " XP",
                                        "color": "green",
                                        "italic": false
                                    }
                                ],
                                [
                                    {
                                        "text": "Costs: ",
                                        "color": "yellow",
                                        "italic": false
                                    },
                                    {
                                        "nbt": "XpCosts.VeinMiner",
                                        "storage": "enchantmentplus",
                                        "color": "red",
                                        "italic": false
                                    },
                                    {
                                        "text": " XP",
                                        "color": "red",
                                        "italic": false
                                    }
                                ]
                            ]
                        },
                        {
                            "conditions": [
                                {
                                    "condition": "minecraft:entity_scores",
                                    "entity": "this",
                                    "scores": {
                                        "ENCHRecipeId": 1024
                                    }
                                }
                            ],
                            "function": "minecraft:set_lore",
                            "entity": "this",
                            "lore": [
                                [
                                    {
                                        "text": "Requires: ",
                                        "color": "yellow",
                                        "italic": false
                                    },
                                    {
                                        "nbt": "XpRequirements.VoidStrike",
                                        "storage": "enchantmentplus",
                                        "color": "green",
                                        "italic": false
                                    },
                                    {
                                        "text": " XP",
                                        "color": "green",
                                        "italic": false
                                    }
                                ],
                                [
                                    {
                                        "text": "Costs: ",
                                        "color": "yellow",
                                        "italic": false
                                    },
                                    {
                                        "nbt": "XpCosts.VoidStrike",
                                        "storage": "enchantmentplus",
                                        "color": "red",
                                        "italic": false
                                    },
                                    {
                                        "text": " XP",
                                        "color": "red",
                                        "italic": false
                                    }
                                ]
                            ]
                        },
                        {
                            "conditions": [
                                {
                                    "condition": "minecraft:entity_scores",
                                    "entity": "this",
                                    "scores": {
                                        "ENCHRecipeId": 1021
                                    }
                                }
                            ],
                            "function": "minecraft:set_lore",
                            "entity": "this",
                            "lore": [
                                [
                                    {
                                        "text": "Requires: ",
                                        "color": "yellow",
                                        "italic": false
                                    },
                                    {
                                        "nbt": "XpRequirements.Wide",
                                        "storage": "enchantmentplus",
                                        "color": "green",
                                        "italic": false
                                    },
                                    {
                                        "text": " XP",
                                        "color": "green",
                                        "italic": false
                                    }
                                ],
                                [
                                    {
                                        "text": "Costs: ",
                                        "color": "yellow",
                                        "italic": false
                                    },
                                    {
                                        "nbt": "XpCosts.Wide",
                                        "storage": "enchantmentplus",
                                        "color": "red",
                                        "italic": false
                                    },
                                    {
                                        "text": " XP",
                                        "color": "red",
                                        "italic": false
                                    }
                                ]
                            ]
                        }
                    ]
                }
            ]
        }
    ]
}