{
	"type": "minecraft:command",
	"pools": [
		{
			"rolls": 1,
			"entries": [
				{
					"type": "minecraft:item",
					"name": "minecraft:written_book",
					"functions": [
						{
							"function": "minecraft:set_nbt",
							"tag": "{EnchantmentPlusData:{id:\"guide\",version:3.1d},CustomModelData:6960001,ctc:{id:\"enchantmentplus_guide\",from:\"wyvernity:enchantmentplus\",traits:{item:1b}},display:{Name:'{\"text\":\"Enchantment+ Guide\",\"color\":\"yellow\",\"italic\":false}',Lore:['{\"text\":\"Version 3.1\",\"color\":\"gray\",\"italic\":false}']},HideFlags:32,title:\"\",author:\"\",generation:2,pages:['[{\"text\":\"  \"},{\"text\":\"Enchantment+ Guide\\\\n\\\\n\",\"color\":\"dark_purple\",\"underlined\":true,\"hoverEvent\":{\"action\":\"show_text\",\"contents\":[{\"text\":\"Created by \"},{\"text\":\"Wyvernity\",\"color\":\"dark_aqua\"}]}},{\"text\":\"> Vanilla Module\\\\n\",\"color\":\"dark_gray\",\"hoverEvent\":{\"action\":\"show_text\",\"contents\":[{\"text\":\"         \"},{\"text\":\"Enchanting Beyond Vanilla Levels\\\\n\\\\n\",\"underlined\":true},{\"text\":\"\\\\uAD01 Combine same level enchantments\\\\n                 to exceed their vanilla levels!\\\\n\\\\n                 Enchanted books can also be\\\\n                 combined into a stronger\\\\n                 enchanted book.\\\\n\\\\n\",\"color\":\"white\",\"underlined\":false},{\"text\":\"Enchanting items with books;\\\\n\",\"color\":\"yellow\",\"underlined\":false},{\"text\":\"Requires \",\"color\":\"yellow\",\"underlined\":false},{\"storage\":\"enchantmentplus\",\"nbt\":\"XpRequirements.EnchantItem\",\"color\":\"green\",\"underlined\":false},{\"text\":\" XP\",\"color\":\"green\",\"underlined\":false},{\"text\":\" / \",\"color\":\"gray\",\"underlined\":false},{\"text\":\"Costs \",\"color\":\"yellow\",\"underlined\":false},{\"storage\":\"enchantmentplus\",\"nbt\":\"XpCosts.EnchantItem\",\"color\":\"red\",\"underlined\":false},{\"text\":\" XP\",\"color\":\"red\",\"underlined\":false},{\"text\":\"\\\\n\\\\nCombining books;\\\\n\",\"color\":\"yellow\",\"underlined\":false},{\"text\":\"Requires \",\"color\":\"yellow\",\"underlined\":false},{\"storage\":\"enchantmentplus\",\"nbt\":\"XpRequirements.CombineBook\",\"color\":\"green\",\"underlined\":false},{\"text\":\" XP\",\"color\":\"green\",\"underlined\":false},{\"text\":\" / \",\"color\":\"gray\",\"underlined\":false},{\"text\":\"Costs \",\"color\":\"yellow\",\"underlined\":false},{\"storage\":\"enchantmentplus\",\"nbt\":\"XpCosts.CombineBook\",\"color\":\"red\",\"underlined\":false},{\"text\":\" XP\",\"color\":\"red\",\"underlined\":false}]}},{\"text\":\"> Disenchant. Module\\\\n\",\"color\":\"gray\",\"hoverEvent\":{\"action\":\"show_text\",\"contents\":[{\"text\":\"                 \"},{\"text\":\"Disenchanting\\\\n\\\\n\",\"underlined\":true},{\"text\":\"\\\\uAD02 Disenchant an item by\\\\n                 combining it with a book.\\\\n\\\\n                 This will take the undermost\\\\n                 enchantment from the item\\\\n                 and put it into the book.\\\\n\\\\nDisenchanting an enchanted book will\\\\nseparate enchantments into new books.\\\\n\\\\n\",\"underlined\":false},{\"text\":\"Requires \",\"color\":\"yellow\",\"underlined\":false},{\"storage\":\"enchantmentplus\",\"nbt\":\"XpRequirements.DisenchantmentModule\",\"color\":\"green\",\"underlined\":false},{\"text\":\" XP\",\"color\":\"green\",\"underlined\":false},{\"text\":\" / \",\"color\":\"gray\",\"underlined\":false},{\"text\":\"Costs \",\"color\":\"yellow\",\"underlined\":false},{\"storage\":\"enchantmentplus\",\"nbt\":\"XpCosts.DisenchantmentModule\",\"color\":\"red\",\"underlined\":false},{\"text\":\" XP\",\"color\":\"red\",\"underlined\":false},{\"text\":\"\\\\n\\\\nCustom enchantments cannot be\\\\ndisenchanted\",\"color\":\"red\",\"underlined\":false}]}},{\"text\":\"> Resource Module\\\\n\",\"color\":\"dark_gray\",\"hoverEvent\":{\"action\":\"show_text\",\"contents\":[{\"text\":\"Enchant items with resources instead of\\\\nusing enchanted books.\\\\n\\\\n\"},{\"text\":\"Click to see the recipes.\",\"italic\":true,\"color\":\"gray\"}]},\"clickEvent\":{\"action\":\"change_page\",\"value\":\"2\"}},{\"text\":\"> Custom Module\\\\n\",\"color\":\"gray\",\"clickEvent\":{\"action\":\"change_page\",\"value\":\"6\"},\"hoverEvent\":{\"action\":\"show_text\",\"contents\":[{\"text\":\"Enchant items with useful enchantments\\\\nadded by the data pack.\\\\n\\\\n\"},{\"text\":\"Click to see the recipes.\",\"italic\":true,\"color\":\"gray\"}]}},{\"text\":\"> Custom En. Removal\\\\n\",\"color\":\"dark_gray\",\"hoverEvent\":{\"action\":\"show_text\",\"contents\":[{\"text\":\"         \"},{\"text\":\"Removing Custom Enchantments\\\\n\\\\n\",\"underlined\":true},{\"text\":\"\\\\uAD03 Rename a name tag to a custom\\\\n                 enchantment, then combine it with\\\\n                 the wanted item to remove that\\\\n                 custom enchantment.\\\\n\\\\n\",\"underlined\":false},{\"text\":\"                 Renaming must be case sensitive.\\\\n\\\\n\",\"color\":\"yellow\",\"underlined\":false},{\"text\":\"Requires \",\"color\":\"yellow\",\"underlined\":false},{\"storage\":\"enchantmentplus\",\"nbt\":\"XpRequirements.RemoveCustom\",\"color\":\"green\",\"underlined\":false},{\"text\":\" XP\",\"color\":\"green\",\"underlined\":false},{\"text\":\" / \",\"color\":\"gray\",\"underlined\":false},{\"text\":\"Costs \",\"color\":\"yellow\",\"underlined\":false},{\"storage\":\"enchantmentplus\",\"nbt\":\"XpCosts.RemoveCustom\",\"color\":\"red\",\"underlined\":false},{\"text\":\" XP\",\"color\":\"red\",\"underlined\":false}]}},{\"text\":\"> Option Menu\\\\n\",\"color\":\"gray\",\"clickEvent\":{\"action\":\"run_command\",\"value\":\"/trigger Enchantment+Menu\"},\"hoverEvent\":{\"action\":\"show_text\",\"contents\":[{\"text\":\"            \"},{\"text\":\"Enchantment+ Option Menu\\\\n\\\\n\",\"underlined\":true},{\"text\":\"All custom enchantments can be configured\\\\nin the option menu. \",\"underlined\":false},{\"text\":\"Click to open the menu.\\\\n\\\\n\",\"color\":\"gray\",\"italic\":true,\"underlined\":false},{\"text\":\"One can also use \",\"color\":\"white\",\"italic\":false,\"underlined\":false},{\"text\":\"/trigger Enchantment+Menu\",\"color\":\"gold\",\"underlined\":false},{\"text\":\"\\\\ncommand to open the option menu anywhere.\\\\n\\\\n\",\"underlined\":false},{\"text\":\"Changing an option here will only affect the\\\\nplayer who made the change.\",\"color\":\"yellow\",\"underlined\":false}]}},{\"text\":\"> Admin Menu\\\\n\",\"color\":\"dark_gray\",\"hoverEvent\":{\"action\":\"show_text\",\"contents\":[{\"text\":\"            \"},{\"text\":\"Enchantment+ Admin Menu\\\\n\\\\n\",\"color\":\"white\",\"underlined\":true},{\"text\":\"This menu allows operators to enable, disable\\\\nor limit the features of the data pack.\\\\n\\\\nRun \",\"color\":\"white\",\"underlined\":false},{\"text\":\"/function enchantmentplus:admin_menu\",\"color\":\"gold\",\"underlined\":false},{\"text\":\"\\\\ncommand to open the admin menu.\",\"underlined\":false},{\"text\":\"\\\\n\\\\nChanges made here affect all the players.\",\"color\":\"yellow\",\"underlined\":false},{\"text\":\"\\\\n\\\\nAdmin menu is for operators only.\",\"color\":\"red\",\"underlined\":false}]}},{\"text\":\"> Vanilla Recipes\",\"color\":\"gray\",\"hoverEvent\":{\"action\":\"show_text\",\"contents\":[{\"text\":\"        \",\"underlined\":false},{\"text\":\"Podzol\\\\n\",\"color\":\"white\",\"underlined\": true},{\"text\":\"\\\\uAF03\\\\n\\\\n\\\\n\\\\n\\\\n\\\\n\",\"color\":\"white\",\"underlined\":false}]}},{\"text\":\"\\\\n\\\\n\\\\n [ \",\"color\":\"dark_gray\"},{\"text\":\"Update Guide Book\",\"color\":\"dark_green\",\"clickEvent\":{\"action\":\"run_command\",\"value\":\"/trigger Enchantment+Menu set 1000\"},\"hoverEvent\":{\"action\":\"show_text\",\"contents\":[{\"text\":\"The guide book cannot automatically update\\\\nvalues such as experience requirements\\\\nand max levels when they are changed.\"},{\"text\":\"\\\\n\\\\nClick to manually update the values in the\\\\nguide book.\",\"color\":\"gray\",\"italic\":true}]}},{\"text\":\" ]\",\"color\":\"dark_gray\"}]','[{\"text\":\" \"},{\"text\":\"Enchantment Recipes\\\\n\\\\n\",\"color\":\"dark_red\",\"underlined\":true},{\"text\":\"• Aqua Affinity\\\\n\",\"color\":\"dark_gray\",\"hoverEvent\":{\"action\":\"show_text\",\"contents\":[{\"text\":\"         \"},{\"text\":\"Aqua Affinity\\\\n\\\\n\",\"underlined\":true},{\"text\":\"         \\\\uAE01\\\\n\\\\n\\\\n\\\\n\\\\n\\\\n\\\\nAvailable Items: \\\\uAB06\\\\uAB13\",\"underlined\":false},{\"text\":\"\\\\n\\\\nRequires \",\"color\":\"yellow\",\"underlined\":false},{\"storage\":\"enchantmentplus\",\"nbt\":\"XpRequirements.ResourceModule\",\"color\":\"green\",\"underlined\":false},{\"text\":\" XP\",\"color\":\"green\",\"underlined\":false},{\"text\":\" / \",\"color\":\"gray\",\"underlined\":false},{\"text\":\"Costs \",\"color\":\"yellow\",\"underlined\":false},{\"storage\":\"enchantmentplus\",\"nbt\":\"XpCosts.ResourceModule\",\"color\":\"red\",\"underlined\":false},{\"text\":\" XP\",\"color\":\"red\",\"underlined\":false}]}},{\"text\":\"• Bane of Arthropods\\\\n\",\"color\":\"gray\",\"hoverEvent\":{\"action\":\"show_text\",\"contents\":[{\"text\":\"      \"},{\"text\":\"Bane of Arthropods\\\\n\\\\n\",\"underlined\":true},{\"text\":\"          \\\\uAE02\\\\n\\\\n\\\\n\\\\n\\\\n\\\\n\\\\nAvailable Items: \\\\uAB01\\\\uAB03\",\"underlined\":false},{\"text\":\"\\\\nMax Level: \",\"color\":\"white\",\"underlined\":false},{\"score\":{\"name\":\"%BaneOfArthropodsMaxLevel\",\"objective\":\"ENCHSettings\"},\"color\":\"gray\",\"underlined\":false},{\"text\":\"\\\\n\\\\nRequires \",\"color\":\"yellow\",\"underlined\":false},{\"storage\":\"enchantmentplus\",\"nbt\":\"XpRequirements.ResourceModule\",\"color\":\"green\",\"underlined\":false},{\"text\":\" XP\",\"color\":\"green\",\"underlined\":false},{\"text\":\" / \",\"color\":\"gray\",\"underlined\":false},{\"text\":\"Costs \",\"color\":\"yellow\",\"underlined\":false},{\"storage\":\"enchantmentplus\",\"nbt\":\"XpCosts.ResourceModule\",\"color\":\"red\",\"underlined\":false},{\"text\":\" XP\",\"color\":\"red\",\"underlined\":false},{\"text\":\"\\\\n\\\\nNot compatible with Smite\\\\nand Sharpness\",\"color\":\"red\",\"underlined\":false}]}},{\"text\":\"• Blast Protection\\\\n\",\"color\":\"dark_gray\",\"hoverEvent\":{\"action\":\"show_text\",\"contents\":[{\"text\":\"         \"},{\"text\":\"Blast Protection\\\\n\\\\n\",\"underlined\":true},{\"text\":\"           \\\\uAE03\\\\n\\\\n\\\\n\\\\n\\\\n\\\\n\\\\nAvailable Items: \\\\uAB06\\\\uAB07\\\\uAB08\\\\uAB09\\\\uAB13\",\"underlined\":false},{\"text\":\"\\\\nMax Level: \",\"color\":\"white\",\"underlined\":false},{\"score\":{\"name\":\"%BlastProtectionMaxLevel\",\"objective\":\"ENCHSettings\"},\"color\":\"gray\",\"underlined\":false},{\"text\":\"\\\\n\\\\nRequires \",\"color\":\"yellow\",\"underlined\":false},{\"storage\":\"enchantmentplus\",\"nbt\":\"XpRequirements.ResourceModule\",\"color\":\"green\",\"underlined\":false},{\"text\":\" XP\",\"color\":\"green\",\"underlined\":false},{\"text\":\" / \",\"color\":\"gray\",\"underlined\":false},{\"text\":\"Costs \",\"color\":\"yellow\",\"underlined\":false},{\"storage\":\"enchantmentplus\",\"nbt\":\"XpCosts.ResourceModule\",\"color\":\"red\",\"underlined\":false},{\"text\":\" XP\",\"color\":\"red\",\"underlined\":false},{\"text\":\"\\\\n\\\\nNot compatible with Protection,\\\\nFire Protection and Projectile\\\\nProtection\",\"underlined\":false,\"color\":\"red\"}]}},{\"text\":\"• Channeling\\\\n\",\"color\":\"gray\",\"hoverEvent\":{\"action\":\"show_text\",\"contents\":[{\"text\":\"           \"},{\"text\":\"Channeling\\\\n\\\\n\",\"underlined\":true},{\"text\":\"          \\\\uAE04\\\\n\\\\n\\\\n\\\\n\\\\n\\\\n\\\\nAvailable Items: \\\\uAB12\",\"underlined\":false},{\"text\":\"\\\\n\\\\nRequires \",\"color\":\"yellow\",\"underlined\":false},{\"storage\":\"enchantmentplus\",\"nbt\":\"XpRequirements.ResourceModule\",\"color\":\"green\",\"underlined\":false},{\"text\":\" XP\",\"color\":\"green\",\"underlined\":false},{\"text\":\" / \",\"color\":\"gray\",\"underlined\":false},{\"text\":\"Costs \",\"color\":\"yellow\",\"underlined\":false},{\"storage\":\"enchantmentplus\",\"nbt\":\"XpCosts.ResourceModule\",\"color\":\"red\",\"underlined\":false},{\"text\":\" XP\",\"color\":\"red\",\"underlined\":false},{\"text\":\"\\\\n\\\\nNot compatible with Riptide\",\"underlined\":false,\"color\":\"red\"}]}},{\"text\":\"• Curse of Binding\\\\n\",\"color\":\"dark_gray\",\"hoverEvent\":{\"action\":\"show_text\",\"contents\":[{\"text\":\"            \"},{\"text\":\"Curse of Binding\\\\n\\\\n\",\"color\":\"red\",\"underlined\":true},{\"text\":\"              \\\\uAE05\\\\n\\\\n\\\\n\\\\n\\\\n\\\\n\\\\nAvailable Items: All Equipable Gears\",\"color\":\"white\",\"underlined\":false},{\"text\":\"\\\\n\\\\nRequires \",\"color\":\"yellow\",\"underlined\":false},{\"storage\":\"enchantmentplus\",\"nbt\":\"XpRequirements.ResourceModule\",\"color\":\"green\",\"underlined\":false},{\"text\":\" XP\",\"color\":\"green\",\"underlined\":false},{\"text\":\" / \",\"color\":\"gray\",\"underlined\":false},{\"text\":\"Costs \",\"color\":\"yellow\",\"underlined\":false},{\"storage\":\"enchantmentplus\",\"nbt\":\"XpCosts.ResourceModule\",\"color\":\"red\",\"underlined\":false},{\"text\":\" XP\",\"color\":\"red\",\"underlined\":false}]}},{\"text\":\"• Curse of Vanishing\\\\n\",\"color\":\"gray\",\"hoverEvent\":{\"action\":\"show_text\",\"contents\":[{\"text\":\"          \"},{\"text\":\"Curse of Vanishing\\\\n\\\\n\",\"color\":\"red\",\"underlined\":true},{\"text\":\"              \\\\uAE06\\\\n\\\\n\\\\n\\\\n\\\\n\\\\n\\\\nAvailable Items: All Tools and Gears\",\"underlined\":false,\"color\":\"white\"},{\"text\":\"\\\\n\\\\nRequires \",\"color\":\"yellow\",\"underlined\":false},{\"storage\":\"enchantmentplus\",\"nbt\":\"XpRequirements.ResourceModule\",\"color\":\"green\",\"underlined\":false},{\"text\":\" XP\",\"color\":\"green\",\"underlined\":false},{\"text\":\" / \",\"color\":\"gray\",\"underlined\":false},{\"text\":\"Costs \",\"color\":\"yellow\",\"underlined\":false},{\"storage\":\"enchantmentplus\",\"nbt\":\"XpCosts.ResourceModule\",\"color\":\"red\",\"underlined\":false},{\"text\":\" XP\",\"color\":\"red\",\"underlined\":false}]}},{\"text\":\"• Depth Strider\\\\n\",\"color\":\"dark_gray\",\"hoverEvent\":{\"action\":\"show_text\",\"contents\":[{\"text\":\"         \"},{\"text\":\"Depth Strider\\\\n\\\\n\",\"underlined\":true},{\"text\":\"          \\\\uAE08\\\\n\\\\n\\\\n\\\\n\\\\n\\\\n\\\\nAvailable Items: \\\\uAB09\",\"underlined\":false},{\"text\":\"\\\\nMax Level: \",\"color\":\"white\",\"underlined\":false},{\"text\":\"3\",\"color\":\"gray\",\"underlined\":false},{\"text\":\"\\\\n\\\\nRequires \",\"color\":\"yellow\",\"underlined\":false},{\"storage\":\"enchantmentplus\",\"nbt\":\"XpRequirements.ResourceModule\",\"color\":\"green\",\"underlined\":false},{\"text\":\" XP\",\"color\":\"green\",\"underlined\":false},{\"text\":\" / \",\"color\":\"gray\",\"underlined\":false},{\"text\":\"Costs \",\"color\":\"yellow\",\"underlined\":false},{\"storage\":\"enchantmentplus\",\"nbt\":\"XpCosts.ResourceModule\",\"color\":\"red\",\"underlined\":false},{\"text\":\" XP\",\"color\":\"red\",\"underlined\":false},{\"text\":\"\\\\n\\\\nNot compatible with Frost\\\\nWalker\",\"color\":\"red\",\"underlined\":false}]}},{\"text\":\"• Efficiency\\\\n\",\"color\":\"gray\",\"hoverEvent\":{\"action\":\"show_text\",\"contents\":[{\"text\":\"            \"},{\"text\":\"Efficiency\\\\n\\\\n\",\"underlined\":true},{\"text\":\"          \\\\uAE13\\\\n\\\\n\\\\n\\\\n\\\\n\\\\n\\\\nAvailable Items: \\\\uAB02\\\\uAB03\\\\uAB04\\\\uAB05\",\"underlined\":false},{\"text\":\"\\\\nMax Level: \",\"color\":\"white\",\"underlined\":false},{\"score\":{\"name\":\"%EfficiencyMaxLevel\",\"objective\":\"ENCHSettings\"},\"color\":\"gray\",\"underlined\":false},{\"text\":\"\\\\n\\\\nRequires \",\"color\":\"yellow\",\"underlined\":false},{\"storage\":\"enchantmentplus\",\"nbt\":\"XpRequirements.ResourceModule\",\"color\":\"green\",\"underlined\":false},{\"text\":\" XP\",\"color\":\"green\",\"underlined\":false},{\"text\":\" / \",\"color\":\"gray\",\"underlined\":false},{\"text\":\"Costs \",\"color\":\"yellow\",\"underlined\":false},{\"storage\":\"enchantmentplus\",\"nbt\":\"XpCosts.ResourceModule\",\"color\":\"red\",\"underlined\":false},{\"text\":\" XP\",\"color\":\"red\",\"underlined\":false}]}},{\"text\":\"• Feather Falling\\\\n\",\"color\":\"dark_gray\",\"hoverEvent\":{\"action\":\"show_text\",\"contents\":[{\"text\":\"        \"},{\"text\":\"Feather Falling\\\\n\\\\n\",\"underlined\":true},{\"text\":\"          \\\\uAE09\\\\n\\\\n\\\\n\\\\n\\\\n\\\\n\\\\nAvailable Items: \\\\uAB09\",\"underlined\":false},{\"text\":\"\\\\nMax Level: \",\"color\":\"white\",\"underlined\":false},{\"score\":{\"name\":\"%FeatherFallingMaxLevel\",\"objective\":\"ENCHSettings\"},\"color\":\"gray\",\"underlined\":false},{\"text\":\"\\\\n\\\\nRequires \",\"color\":\"yellow\",\"underlined\":false},{\"storage\":\"enchantmentplus\",\"nbt\":\"XpRequirements.ResourceModule\",\"color\":\"green\",\"underlined\":false},{\"text\":\" XP\",\"color\":\"green\",\"underlined\":false},{\"text\":\" / \",\"color\":\"gray\",\"underlined\":false},{\"text\":\"Costs \",\"color\":\"yellow\",\"underlined\":false},{\"storage\":\"enchantmentplus\",\"nbt\":\"XpCosts.ResourceModule\",\"color\":\"red\",\"underlined\":false},{\"text\":\" XP\",\"color\":\"red\",\"underlined\":false}]}},{\"text\":\"• Fire Aspect\\\\n\",\"color\":\"gray\",\"hoverEvent\":{\"action\":\"show_text\",\"contents\":[{\"text\":\"           \"},{\"text\":\"Fire Aspect\\\\n\\\\n\",\"underlined\":true},{\"text\":\"          \\\\uAE10\\\\n\\\\n\\\\n\\\\n\\\\n\\\\n\\\\nAvailable Items: \\\\uAB01\",\"underlined\":false},{\"text\":\"\\\\nMax Level: \",\"color\":\"white\",\"underlined\":false},{\"score\":{\"name\":\"%FireAspectMaxLevel\",\"objective\":\"ENCHSettings\"},\"color\":\"gray\",\"underlined\":false},{\"text\":\"\\\\n\\\\nRequires \",\"color\":\"yellow\",\"underlined\":false},{\"storage\":\"enchantmentplus\",\"nbt\":\"XpRequirements.ResourceModule\",\"color\":\"green\",\"underlined\":false},{\"text\":\" XP\",\"color\":\"green\",\"underlined\":false},{\"text\":\" / \",\"color\":\"gray\",\"underlined\":false},{\"text\":\"Costs \",\"color\":\"yellow\",\"underlined\":false},{\"storage\":\"enchantmentplus\",\"nbt\":\"XpCosts.ResourceModule\",\"color\":\"red\",\"underlined\":false},{\"text\":\" XP\",\"color\":\"red\",\"underlined\":false}]}}]','[{\"text\":\"\\\\n\\\\n\"},{\"text\":\"• Fire Protection\\\\n\",\"color\":\"dark_gray\",\"hoverEvent\":{\"action\":\"show_text\",\"contents\":[{\"text\":\"          \"},{\"text\":\"Fire Protection\\\\n\\\\n\",\"underlined\":true},{\"text\":\"           \\\\uAE11\\\\n\\\\n\\\\n\\\\n\\\\n\\\\n\\\\nAvailable Items: \\\\uAB06\\\\uAB07\\\\uAB08\\\\uAB09\\\\uAB13\",\"underlined\":false},{\"text\":\"\\\\nMax Level: \",\"color\":\"white\",\"underlined\":false},{\"score\":{\"name\":\"%FireProtectionMaxLevel\",\"objective\":\"ENCHSettings\"},\"color\":\"gray\",\"underlined\":false},{\"text\":\"\\\\n\\\\nRequires \",\"color\":\"yellow\",\"underlined\":false},{\"storage\":\"enchantmentplus\",\"nbt\":\"XpRequirements.ResourceModule\",\"color\":\"green\",\"underlined\":false},{\"text\":\" XP\",\"color\":\"green\",\"underlined\":false},{\"text\":\" / \",\"color\":\"gray\",\"underlined\":false},{\"text\":\"Costs \",\"color\":\"yellow\",\"underlined\":false},{\"storage\":\"enchantmentplus\",\"nbt\":\"XpCosts.ResourceModule\",\"color\":\"red\",\"underlined\":false},{\"text\":\" XP\",\"color\":\"red\",\"underlined\":false},{\"text\":\"\\\\n\\\\nNot compatible with Protection,\\\\nBlast Protection and Projectile\\\\nProtection\",\"underlined\":false,\"color\":\"red\"}]}},{\"text\":\"• Flame\\\\n\",\"color\":\"gray\",\"hoverEvent\":{\"action\":\"show_text\",\"contents\":[{\"text\":\"              \"},{\"text\":\"Flame\\\\n\\\\n\",\"underlined\":true},{\"text\":\"          \\\\uAE33\\\\n\\\\n\\\\n\\\\n\\\\n\\\\n\\\\nAvailable Items: \\\\uAB10\",\"underlined\":false},{\"text\":\"\\\\n\\\\nRequires \",\"color\":\"yellow\",\"underlined\":false},{\"storage\":\"enchantmentplus\",\"nbt\":\"XpRequirements.ResourceModule\",\"color\":\"green\",\"underlined\":false},{\"text\":\" XP\",\"color\":\"green\",\"underlined\":false},{\"text\":\" / \",\"color\":\"gray\",\"underlined\":false},{\"text\":\"Costs \",\"color\":\"yellow\",\"underlined\":false},{\"storage\":\"enchantmentplus\",\"nbt\":\"XpCosts.ResourceModule\",\"color\":\"red\",\"underlined\":false},{\"text\":\" XP\",\"color\":\"red\",\"underlined\":false}]}},{\"text\":\"• Fortune\\\\n\",\"color\":\"dark_gray\",\"hoverEvent\":{\"action\":\"show_text\",\"contents\":[{\"text\":\"              \"},{\"text\":\"Fortune\\\\n\\\\n\",\"underlined\":true},{\"text\":\"           \\\\uAE34\\\\n\\\\n\\\\n\\\\n\\\\n\\\\n\\\\nAvailable Items: \\\\uAB02\\\\uAB03\\\\uAB04\\\\uAB05\",\"underlined\":false},{\"text\":\"\\\\nMax Level: \",\"color\":\"white\",\"underlined\":false},{\"score\":{\"name\":\"%FortuneMaxLevel\",\"objective\":\"ENCHSettings\"},\"color\":\"gray\",\"underlined\":false},{\"text\":\"\\\\n\\\\nRequires \",\"color\":\"yellow\",\"underlined\":false},{\"storage\":\"enchantmentplus\",\"nbt\":\"XpRequirements.ResourceModule\",\"color\":\"green\",\"underlined\":false},{\"text\":\" XP\",\"color\":\"green\",\"underlined\":false},{\"text\":\" / \",\"color\":\"gray\",\"underlined\":false},{\"text\":\"Costs \",\"color\":\"yellow\",\"underlined\":false},{\"storage\":\"enchantmentplus\",\"nbt\":\"XpCosts.ResourceModule\",\"color\":\"red\",\"underlined\":false},{\"text\":\" XP\",\"color\":\"red\",\"underlined\":false},{\"text\":\"\\\\n\\\\nFortune is not compatible with\\\\nSilk Touch\",\"color\":\"red\",\"underlined\":false}]}},{\"text\":\"• Frost Walker\\\\n\",\"color\":\"gray\",\"hoverEvent\":{\"action\":\"show_text\",\"contents\":[{\"text\":\"          \"},{\"text\":\"Frost Walker\\\\n\\\\n\",\"underlined\":true},{\"text\":\"          \\\\uAE12\\\\n\\\\n\\\\n\\\\n\\\\n\\\\n\\\\nBlue Ice is required.\\\\n\\\\nAvailable Items: \\\\uAB09\",\"underlined\":false},{\"text\":\"\\\\nMax Level: \",\"color\":\"white\",\"underlined\":false},{\"score\":{\"name\":\"%FrostWalkerMaxLevel\",\"objective\":\"ENCHSettings\"},\"color\":\"gray\",\"underlined\":false},{\"text\":\"\\\\n\\\\nRequires \",\"color\":\"yellow\",\"underlined\":false},{\"storage\":\"enchantmentplus\",\"nbt\":\"XpRequirements.ResourceModule\",\"color\":\"green\",\"underlined\":false},{\"text\":\" XP\",\"color\":\"green\",\"underlined\":false},{\"text\":\" / \",\"color\":\"gray\",\"underlined\":false},{\"text\":\"Costs \",\"color\":\"yellow\",\"underlined\":false},{\"storage\":\"enchantmentplus\",\"nbt\":\"XpCosts.ResourceModule\",\"color\":\"red\",\"underlined\":false},{\"text\":\" XP\",\"color\":\"red\",\"underlined\":false},{\"text\":\"\\\\n\\\\nNot compatible with Depth\\\\nStrider and Lava Walker\",\"underlined\":false,\"color\":\"red\"}]}},{\"text\":\"• Impaling\\\\n\",\"color\":\"dark_gray\",\"hoverEvent\":{\"action\":\"show_text\",\"contents\":[{\"text\":\"             \"},{\"text\":\"Impaling\\\\n\\\\n\",\"underlined\":true},{\"text\":\"          \\\\uAE14\\\\n\\\\n\\\\n\\\\n\\\\n\\\\n\\\\nAvailable Items: \\\\uAB12\",\"underlined\":false},{\"text\":\"\\\\nMax Level: \",\"color\":\"white\",\"underlined\":false},{\"score\":{\"name\":\"%ImpalingMaxLevel\",\"objective\":\"ENCHSettings\"},\"color\":\"gray\",\"underlined\":false},{\"text\":\"\\\\n\\\\nRequires \",\"color\":\"yellow\",\"underlined\":false},{\"storage\":\"enchantmentplus\",\"nbt\":\"XpRequirements.ResourceModule\",\"color\":\"green\",\"underlined\":false},{\"text\":\" XP\",\"color\":\"green\",\"underlined\":false},{\"text\":\" / \",\"color\":\"gray\",\"underlined\":false},{\"text\":\"Costs \",\"color\":\"yellow\",\"underlined\":false},{\"storage\":\"enchantmentplus\",\"nbt\":\"XpCosts.ResourceModule\",\"color\":\"red\",\"underlined\":false},{\"text\":\" XP\",\"color\":\"red\",\"underlined\":false}]}},{\"text\":\"• Infinity\\\\n\",\"color\":\"gray\",\"hoverEvent\":{\"action\":\"show_text\",\"contents\":[{\"text\":\"             \"},{\"text\":\"Infinity\\\\n\\\\n\",\"underlined\":true},{\"text\":\"          \\\\uAE15\\\\n\\\\n\\\\n\\\\n\\\\n\\\\n\\\\nAvailable Items: \\\\uAB10\",\"underlined\":false},{\"text\":\"\\\\n\\\\nRequires \",\"color\":\"yellow\",\"underlined\":false},{\"storage\":\"enchantmentplus\",\"nbt\":\"XpRequirements.ResourceModule\",\"color\":\"green\",\"underlined\":false},{\"text\":\" XP\",\"color\":\"green\",\"underlined\":false},{\"text\":\" / \",\"color\":\"gray\",\"underlined\":false},{\"text\":\"Costs \",\"color\":\"yellow\",\"underlined\":false},{\"storage\":\"enchantmentplus\",\"nbt\":\"XpCosts.ResourceModule\",\"color\":\"red\",\"underlined\":false},{\"text\":\" XP\",\"color\":\"red\",\"underlined\":false},{\"text\":\"\\\\n\\\\nNot compatible with Mending\\\\nand Unbreakable\",\"color\":\"red\",\"underlined\":false}]}},{\"text\":\"• Knockback\\\\n\",\"color\":\"dark_gray\",\"hoverEvent\":{\"action\":\"show_text\",\"contents\":[{\"text\":\"           \"},{\"text\":\"Knockback\\\\n\\\\n\",\"underlined\":true},{\"text\":\"          \\\\uAE35\\\\n\\\\n\\\\n\\\\n\\\\n\\\\n\\\\nAvailable Items: \\\\uAB01\",\"underlined\":false},{\"text\":\"\\\\nMax Level: \",\"color\":\"white\",\"underlined\":false},{\"score\":{\"name\":\"%KnockbackMaxLevel\",\"objective\":\"ENCHSettings\"},\"color\":\"gray\",\"underlined\":false},{\"text\":\"\\\\n\\\\nRequires \",\"color\":\"yellow\",\"underlined\":false},{\"storage\":\"enchantmentplus\",\"nbt\":\"XpRequirements.ResourceModule\",\"color\":\"green\",\"underlined\":false},{\"text\":\" XP\",\"color\":\"green\",\"underlined\":false},{\"text\":\" / \",\"color\":\"gray\",\"underlined\":false},{\"text\":\"Costs \",\"color\":\"yellow\",\"underlined\":false},{\"storage\":\"enchantmentplus\",\"nbt\":\"XpCosts.ResourceModule\",\"color\":\"red\",\"underlined\":false},{\"text\":\" XP\",\"color\":\"red\",\"underlined\":false}]}},{\"text\":\"• Looting\\\\n\",\"color\":\"gray\",\"hoverEvent\":{\"action\":\"show_text\",\"contents\":[{\"text\":\"             \"},{\"text\":\"Looting\\\\n\\\\n\",\"underlined\":true},{\"text\":\"          \\\\uAE36\\\\n\\\\n\\\\n\\\\n\\\\n\\\\n\\\\nAvailable Items: \\\\uAB01\",\"underlined\":false},{\"text\":\"\\\\nMax Level: \",\"color\":\"white\",\"underlined\":false},{\"score\":{\"name\":\"%LootingMaxLevel\",\"objective\":\"ENCHSettings\"},\"color\":\"gray\",\"underlined\":false},{\"text\":\"\\\\n\\\\nRequires \",\"color\":\"yellow\",\"underlined\":false},{\"storage\":\"enchantmentplus\",\"nbt\":\"XpRequirements.ResourceModule\",\"color\":\"green\",\"underlined\":false},{\"text\":\" XP\",\"color\":\"green\",\"underlined\":false},{\"text\":\" / \",\"color\":\"gray\",\"underlined\":false},{\"text\":\"Costs \",\"color\":\"yellow\",\"underlined\":false},{\"storage\":\"enchantmentplus\",\"nbt\":\"XpCosts.ResourceModule\",\"color\":\"red\",\"underlined\":false},{\"text\":\" XP\",\"color\":\"red\",\"underlined\":false}]}},{\"text\":\"• Loyalty\\\\n\",\"color\":\"dark_gray\",\"hoverEvent\":{\"action\":\"show_text\",\"contents\":[{\"text\":\"             \"},{\"text\":\"Loyalty\\\\n\\\\n\",\"underlined\":true},{\"text\":\"          \\\\uAE16\\\\n\\\\n\\\\n\\\\n\\\\n\\\\n\\\\nAvailable Items: \\\\uAB12\",\"underlined\":false},{\"text\":\"\\\\nMax Level: \",\"color\":\"white\",\"underlined\":false},{\"score\":{\"name\":\"%LoyaltyMaxLevel\",\"objective\":\"ENCHSettings\"},\"color\":\"gray\",\"underlined\":false},{\"text\":\"\\\\n\\\\nRequires \",\"color\":\"yellow\",\"underlined\":false},{\"storage\":\"enchantmentplus\",\"nbt\":\"XpRequirements.ResourceModule\",\"color\":\"green\",\"underlined\":false},{\"text\":\" XP\",\"color\":\"green\",\"underlined\":false},{\"text\":\" / \",\"color\":\"gray\",\"underlined\":false},{\"text\":\"Costs \",\"color\":\"yellow\",\"underlined\":false},{\"storage\":\"enchantmentplus\",\"nbt\":\"XpCosts.ResourceModule\",\"color\":\"red\",\"underlined\":false},{\"text\":\" XP\",\"color\":\"red\",\"underlined\":false},{\"text\":\"\\\\n\\\\nNot compatible with Riptide\",\"color\":\"red\",\"underlined\":false}]}},{\"text\":\"• Luck of the Sea\\\\n\",\"color\":\"gray\",\"hoverEvent\":{\"action\":\"show_text\",\"contents\":[{\"text\":\"        \"},{\"text\":\"Luck of the Sea\\\\n\\\\n\",\"underlined\":true},{\"text\":\"          \\\\uAE17\\\\n\\\\n\\\\n\\\\n\\\\n\\\\n\\\\nAvailable Items: \\\\uAB15\",\"underlined\":false},{\"text\":\"\\\\nMax Level: \",\"color\":\"white\",\"underlined\":false},{\"score\":{\"name\":\"%LuckOfTheSeaMaxLevel\",\"objective\":\"ENCHSettings\"},\"color\":\"gray\",\"underlined\":false},{\"text\":\"\\\\n\\\\nRequires \",\"color\":\"yellow\",\"underlined\":false},{\"storage\":\"enchantmentplus\",\"nbt\":\"XpRequirements.ResourceModule\",\"color\":\"green\",\"underlined\":false},{\"text\":\" XP\",\"color\":\"green\",\"underlined\":false},{\"text\":\" / \",\"color\":\"gray\",\"underlined\":false},{\"text\":\"Costs \",\"color\":\"yellow\",\"underlined\":false},{\"storage\":\"enchantmentplus\",\"nbt\":\"XpCosts.ResourceModule\",\"color\":\"red\",\"underlined\":false},{\"text\":\" XP\",\"color\":\"red\",\"underlined\":false}]}}]','[{\"text\":\"\\\\n\\\\n\"},{\"text\":\"• Lure\\\\n\",\"color\":\"dark_gray\",\"hoverEvent\":{\"action\":\"show_text\",\"contents\":[{\"text\":\"               \"},{\"text\":\"Lure\\\\n\\\\n\",\"underlined\":true},{\"text\":\"          \\\\uAE37\\\\n\\\\n\\\\n\\\\n\\\\n\\\\n\\\\nAvailable Items: \\\\uAB15\",\"underlined\":false},{\"text\":\"\\\\nMax Level: \",\"color\":\"white\",\"underlined\":false},{\"score\":{\"name\":\"%LureMaxLevel\",\"objective\":\"ENCHSettings\"},\"color\":\"gray\",\"underlined\":false},{\"text\":\"\\\\n\\\\nRequires \",\"color\":\"yellow\",\"underlined\":false},{\"storage\":\"enchantmentplus\",\"nbt\":\"XpRequirements.ResourceModule\",\"color\":\"green\",\"underlined\":false},{\"text\":\" XP\",\"color\":\"green\",\"underlined\":false},{\"text\":\" / \",\"color\":\"gray\",\"underlined\":false},{\"text\":\"Costs \",\"color\":\"yellow\",\"underlined\":false},{\"storage\":\"enchantmentplus\",\"nbt\":\"XpCosts.ResourceModule\",\"color\":\"red\",\"underlined\":false},{\"text\":\" XP\",\"color\":\"red\",\"underlined\":false}]}},{\"text\":\"• Mending\\\\n\",\"color\":\"gray\",\"hoverEvent\":{\"action\":\"show_text\",\"contents\":[{\"text\":\"                  \"},{\"text\":\"Mending\\\\n\\\\n\",\"underlined\":true},{\"text\":\"               \\\\uAE18\\\\n\\\\n\\\\n\\\\n\\\\n\\\\n\\\\nAvailable Items: All Items with Durability\",\"underlined\":false},{\"text\":\"\\\\n\\\\nRequires \",\"color\":\"yellow\",\"underlined\":false},{\"storage\":\"enchantmentplus\",\"nbt\":\"XpRequirements.ResourceModule\",\"color\":\"green\",\"underlined\":false},{\"text\":\" XP\",\"color\":\"green\",\"underlined\":false},{\"text\":\" / \",\"color\":\"gray\",\"underlined\":false},{\"text\":\"Costs \",\"color\":\"yellow\",\"underlined\":false},{\"storage\":\"enchantmentplus\",\"nbt\":\"XpCosts.ResourceModule\",\"color\":\"red\",\"underlined\":false},{\"text\":\" XP\",\"color\":\"red\",\"underlined\":false},{\"text\":\"\\\\n\\\\nNot compatible with Unbreakable and\\\\nInfinity\",\"underlined\":false,\"color\":\"red\"}]}},{\"text\":\"• Multishot\\\\n\",\"color\":\"dark_gray\",\"hoverEvent\":{\"action\":\"show_text\",\"contents\":[{\"text\":\"             \"},{\"text\":\"Multishot\\\\n\\\\n\",\"underlined\":true},{\"text\":\"          \\\\uAE19\\\\n\\\\n\\\\n\\\\n\\\\n\\\\n\\\\nAvailable Items: \\\\uAB11\",\"underlined\":false},{\"text\":\"\\\\n\\\\nRequires \",\"color\":\"yellow\",\"underlined\":false},{\"storage\":\"enchantmentplus\",\"nbt\":\"XpRequirements.ResourceModule\",\"color\":\"green\",\"underlined\":false},{\"text\":\" XP\",\"color\":\"green\",\"underlined\":false},{\"text\":\" / \",\"color\":\"gray\",\"underlined\":false},{\"text\":\"Costs \",\"color\":\"yellow\",\"underlined\":false},{\"storage\":\"enchantmentplus\",\"nbt\":\"XpCosts.ResourceModule\",\"color\":\"red\",\"underlined\":false},{\"text\":\" XP\",\"color\":\"red\",\"underlined\":false},{\"text\":\"\\\\n\\\\nNot compatible with Piercing\",\"color\":\"red\",\"underlined\":false}]}},{\"text\":\"• Piercing\\\\n\",\"color\":\"gray\",\"hoverEvent\":{\"action\":\"show_text\",\"contents\":[{\"text\":\"             \"},{\"text\":\"Piercing\\\\n\\\\n\",\"underlined\":true},{\"text\":\"          \\\\uAE20\\\\n\\\\n\\\\n\\\\n\\\\n\\\\n\\\\nAvailable Items: \\\\uAB11\",\"underlined\":false},{\"text\":\"\\\\nMax Level: \",\"color\":\"white\",\"underlined\":false},{\"score\":{\"name\":\"%PiercingMaxLevel\",\"objective\":\"ENCHSettings\"},\"color\":\"gray\",\"underlined\":false},{\"text\":\"\\\\n\\\\nRequires \",\"color\":\"yellow\",\"underlined\":false},{\"storage\":\"enchantmentplus\",\"nbt\":\"XpRequirements.ResourceModule\",\"color\":\"green\",\"underlined\":false},{\"text\":\" XP\",\"color\":\"green\",\"underlined\":false},{\"text\":\" / \",\"color\":\"gray\",\"underlined\":false},{\"text\":\"Costs \",\"color\":\"yellow\",\"underlined\":false},{\"storage\":\"enchantmentplus\",\"nbt\":\"XpCosts.ResourceModule\",\"color\":\"red\",\"underlined\":false},{\"text\":\" XP\",\"color\":\"red\",\"underlined\":false},{\"text\":\"\\\\n\\\\nNot compatible with Multishot\",\"color\":\"red\",\"underlined\":false}]}},{\"text\":\"• Power\\\\n\",\"color\":\"dark_gray\",\"hoverEvent\":{\"action\":\"show_text\",\"contents\":[{\"text\":\"              \"},{\"text\":\"Power\\\\n\\\\n\",\"underlined\":true},{\"text\":\"          \\\\uAE38\\\\n\\\\n\\\\n\\\\n\\\\n\\\\n\\\\nBlock of Quartz is required.\\\\n\\\\nAvailable Items: \\\\uAB10\",\"underlined\":false},{\"text\":\"\\\\nMax Level: \",\"color\":\"white\",\"underlined\":false},{\"score\":{\"name\":\"%PowerMaxLevel\",\"objective\":\"ENCHSettings\"},\"color\":\"gray\",\"underlined\":false},{\"text\":\"\\\\n\\\\nRequires \",\"color\":\"yellow\",\"underlined\":false},{\"storage\":\"enchantmentplus\",\"nbt\":\"XpRequirements.ResourceModule\",\"color\":\"green\",\"underlined\":false},{\"text\":\" XP\",\"color\":\"green\",\"underlined\":false},{\"text\":\" / \",\"color\":\"gray\",\"underlined\":false},{\"text\":\"Costs \",\"color\":\"yellow\",\"underlined\":false},{\"storage\":\"enchantmentplus\",\"nbt\":\"XpCosts.ResourceModule\",\"color\":\"red\",\"underlined\":false},{\"text\":\" XP\",\"color\":\"red\",\"underlined\":false}]}},{\"text\":\"• Projectile Protection\\\\n\",\"color\":\"gray\",\"hoverEvent\":{\"action\":\"show_text\",\"contents\":[{\"text\":\"      \"},{\"text\":\"Projectile Protection\\\\n\\\\n\",\"underlined\":true},{\"text\":\"           \\\\uAE21\\\\n\\\\n\\\\n\\\\n\\\\n\\\\n\\\\nAvailable Items: \\\\uAB06\\\\uAB07\\\\uAB08\\\\uAB09\\\\uAB13\",\"underlined\":false},{\"text\":\"\\\\nMax Level: \",\"color\":\"white\",\"underlined\":false},{\"score\":{\"name\":\"%ProjectileProtectionMaxLevel\",\"objective\":\"ENCHSettings\"},\"color\":\"gray\",\"underlined\":false},{\"text\":\"\\\\n\\\\nRequires \",\"color\":\"yellow\",\"underlined\":false},{\"storage\":\"enchantmentplus\",\"nbt\":\"XpRequirements.ResourceModule\",\"color\":\"green\",\"underlined\":false},{\"text\":\" XP\",\"color\":\"green\",\"underlined\":false},{\"text\":\" / \",\"color\":\"gray\",\"underlined\":false},{\"text\":\"Costs \",\"color\":\"yellow\",\"underlined\":false},{\"storage\":\"enchantmentplus\",\"nbt\":\"XpCosts.ResourceModule\",\"color\":\"red\",\"underlined\":false},{\"text\":\" XP\",\"color\":\"red\",\"underlined\":false},{\"text\":\"\\\\n\\\\nNot compatible with Protection,\\\\nFire Protection and Blast\\\\nProtection\",\"underlined\":false,\"color\":\"red\"}]}},{\"text\":\"• Protection\\\\n\",\"color\":\"dark_gray\",\"hoverEvent\":{\"action\":\"show_text\",\"contents\":[{\"text\":\"             \"},{\"text\":\"Protection\\\\n\\\\n\",\"underlined\":true},{\"text\":\"           \\\\uAE22\\\\n\\\\n\\\\n\\\\n\\\\n\\\\n\\\\nBlock of Iron is required.\\\\n\\\\nAvailable Items: \\\\uAB06\\\\uAB07\\\\uAB08\\\\uAB09\\\\uAB13\",\"underlined\":false},{\"text\":\"\\\\nMax Level: \",\"color\":\"white\",\"underlined\":false},{\"score\":{\"name\":\"%ProtectionMaxLevel\",\"objective\":\"ENCHSettings\"},\"color\":\"gray\",\"underlined\":false},{\"text\":\"\\\\n\\\\nRequires \",\"color\":\"yellow\",\"underlined\":false},{\"storage\":\"enchantmentplus\",\"nbt\":\"XpRequirements.ResourceModule\",\"color\":\"green\",\"underlined\":false},{\"text\":\" XP\",\"color\":\"green\",\"underlined\":false},{\"text\":\" / \",\"color\":\"gray\",\"underlined\":false},{\"text\":\"Costs \",\"color\":\"yellow\",\"underlined\":false},{\"storage\":\"enchantmentplus\",\"nbt\":\"XpCosts.ResourceModule\",\"color\":\"red\",\"underlined\":false},{\"text\":\" XP\",\"color\":\"red\",\"underlined\":false},{\"text\":\"\\\\n\\\\nNot compatible with Projectile\\\\nProtection, Fire Protection\\\\nand Blast Protection\",\"underlined\":false,\"color\":\"red\"}]}},{\"text\":\"• Punch\\\\n\",\"color\":\"gray\",\"hoverEvent\":{\"action\":\"show_text\",\"contents\":[{\"text\":\"              \"},{\"text\":\"Punch\\\\n\\\\n\",\"underlined\":true},{\"text\":\"          \\\\uAE23\\\\n\\\\n\\\\n\\\\n\\\\n\\\\n\\\\nAvailable Items: \\\\uAB10\",\"underlined\":false},{\"text\":\"\\\\nMax Level: \",\"color\":\"white\",\"underlined\":false},{\"score\":{\"name\":\"%PunchMaxLevel\",\"objective\":\"ENCHSettings\"},\"color\":\"gray\",\"underlined\":false},{\"text\":\"\\\\n\\\\nRequires \",\"color\":\"yellow\",\"underlined\":false},{\"storage\":\"enchantmentplus\",\"nbt\":\"XpRequirements.ResourceModule\",\"color\":\"green\",\"underlined\":false},{\"text\":\" XP\",\"color\":\"green\",\"underlined\":false},{\"text\":\" / \",\"color\":\"gray\",\"underlined\":false},{\"text\":\"Costs \",\"color\":\"yellow\",\"underlined\":false},{\"storage\":\"enchantmentplus\",\"nbt\":\"XpCosts.ResourceModule\",\"color\":\"red\",\"underlined\":false},{\"text\":\" XP\",\"color\":\"red\",\"underlined\":false}]}},{\"text\":\"• Quick Charge\\\\n\",\"color\":\"dark_gray\",\"hoverEvent\":{\"action\":\"show_text\",\"contents\":[{\"text\":\"          \"},{\"text\":\"Quick Charge\\\\n\\\\n\",\"underlined\":true},{\"text\":\"          \\\\uAE39\\\\n\\\\n\\\\n\\\\n\\\\n\\\\n\\\\nAvailable Items: \\\\uAB11\",\"underlined\":false},{\"text\":\"\\\\nMax Level: \",\"color\":\"white\",\"underlined\":false},{\"score\":{\"name\":\"%QuickChargeMaxLevel\",\"objective\":\"ENCHSettings\"},\"color\":\"gray\",\"underlined\":false},{\"text\":\"\\\\n\\\\nRequires \",\"color\":\"yellow\",\"underlined\":false},{\"storage\":\"enchantmentplus\",\"nbt\":\"XpRequirements.ResourceModule\",\"color\":\"green\",\"underlined\":false},{\"text\":\" XP\",\"color\":\"green\",\"underlined\":false},{\"text\":\" / \",\"color\":\"gray\",\"underlined\":false},{\"text\":\"Costs \",\"color\":\"yellow\",\"underlined\":false},{\"storage\":\"enchantmentplus\",\"nbt\":\"XpCosts.ResourceModule\",\"color\":\"red\",\"underlined\":false},{\"text\":\" XP\",\"color\":\"red\",\"underlined\":false}]}},{\"text\":\"• Respiration\\\\n\",\"color\":\"gray\",\"hoverEvent\":{\"action\":\"show_text\",\"contents\":[{\"text\":\"           \"},{\"text\":\"Respiration\\\\n\\\\n\",\"underlined\":true},{\"text\":\"          \\\\uAE24\\\\n\\\\n\\\\n\\\\n\\\\n\\\\n\\\\nAvailable Items: \\\\uAB06\\\\uAB13\",\"underlined\":false},{\"text\":\"\\\\nMax Level: \",\"color\":\"white\",\"underlined\":false},{\"score\":{\"name\":\"%RespirationMaxLevel\",\"objective\":\"ENCHSettings\"},\"color\":\"gray\",\"underlined\":false},{\"text\":\"\\\\n\\\\nRequires \",\"color\":\"yellow\",\"underlined\":false},{\"storage\":\"enchantmentplus\",\"nbt\":\"XpRequirements.ResourceModule\",\"color\":\"green\",\"underlined\":false},{\"text\":\" XP\",\"color\":\"green\",\"underlined\":false},{\"text\":\" / \",\"color\":\"gray\",\"underlined\":false},{\"text\":\"Costs \",\"color\":\"yellow\",\"underlined\":false},{\"storage\":\"enchantmentplus\",\"nbt\":\"XpCosts.ResourceModule\",\"color\":\"red\",\"underlined\":false},{\"text\":\" XP\",\"color\":\"red\",\"underlined\":false}]}}]','[{\"text\":\"\\\\n\\\\n\"},{\"text\":\"• Riptide\\\\n\",\"color\":\"dark_gray\",\"hoverEvent\":{\"action\":\"show_text\",\"contents\":[{\"text\":\"              \"},{\"text\":\"Riptide\\\\n\\\\n\",\"underlined\":true},{\"text\":\"          \\\\uAE25\\\\n\\\\n\\\\n\\\\n\\\\n\\\\n\\\\nAvailable Items: \\\\uAB12\",\"underlined\":false},{\"text\":\"\\\\nMax Level: \",\"color\":\"white\",\"underlined\":false},{\"score\":{\"name\":\"%RiptideMaxLevel\",\"objective\":\"ENCHSettings\"},\"color\":\"gray\",\"underlined\":false},{\"text\":\"\\\\n\\\\nRequires \",\"color\":\"yellow\",\"underlined\":false},{\"storage\":\"enchantmentplus\",\"nbt\":\"XpRequirements.ResourceModule\",\"color\":\"green\",\"underlined\":false},{\"text\":\" XP\",\"color\":\"green\",\"underlined\":false},{\"text\":\" / \",\"color\":\"gray\",\"underlined\":false},{\"text\":\"Costs \",\"color\":\"yellow\",\"underlined\":false},{\"storage\":\"enchantmentplus\",\"nbt\":\"XpCosts.ResourceModule\",\"color\":\"red\",\"underlined\":false},{\"text\":\" XP\",\"color\":\"red\",\"underlined\":false},{\"text\":\"\\\\n\\\\nNot compatible with Loyalty\\\\nand Channeling\",\"color\":\"red\",\"underlined\":false}]}},{\"text\":\"• Sharpness\\\\n\",\"color\":\"gray\",\"hoverEvent\":{\"action\":\"show_text\",\"contents\":[{\"text\":\"           \"},{\"text\":\"Sharpness\\\\n\\\\n\",\"underlined\":true},{\"text\":\"          \\\\uAE07\\\\n\\\\n\\\\n\\\\n\\\\n\\\\n\\\\nBlock of Quartz is required.\\\\n\\\\nAvailable Items: \\\\uAB01\\\\uAB03\",\"underlined\":false},{\"text\":\"\\\\nMax Level: \",\"color\":\"white\",\"underlined\":false},{\"score\":{\"name\":\"%SharpnessMaxLevel\",\"objective\":\"ENCHSettings\"},\"color\":\"gray\",\"underlined\":false},{\"text\":\"\\\\n\\\\nRequires \",\"color\":\"yellow\",\"underlined\":false},{\"storage\":\"enchantmentplus\",\"nbt\":\"XpRequirements.ResourceModule\",\"color\":\"green\",\"underlined\":false},{\"text\":\" XP\",\"color\":\"green\",\"underlined\":false},{\"text\":\" / \",\"color\":\"gray\",\"underlined\":false},{\"text\":\"Costs \",\"color\":\"yellow\",\"underlined\":false},{\"storage\":\"enchantmentplus\",\"nbt\":\"XpCosts.ResourceModule\",\"color\":\"red\",\"underlined\":false},{\"text\":\" XP\",\"color\":\"red\",\"underlined\":false},{\"text\":\"\\\\n\\\\nNot compatible with Bane\\\\nof Arthropods and Smite\",\"color\":\"red\",\"underlined\":false}]}},{\"text\":\"• Silk Touch\\\\n\",\"color\":\"dark_gray\",\"hoverEvent\":{\"action\":\"show_text\",\"contents\":[{\"text\":\"            \"},{\"text\":\"Silk Touch\\\\n\\\\n\",\"underlined\":true},{\"text\":\"          \\\\uAE26\\\\n\\\\n\\\\n\\\\n\\\\n\\\\n\\\\nAvailable Items: \\\\uAB02\\\\uAB03\\\\uAB04\\\\uAB05\",\"underlined\":false},{\"text\":\"\\\\n\\\\nRequires \",\"color\":\"yellow\",\"underlined\":false},{\"storage\":\"enchantmentplus\",\"nbt\":\"XpRequirements.ResourceModule\",\"color\":\"green\",\"underlined\":false},{\"text\":\" XP\",\"color\":\"green\",\"underlined\":false},{\"text\":\" / \",\"color\":\"gray\",\"underlined\":false},{\"text\":\"Costs \",\"color\":\"yellow\",\"underlined\":false},{\"storage\":\"enchantmentplus\",\"nbt\":\"XpCosts.ResourceModule\",\"color\":\"red\",\"underlined\":false},{\"text\":\" XP\",\"color\":\"red\",\"underlined\":false},{\"text\":\"\\\\n\\\\nNot compatible with Fortune\",\"color\":\"red\",\"underlined\":false}]}},{\"text\":\"• Smite\\\\n\",\"color\":\"gray\",\"hoverEvent\":{\"action\":\"show_text\",\"contents\":[{\"text\":\"               \"},{\"text\":\"Smite\\\\n\\\\n\",\"underlined\":true},{\"text\":\"          \\\\uAE27\\\\n\\\\n\\\\n\\\\n\\\\n\\\\n\\\\nAvailable Items: \\\\uAB01\\\\uAB03\",\"underlined\":false},{\"text\":\"\\\\nMax Level: \",\"color\":\"white\",\"underlined\":false},{\"score\":{\"name\":\"%SmiteMaxLevel\",\"objective\":\"ENCHSettings\"},\"color\":\"gray\",\"underlined\":false},{\"text\":\"\\\\n\\\\nRequires \",\"color\":\"yellow\",\"underlined\":false},{\"storage\":\"enchantmentplus\",\"nbt\":\"XpRequirements.ResourceModule\",\"color\":\"green\",\"underlined\":false},{\"text\":\" XP\",\"color\":\"green\",\"underlined\":false},{\"text\":\" / \",\"color\":\"gray\",\"underlined\":false},{\"text\":\"Costs \",\"color\":\"yellow\",\"underlined\":false},{\"storage\":\"enchantmentplus\",\"nbt\":\"XpCosts.ResourceModule\",\"color\":\"red\",\"underlined\":false},{\"text\":\" XP\",\"color\":\"red\",\"underlined\":false},{\"text\":\"\\\\n\\\\nNot compatible with Bane of\\\\nArthropods and Sharpness\",\"color\":\"red\",\"underlined\":false}]}},{\"text\":\"• Soul Speed\\\\n\",\"color\":\"dark_gray\",\"hoverEvent\":{\"action\":\"show_text\",\"contents\":[{\"text\":\"           \"},{\"text\":\"Soul Speed\\\\n\\\\n\",\"underlined\":true},{\"text\":\"          \\\\uAE28\\\\n\\\\n\\\\n\\\\n\\\\n\\\\n\\\\nAvailable Items: \\\\uAB09\",\"underlined\":false},{\"text\":\"\\\\nMax Level: \",\"color\":\"white\",\"underlined\":false},{\"score\":{\"name\":\"%SoulSpeedMaxLevel\",\"objective\":\"ENCHSettings\"},\"color\":\"gray\",\"underlined\":false},{\"text\":\"\\\\n\\\\nRequires \",\"color\":\"yellow\",\"underlined\":false},{\"storage\":\"enchantmentplus\",\"nbt\":\"XpRequirements.ResourceModule\",\"color\":\"green\",\"underlined\":false},{\"text\":\" XP\",\"color\":\"green\",\"underlined\":false},{\"text\":\" / \",\"color\":\"gray\",\"underlined\":false},{\"text\":\"Costs \",\"color\":\"yellow\",\"underlined\":false},{\"storage\":\"enchantmentplus\",\"nbt\":\"XpCosts.ResourceModule\",\"color\":\"red\",\"underlined\":false},{\"text\":\" XP\",\"color\":\"red\",\"underlined\":false},{\"text\":\"\\\\n\\\\nThe recipe also accepts\\\\nSoul Soil.\",\"color\":\"yellow\",\"underlined\":false}]}},{\"text\":\"• Sweeping Edge\\\\n\",\"color\":\"gray\",\"hoverEvent\":{\"action\":\"show_text\",\"contents\":[{\"text\":\"         \"},{\"text\":\"Sweeping Edge\\\\n\\\\n\",\"underlined\":true},{\"text\":\"          \\\\uAE29\\\\n\\\\n\\\\n\\\\n\\\\n\\\\n\\\\nAvailable Items: \\\\uAB01\",\"underlined\":false},{\"text\":\"\\\\nMax Level: \",\"color\":\"white\",\"underlined\":false},{\"score\":{\"name\":\"%SweepingEdgeMaxLevel\",\"objective\":\"ENCHSettings\"},\"color\":\"gray\",\"underlined\":false},{\"text\":\"\\\\n\\\\nRequires \",\"color\":\"yellow\",\"underlined\":false},{\"storage\":\"enchantmentplus\",\"nbt\":\"XpRequirements.ResourceModule\",\"color\":\"green\",\"underlined\":false},{\"text\":\" XP\",\"color\":\"green\",\"underlined\":false},{\"text\":\" / \",\"color\":\"gray\",\"underlined\":false},{\"text\":\"Costs \",\"color\":\"yellow\",\"underlined\":false},{\"storage\":\"enchantmentplus\",\"nbt\":\"XpCosts.ResourceModule\",\"color\":\"red\",\"underlined\":false},{\"text\":\" XP\",\"color\":\"red\",\"underlined\":false}]}},{\"text\":\"• Swift Sneak\\\\n\",\"color\":\"dark_gray\",\"hoverEvent\":{\"action\":\"show_text\",\"contents\":[{\"text\":\"           \"},{\"text\":\"Swift Sneak\\\\n\\\\n\",\"underlined\":true},{\"text\":\"          \\\\uAE32\\\\n\\\\n\\\\n\\\\n\\\\n\\\\n\\\\nAvailable Items: \\\\uAB08\",\"underlined\":false},{\"text\":\"\\\\nMax Level: \",\"color\":\"white\",\"underlined\":false},{\"score\":{\"name\":\"%SwiftSneakMaxLevel\",\"objective\":\"ENCHSettings\"},\"color\":\"gray\",\"underlined\":false},{\"text\":\"\\\\n\\\\nRequires \",\"color\":\"yellow\",\"underlined\":false},{\"storage\":\"enchantmentplus\",\"nbt\":\"XpRequirements.ResourceModule\",\"color\":\"green\",\"underlined\":false},{\"text\":\" XP\",\"color\":\"green\",\"underlined\":false},{\"text\":\" / \",\"color\":\"gray\",\"underlined\":false},{\"text\":\"Costs \",\"color\":\"yellow\",\"underlined\":false},{\"storage\":\"enchantmentplus\",\"nbt\":\"XpCosts.ResourceModule\",\"color\":\"red\",\"underlined\":false},{\"text\":\" XP\",\"color\":\"red\",\"underlined\":false}]}},{\"text\":\"• Thorns\\\\n\",\"color\":\"gray\",\"hoverEvent\":{\"action\":\"show_text\",\"contents\":[{\"text\":\"              \"},{\"text\":\"Thorns\\\\n\\\\n\",\"underlined\":true},{\"text\":\"           \\\\uAE30\\\\n\\\\n\\\\n\\\\n\\\\n\\\\n\\\\nAvailable Items: \\\\uAB06\\\\uAB07\\\\uAB08\\\\uAB09\\\\uAB13\",\"underlined\":false},{\"text\":\"\\\\nMax Level: \",\"color\":\"white\",\"underlined\":false},{\"score\":{\"name\":\"%ThornsMaxLevel\",\"objective\":\"ENCHSettings\"},\"color\":\"gray\",\"underlined\":false},{\"text\":\"\\\\n\\\\nRequires \",\"color\":\"yellow\",\"underlined\":false},{\"storage\":\"enchantmentplus\",\"nbt\":\"XpRequirements.ResourceModule\",\"color\":\"green\",\"underlined\":false},{\"text\":\" XP\",\"color\":\"green\",\"underlined\":false},{\"text\":\" / \",\"color\":\"gray\",\"underlined\":false},{\"text\":\"Costs \",\"color\":\"yellow\",\"underlined\":false},{\"storage\":\"enchantmentplus\",\"nbt\":\"XpCosts.ResourceModule\",\"color\":\"red\",\"underlined\":false},{\"text\":\" XP\",\"color\":\"red\",\"underlined\":false}]}},{\"text\":\"• Unbreaking\\\\n\",\"color\":\"dark_gray\",\"hoverEvent\":{\"action\":\"show_text\",\"contents\":[{\"text\":\"                 \"},{\"text\":\"Unbreaking\\\\n\\\\n\",\"underlined\":true},{\"text\":\"                \\\\uAE31\\\\n\\\\n\\\\n\\\\n\\\\n\\\\n\\\\nAvailable Items: All Items with Durability\",\"underlined\":false},{\"text\":\"\\\\nMax Level: \",\"color\":\"white\",\"underlined\":false},{\"score\":{\"name\":\"%UnbreakingMaxLevel\",\"objective\":\"ENCHSettings\"},\"color\":\"gray\",\"underlined\":false},{\"text\":\"\\\\n\\\\nRequires \",\"color\":\"yellow\",\"underlined\":false},{\"storage\":\"enchantmentplus\",\"nbt\":\"XpRequirements.ResourceModule\",\"color\":\"green\",\"underlined\":false},{\"text\":\" XP\",\"color\":\"green\",\"underlined\":false},{\"text\":\" / \",\"color\":\"gray\",\"underlined\":false},{\"text\":\"Costs \",\"color\":\"yellow\",\"underlined\":false},{\"storage\":\"enchantmentplus\",\"nbt\":\"XpCosts.ResourceModule\",\"color\":\"red\",\"underlined\":false},{\"text\":\" XP\",\"color\":\"red\",\"underlined\":false},{\"text\":\"\\\\n\\\\nNot compatible with Unbreakable\",\"underlined\":false,\"color\":\"red\"}]}}]','[{\"text\":\" \"},{\"text\":\"Custom Enchantments\\\\n\\\\n\",\"color\":\"dark_red\",\"underlined\":true},{\"text\":\"• Amplified Shot\\\\n\",\"color\":\"#3FFF88\",\"hoverEvent\":{\"action\":\"show_text\",\"contents\":[{\"text\":\"                \"},{\"text\":\"Amplified Shot\\\\n\\\\n\",\"color\":\"#3FFF88\",\"underlined\":true},{\"text\":\"\\\\uAC28 Increases arrow damage\\\\n                 by consuming additional\\\\n                 arrows from the player\\\\n                 inventory.\\\\n\\\\n                 Works with all arrow types.\\\\n\\\\nAvailable Items: \\\\uAB11\",\"color\":\"white\",\"underlined\":false},{\"text\":\"\\\\nMax Level: \",\"color\":\"white\",\"underlined\":false},{\"score\":{\"name\":\"%AmplifiedShotMaxLevel\",\"objective\":\"ENCHSettings\"},\"color\":\"gray\",\"underlined\":false},{\"text\":\"\\\\n\\\\nRequires \",\"color\":\"yellow\",\"underlined\":false},{\"storage\":\"enchantmentplus\",\"nbt\":\"XpRequirements.AmplifiedShot\",\"color\":\"green\",\"underlined\":false},{\"text\":\" XP\",\"color\":\"green\",\"underlined\":false},{\"text\":\" / \",\"color\":\"gray\",\"underlined\":false},{\"text\":\"Costs \",\"color\":\"yellow\",\"underlined\":false},{\"storage\":\"enchantmentplus\",\"nbt\":\"XpCosts.AmplifiedShot\",\"color\":\"red\",\"underlined\":false},{\"text\":\" XP\",\"color\":\"red\",\"underlined\":false},{\"text\":\"\\\\n\\\\nConsumed arrow amount is equal to the\\\\nenchantment level.\",\"underlined\":false,\"color\":\"yellow\"}]}},{\"text\":\"• Anti-Gravity\\\\n\",\"color\":\"#AAAAFF\",\"hoverEvent\":{\"action\":\"show_text\",\"contents\":[{\"text\":\"                \"},{\"text\":\"Anti-Gravity\\\\n\\\\n\",\"color\":\"#AAAAFF\",\"underlined\":true},{\"text\":\"\\\\uAC19 Arrows shot from this\\\\n                 bow won\\'t be affected\\\\n                 by gravity.\\\\n\\\\n                 Works on all arrow\\\\n                 types.\\\\n\\\\nAvailable Items: \\\\uAB10\",\"color\":\"white\",\"underlined\":false},{\"text\":\"\\\\n\\\\nRequires \",\"color\":\"yellow\",\"underlined\":false},{\"storage\":\"enchantmentplus\",\"nbt\":\"XpRequirements.Antigravity\",\"color\":\"green\",\"underlined\":false},{\"text\":\" XP\",\"color\":\"green\",\"underlined\":false},{\"text\":\" / \",\"color\":\"gray\",\"underlined\":false},{\"text\":\"Costs \",\"color\":\"yellow\",\"underlined\":false},{\"storage\":\"enchantmentplus\",\"nbt\":\"XpCosts.Antigravity\",\"color\":\"red\",\"underlined\":false},{\"text\":\" XP\",\"color\":\"red\",\"underlined\":false},{\"text\":\"\\\\n\\\\nArrows will despawn after 30 seconds\",\"underlined\":false,\"color\":\"yellow\"}]}},{\"text\":\"• Autosmelt\\\\n\",\"color\":\"red\",\"hoverEvent\":{\"action\":\"show_text\",\"contents\":[{\"text\":\"                 \"},{\"text\":\"Autosmelt\\\\n\\\\n\",\"color\":\"red\",\"underlined\":true},{\"text\":\"\\\\uAC01 Broken block will be\\\\n                 smelted automatically at\\\\n                 the cost of 1 durability.\\\\n\\\\n                 Smelted items may\\\\n                 drop experience orbs.\\\\n\\\\nAvailable Items: \\\\uAB02\\\\uAB03\\\\uAB04\\\\uAB05\",\"color\":\"white\",\"underlined\":false},{\"text\":\"\\\\n\\\\nRequires \",\"color\":\"yellow\",\"underlined\":false},{\"storage\":\"enchantmentplus\",\"nbt\":\"XpRequirements.Autosmelt\",\"color\":\"green\",\"underlined\":false},{\"text\":\" XP\",\"color\":\"green\",\"underlined\":false},{\"text\":\" / \",\"color\":\"gray\",\"underlined\":false},{\"text\":\"Costs \",\"color\":\"yellow\",\"underlined\":false},{\"storage\":\"enchantmentplus\",\"nbt\":\"XpCosts.Autosmelt\",\"color\":\"red\",\"underlined\":false},{\"text\":\" XP\",\"color\":\"red\",\"underlined\":false}]}},{\"text\":\"• Beheading\\\\n\",\"color\":\"#85C46F\",\"hoverEvent\":{\"action\":\"show_text\",\"contents\":[{\"text\":\"                \"},{\"text\":\"Beheading\\\\n\\\\n\",\"color\":\"#85C46F\",\"underlined\":true},{\"text\":\"\\\\uAC02 Killed mob will have a\\\\n                 chance to drop their \\\\n                 head.\\\\n\\\\n                 Only works on vanilla\\\\n                 mobs.\\\\n\\\\nAvailable Items: \\\\uAB03\",\"color\":\"white\",\"underlined\":false},{\"text\":\"\\\\nMax Level: \",\"color\":\"white\",\"underlined\":false},{\"score\":{\"name\":\"%BeheadingMaxLevel\",\"objective\":\"ENCHSettings\"},\"color\":\"gray\",\"underlined\":false},{\"text\":\"\\\\n\\\\nRequires \",\"color\":\"yellow\",\"underlined\":false},{\"storage\":\"enchantmentplus\",\"nbt\":\"XpRequirements.Beheading\",\"color\":\"green\",\"underlined\":false},{\"text\":\" XP\",\"color\":\"green\",\"underlined\":false},{\"text\":\" / \",\"color\":\"gray\",\"underlined\":false},{\"text\":\"Costs \",\"color\":\"yellow\",\"underlined\":false},{\"storage\":\"enchantmentplus\",\"nbt\":\"XpCosts.Beheading\",\"color\":\"red\",\"underlined\":false},{\"text\":\" XP\",\"color\":\"red\",\"underlined\":false},{\"text\":\"\\\\n\\\\nDrop chance is increased by 8%\\\\nper level.\",\"underlined\":false,\"color\":\"yellow\"}]}},{\"text\":\"• Cleaving\\\\n\",\"color\":\"#FF6644\",\"hoverEvent\":{\"action\":\"show_text\",\"contents\":[{\"text\":\"                         \"},{\"text\":\"Cleaving\\\\n\\\\n\",\"color\":\"#FF6644\",\"underlined\":true},{\"text\":\"\\\\uAC26 Getting a kill also damages nearby\\\\n                 targets. The damage takes account\\\\n                 of other enchantments and the\\\\n                 status effects of the player.\\\\n\\\\n                 Blade Pottery Sherd is required.\\\\n\\\\nAvailable Items: \\\\uAB03\",\"color\":\"white\",\"underlined\":false},{\"text\":\"\\\\nMax Level: \",\"color\":\"white\",\"underlined\":false},{\"score\":{\"name\":\"%CleavingMaxLevel\",\"objective\":\"ENCHSettings\"},\"color\":\"gray\",\"underlined\":false},{\"text\":\"\\\\n\\\\nRequires \",\"color\":\"yellow\",\"underlined\":false},{\"storage\":\"enchantmentplus\",\"nbt\":\"XpRequirements.Cleaving\",\"color\":\"green\",\"underlined\":false},{\"text\":\" XP\",\"color\":\"green\",\"underlined\":false},{\"text\":\" / \",\"color\":\"gray\",\"underlined\":false},{\"text\":\"Costs \",\"color\":\"yellow\",\"underlined\":false},{\"storage\":\"enchantmentplus\",\"nbt\":\"XpCosts.Cleaving\",\"color\":\"red\",\"underlined\":false},{\"text\":\" XP\",\"color\":\"red\",\"underlined\":false},{\"text\":\"\\\\n\\\\nDoesn\\'t work against players.\\\\n\\\\n\",\"underlined\":false,\"color\":\"red\"},{\"text\":\"Target count is increased by 2 per level.\",\"underlined\":false,\"color\":\"yellow\"},{\"text\":\"\\\\nAttack radius is \",\"color\":\"yellow\",\"underlined\":false},{\"score\":{\"name\":\"%CleavingRange\",\"objective\":\"ENCHSettings\"},\"color\":\"gold\",\"underlined\":false},{\"text\":\" blocks.\",\"color\":\"yellow\",\"underlined\":false}]}},{\"text\":\"• Deflect\\\\n\",\"color\":\"#E0A660\",\"hoverEvent\":{\"action\":\"show_text\",\"contents\":[{\"text\":\"                     \"},{\"text\":\"Deflect\\\\n\\\\n\",\"color\":\"#E0A660\",\"underlined\":true},{\"text\":\"\\\\uAC16 Consumes an emerald from\\\\n                 inventory to negate\\\\n                 incoming damage.\\\\n\\\\n                 Has 30 seconds cooldown.\\\\n\\\\n\\\\nAvailable Items: \\\\uAB06\\\\uAB07\\\\uAB08\\\\uAB09\\\\uAB13\",\"color\":\"white\",\"underlined\":false},{\"text\":\"\\\\nMax Level: \",\"color\":\"white\",\"underlined\":false},{\"score\":{\"name\":\"%DeflectMaxLevel\",\"objective\":\"ENCHSettings\"},\"color\":\"gray\",\"underlined\":false},{\"text\":\"\\\\n\\\\nRequires \",\"color\":\"yellow\",\"underlined\":false},{\"storage\":\"enchantmentplus\",\"nbt\":\"XpRequirements.Deflect\",\"color\":\"green\",\"underlined\":false},{\"text\":\" XP\",\"color\":\"green\",\"underlined\":false},{\"text\":\" / \",\"color\":\"gray\",\"underlined\":false},{\"text\":\"Costs \",\"color\":\"yellow\",\"underlined\":false},{\"storage\":\"enchantmentplus\",\"nbt\":\"XpCosts.Deflect\",\"color\":\"red\",\"underlined\":false},{\"text\":\" XP\",\"color\":\"red\",\"underlined\":false},{\"text\":\"\\\\n\\\\nAdditional levels decrease the cooldown\\\\nby 1 second per level.\",\"underlined\":false,\"color\":\"yellow\"}]}},{\"text\":\"• Direct\\\\n\",\"color\":\"dark_aqua\",\"hoverEvent\":{\"action\":\"show_text\",\"contents\":[{\"text\":\"                \"},{\"text\":\"Direct\\\\n\\\\n\",\"color\":\"dark_aqua\",\"underlined\":true},{\"text\":\"\\\\uAC03 Dropped items and\\\\n                 experience orbs\\\\n                 will be teleported\\\\n                 to the player.\\\\n\\\\n\\\\n\\\\nAvailable Items: \\\\uAB01\\\\uAB02\\\\uAB03\\\\uAB04\\\\uAB05\\\\n\\\\n                     \\\\uAB10\\\\uAB11\\\\uAB12\\\\uAB16\",\"color\":\"white\",\"underlined\":false},{\"text\":\"\\\\n\\\\nRequires \",\"color\":\"yellow\",\"underlined\":false},{\"storage\":\"enchantmentplus\",\"nbt\":\"XpRequirements.Direct\",\"color\":\"green\",\"underlined\":false},{\"text\":\" XP\",\"color\":\"green\",\"underlined\":false},{\"text\":\" / \",\"color\":\"gray\",\"underlined\":false},{\"text\":\"Costs \",\"color\":\"yellow\",\"underlined\":false},{\"storage\":\"enchantmentplus\",\"nbt\":\"XpCosts.Direct\",\"color\":\"red\",\"underlined\":false},{\"text\":\" XP\",\"color\":\"red\",\"underlined\":false}]}},{\"text\":\"• Experience Boost\\\\n\",\"color\":\"#88FF00\",\"hoverEvent\":{\"action\":\"show_text\",\"contents\":[{\"text\":\"        \"},{\"text\":\"Experience Boost\\\\n\\\\n\",\"color\":\"#88FF00\",\"underlined\":true},{\"text\":\"\\\\uAC20 Increases the\\\\n                 experience gain\\\\n                 from the dropped\\\\n                 experience orbs.\\\\n\\\\n\\\\n\\\\nAvailable Items: \\\\uAB01\\\\uAB02\\\\uAB03\\\\uAB04\\\\uAB05\",\"color\":\"white\",\"underlined\":false},{\"text\":\"\\\\nMax Level: \",\"color\":\"white\",\"underlined\":false},{\"score\":{\"name\":\"%ExperienceBoostMaxLevel\",\"objective\":\"ENCHSettings\"},\"color\":\"gray\",\"underlined\":false},{\"text\":\"\\\\n\\\\nRequires \",\"color\":\"yellow\",\"underlined\":false},{\"storage\":\"enchantmentplus\",\"nbt\":\"XpRequirements.ExperienceBoost\",\"color\":\"green\",\"underlined\":false},{\"text\":\" XP\",\"color\":\"green\",\"underlined\":false},{\"text\":\" / \",\"color\":\"gray\",\"underlined\":false},{\"text\":\"Costs \",\"color\":\"yellow\",\"underlined\":false},{\"storage\":\"enchantmentplus\",\"nbt\":\"XpCosts.ExperienceBoost\",\"color\":\"red\",\"underlined\":false},{\"text\":\" XP\",\"color\":\"red\",\"underlined\":false},{\"text\":\"\\\\n\\\\nDoesn\\'t work on Ender Dragon\\\\n\\\\n\",\"color\":\"red\",\"underlined\":false},{\"text\":\"Experience value is multiplied\\\\nby (enchantment level + 1).\",\"underlined\":false,\"color\":\"yellow\"}]}},{\"text\":\"• Eyes of Owl\\\\n\",\"color\":\"dark_purple\",\"hoverEvent\":{\"action\":\"show_text\",\"contents\":[{\"text\":\"             \"},{\"text\":\"Eyes of Owl\\\\n\\\\n\",\"color\":\"dark_purple\",\"underlined\":true},{\"text\":\"\\\\uAC10 Grants night vision.\\\\n\\\\n                 Required potion is\\\\n                 Potion of Night\\\\n                 Vision (8:00)\\\\n\\\\n\\\\nAvailable Items: \\\\uAB06\\\\uAB13\",\"color\":\"white\",\"underlined\":false},{\"text\":\"\\\\n\\\\nRequires \",\"color\":\"yellow\",\"underlined\":false},{\"storage\":\"enchantmentplus\",\"nbt\":\"XpRequirements.EyesOfOwl\",\"color\":\"green\",\"underlined\":false},{\"text\":\" XP\",\"color\":\"green\",\"underlined\":false},{\"text\":\" / \",\"color\":\"gray\",\"underlined\":false},{\"text\":\"Costs \",\"color\":\"yellow\",\"underlined\":false},{\"storage\":\"enchantmentplus\",\"nbt\":\"XpCosts.EyesOfOwl\",\"color\":\"red\",\"underlined\":false},{\"text\":\" XP\",\"color\":\"red\",\"underlined\":false},{\"text\":\"\\\\n\\\\n15 seconds of the effect will be\\\\ngiven at the cost of 1 durability.\",\"color\":\"yellow\",\"underlined\":false}]}},{\"text\":\"• Feeding Module\\\\n\",\"color\":\"#FFE000\",\"hoverEvent\":{\"action\":\"show_text\",\"contents\":[{\"text\":\"                   \"},{\"text\":\"Feeding Module\\\\n\\\\n\",\"color\":\"yellow\",\"underlined\":true},{\"text\":\"\\\\uAC04 Feeds the player automatically\\\\n                 with the food items from the\\\\n                 inventory.\\\\n\\\\n                 Highest value food will be\\\\n                 eaten first.\\\\n\\\\nAvailable Items: \\\\uAB06\\\\uAB13\",\"color\":\"white\",\"underlined\":false},{\"text\":\"\\\\n\\\\nRequires \",\"color\":\"yellow\",\"underlined\":false},{\"storage\":\"enchantmentplus\",\"nbt\":\"XpRequirements.FeedingModule\",\"color\":\"green\",\"underlined\":false},{\"text\":\" XP\",\"color\":\"green\",\"underlined\":false},{\"text\":\" / \",\"color\":\"gray\",\"underlined\":false},{\"text\":\"Costs \",\"color\":\"yellow\",\"underlined\":false},{\"storage\":\"enchantmentplus\",\"nbt\":\"XpCosts.FeedingModule\",\"color\":\"red\",\"underlined\":false},{\"text\":\" XP\",\"color\":\"red\",\"underlined\":false},{\"text\":\"\\\\n\\\\nThe item takes 1 durability damage when a\\\\nfood is fed.\",\"color\":\"yellow\",\"underlined\":false},{\"text\":\"\\\\n\\\\nEnabling saturation mode ignores player\\\\nhunger. This keeps the player saturated\\\\nbut also wastes quite a bit of food.\",\"color\":\"yellow\",\"underlined\":false}]}}]','[{\"text\":\"\\\\n\\\\n\"},{\"text\":\"• Health Boost\\\\n\",\"color\":\"#FF689F\",\"hoverEvent\":{\"action\":\"show_text\",\"contents\":[{\"text\":\"                \"},{\"text\":\"Health Boost\\\\n\\\\n\",\"color\":\"#FF689F\",\"underlined\":true},{\"text\":\"\\\\uAC18 Increases the maximum\\\\n                 health of the player.\\\\n\\\\n                 Enchanted Golden Apple\\\\n                 and Potion of Healing II\\\\n                 are required.\\\\n\\\\nAvailable Items: \\\\uAB06\\\\uAB07\\\\uAB08\\\\uAB09\\\\uAB13\\\\uAB14\",\"color\":\"white\",\"underlined\":false},{\"text\":\"\\\\nMax Level: \",\"color\":\"white\",\"underlined\":false},{\"score\":{\"name\":\"%HealthBoostMaxLevel\",\"objective\":\"ENCHSettings\"},\"color\":\"gray\",\"underlined\":false},{\"text\":\"\\\\n\\\\nRequires \",\"color\":\"yellow\",\"underlined\":false},{\"storage\":\"enchantmentplus\",\"nbt\":\"XpRequirements.HealthBoost\",\"color\":\"green\",\"underlined\":false},{\"text\":\" XP\",\"color\":\"green\",\"underlined\":false},{\"text\":\" / \",\"color\":\"gray\",\"underlined\":false},{\"text\":\"Costs \",\"color\":\"yellow\",\"underlined\":false},{\"storage\":\"enchantmentplus\",\"nbt\":\"XpCosts.HealthBoost\",\"color\":\"red\",\"underlined\":false},{\"text\":\" XP\",\"color\":\"red\",\"underlined\":false},{\"text\":\"\\\\n\\\\nMaximum health is increased by\\\\n1 heart per level.\",\"underlined\":false,\"color\":\"yellow\"}]}},{\"text\":\"• Heaven\\'s Lightness\\\\n\",\"color\":\"#DDDDDD\",\"hoverEvent\":{\"action\":\"show_text\",\"contents\":[{\"text\":\"         \"},{\"text\":\"Heaven\\'s Lightness\\\\n\\\\n\",\"color\":\"#DDDDDD\",\"underlined\":true},{\"text\":\"\\\\uAC08 Grants slow falling.\\\\n\\\\n                 Required potion is\\\\n                 Potion of Slow\\\\n                 Falling (4:00)\\\\n\\\\n\\\\nAvailable Items: \\\\uAB07\",\"color\":\"white\",\"underlined\":false},{\"text\":\"\\\\n\\\\nRequires \",\"color\":\"yellow\",\"underlined\":false},{\"storage\":\"enchantmentplus\",\"nbt\":\"XpRequirements.HeavensLightness\",\"color\":\"green\",\"underlined\":false},{\"text\":\" XP\",\"color\":\"green\",\"underlined\":false},{\"text\":\" / \",\"color\":\"gray\",\"underlined\":false},{\"text\":\"Costs \",\"color\":\"yellow\",\"underlined\":false},{\"storage\":\"enchantmentplus\",\"nbt\":\"XpCosts.HeavensLightness\",\"color\":\"red\",\"underlined\":false},{\"text\":\" XP\",\"color\":\"red\",\"underlined\":false},{\"text\":\"\\\\n\\\\n15 seconds of the effect will be\\\\ngiven at the cost of 1 durability.\",\"color\":\"yellow\",\"underlined\":false}]}},{\"text\":\"• Icy\\\\n\",\"color\":\"#44BBFF\",\"hoverEvent\":{\"action\":\"show_text\",\"contents\":[{\"text\":\"                    \"},{\"text\":\"Icy\\\\n\\\\n\",\"color\":\"#44BBFF\",\"underlined\":true},{\"text\":\"\\\\uAC17 Hits slow down\\\\n                 the enemy by 60%.\\\\n\\\\n                 Required potion is\\\\n                 Splash Potion\\\\n                 of Slowness IV\\\\n\\\\nAvailable Items: \\\\uAB01\\\\uAB03\",\"color\":\"white\",\"underlined\":false},{\"text\":\"\\\\nMax Level: \",\"color\":\"white\",\"underlined\":false},{\"score\":{\"name\":\"%IcyMaxLevel\",\"objective\":\"ENCHSettings\"},\"color\":\"gray\",\"underlined\":false},{\"text\":\"\\\\n\\\\nRequires \",\"color\":\"yellow\",\"underlined\":false},{\"storage\":\"enchantmentplus\",\"nbt\":\"XpRequirements.Icy\",\"color\":\"green\",\"underlined\":false},{\"text\":\" XP\",\"color\":\"green\",\"underlined\":false},{\"text\":\" / \",\"color\":\"gray\",\"underlined\":false},{\"text\":\"Costs \",\"color\":\"yellow\",\"underlined\":false},{\"storage\":\"enchantmentplus\",\"nbt\":\"XpCosts.Icy\",\"color\":\"red\",\"underlined\":false},{\"text\":\" XP\",\"color\":\"red\",\"underlined\":false},{\"text\":\"\\\\n\\\\nSlowness duration is increased by\\\\n1 second per level.\\\\n\\\\nAlso disables jumping for players.\",\"underlined\":false,\"color\":\"yellow\"}]}},{\"text\":\"• Judgment Shot\\\\n\",\"color\":\"#0000FF\",\"hoverEvent\":{\"action\":\"show_text\",\"contents\":[{\"text\":\"              \"},{\"text\":\"Judgment Shot\\\\n\\\\n\",\"color\":\"#0000FF\",\"underlined\":true},{\"text\":\"\\\\uAC23 Arrows shot at the\\\\n                 exact time with full\\\\n                 charge gain increased\\\\n                 damage as they travel\\\\n                 in the air.\\\\n\\\\n\\\\nAvailable Items: \\\\uAB10\",\"color\":\"white\",\"underlined\":false},{\"text\":\"\\\\n\\\\nRequires \",\"color\":\"yellow\",\"underlined\":false},{\"storage\":\"enchantmentplus\",\"nbt\":\"XpRequirements.JudgmentShot\",\"color\":\"green\",\"underlined\":false},{\"text\":\" XP\",\"color\":\"green\",\"underlined\":false},{\"text\":\" / \",\"color\":\"gray\",\"underlined\":false},{\"text\":\"Costs \",\"color\":\"yellow\",\"underlined\":false},{\"storage\":\"enchantmentplus\",\"nbt\":\"XpCosts.JudgmentShot\",\"color\":\"red\",\"underlined\":false},{\"text\":\" XP\",\"color\":\"red\",\"underlined\":false},{\"text\":\"\\\\n\\\\nDamage bonus is \",\"color\":\"yellow\",\"underlined\":false},{\"score\":{\"name\":\"%JudgmentShotDamageBonus\",\"objective\":\"ENCHSettings\"},\"color\":\"gold\",\"underlined\":false},{\"text\":\" per tick.\\\\n(10 = +0.1 Damage Bonus)\",\"color\":\"yellow\",\"underlined\":false}]}},{\"text\":\"• Lava Walker\\\\n\",\"color\":\"#CC2200\",\"hoverEvent\":{\"action\":\"show_text\",\"contents\":[{\"text\":\"              \"},{\"text\":\"Lava Walker\\\\n\\\\n\",\"color\":\"#CC2200\",\"underlined\":true},{\"text\":\"\\\\uAC21 Converts lava below\\\\n                 player\\'s feet into\\\\n                 Basalt blocks.\\\\n\\\\n                 Required block\\\\n                 is Smooth Basalt.\\\\n\\\\nAvailable Items: \\\\uAB09\",\"color\":\"white\",\"underlined\":false},{\"text\":\"\\\\nMax Level: \",\"color\":\"white\",\"underlined\":false},{\"score\":{\"name\":\"%LavaWalkerMaxLevel\",\"objective\":\"ENCHSettings\"},\"color\":\"gray\",\"underlined\":false},{\"text\":\"\\\\n\\\\nRequires \",\"color\":\"yellow\",\"underlined\":false},{\"storage\":\"enchantmentplus\",\"nbt\":\"XpRequirements.LavaWalker\",\"color\":\"green\",\"underlined\":false},{\"text\":\" XP\",\"color\":\"green\",\"underlined\":false},{\"text\":\" / \",\"color\":\"gray\",\"underlined\":false},{\"text\":\"Costs \",\"color\":\"yellow\",\"underlined\":false},{\"storage\":\"enchantmentplus\",\"nbt\":\"XpCosts.LavaWalker\",\"color\":\"red\",\"underlined\":false},{\"text\":\" XP\",\"color\":\"red\",\"underlined\":false},{\"text\":\"\\\\n\\\\nNot compatible with Frost Walker\",\"color\":\"red\",\"underlined\":false},{\"text\":\"\\\\n\\\\nConversion area is increased by\\\\n1 per level in all directions.\",\"underlined\":false,\"color\":\"yellow\"}]}},{\"text\":\"• Leaping\\\\n\",\"color\":\"green\",\"hoverEvent\":{\"action\":\"show_text\",\"contents\":[{\"text\":\"                \"},{\"text\":\"Leaping\\\\n\\\\n\",\"color\":\"green\",\"underlined\":true},{\"text\":\"\\\\uAC06 Grants jump boost.\\\\n\\\\n                 Required potion is\\\\n                 Potion of Leaping II\\\\n\\\\n\\\\n\\\\nAvailable Items: \\\\uAB09\",\"color\":\"white\",\"underlined\":false},{\"text\":\"\\\\nMax Level: \",\"color\":\"white\",\"underlined\":false},{\"score\":{\"name\":\"%LeapingMaxLevel\",\"objective\":\"ENCHSettings\"},\"color\":\"gray\",\"underlined\":false},{\"text\":\"\\\\n\\\\nRequires \",\"color\":\"yellow\",\"underlined\":false},{\"storage\":\"enchantmentplus\",\"nbt\":\"XpRequirements.Leaping\",\"color\":\"green\",\"underlined\":false},{\"text\":\" XP\",\"color\":\"green\",\"underlined\":false},{\"text\":\" / \",\"color\":\"gray\",\"underlined\":false},{\"text\":\"Costs \",\"color\":\"yellow\",\"underlined\":false},{\"storage\":\"enchantmentplus\",\"nbt\":\"XpCosts.Leaping\",\"color\":\"red\",\"underlined\":false},{\"text\":\" XP\",\"color\":\"red\",\"underlined\":false},{\"text\":\"\\\\n\\\\nJump height is increased by\\\\n1 block per level.\\\\n\\\\n15 seconds of the effect will be\\\\ngiven at the cost of 1 durability.\",\"underlined\":false,\"color\":\"yellow\"}]}},{\"text\":\"• Lifesteal\\\\n\",\"color\":\"#FF0000\",\"hoverEvent\":{\"action\":\"show_text\",\"contents\":[{\"text\":\"                  \"},{\"text\":\"Lifesteal\\\\n\\\\n\",\"color\":\"#FF0000\",\"underlined\":true},{\"text\":\"\\\\uAC07 The player gets healed\\\\n                 after getting a kill.\\\\n\\\\n                 Required potion is\\\\n                 Lingering Potion\\\\n                 of Healing II\\\\n\\\\nHeart Pottery Sherd is required.\\\\n\\\\nAvailable Items: \\\\uAB01\",\"color\":\"white\",\"underlined\":false},{\"text\":\"\\\\nMax Level: \",\"color\":\"white\",\"underlined\":false},{\"score\":{\"name\":\"%LifestealMaxLevel\",\"objective\":\"ENCHSettings\"},\"color\":\"gray\",\"underlined\":false},{\"text\":\"\\\\n\\\\nRequires \",\"color\":\"yellow\",\"underlined\":false},{\"storage\":\"enchantmentplus\",\"nbt\":\"XpRequirements.Lifesteal\",\"color\":\"green\",\"underlined\":false},{\"text\":\" XP\",\"color\":\"green\",\"underlined\":false},{\"text\":\" / \",\"color\":\"gray\",\"underlined\":false},{\"text\":\"Costs \",\"color\":\"yellow\",\"underlined\":false},{\"storage\":\"enchantmentplus\",\"nbt\":\"XpCosts.Lifesteal\",\"color\":\"red\",\"underlined\":false},{\"text\":\" XP\",\"color\":\"red\",\"underlined\":false},{\"text\":\"\\\\n\\\\nHealing amount is half a heart per\\\\nlevel.\",\"color\":\"yellow\",\"underlined\":false}]}},{\"text\":\"• Lumberjack\\\\n\",\"color\":\"#FFE000\",\"hoverEvent\":{\"action\":\"show_text\",\"contents\":[{\"text\":\"               \"},{\"text\":\"Lumberjack\\\\n\\\\n\",\"color\":\"yellow\",\"underlined\":true},{\"text\":\"\\\\uAC09 Breaking one log will\\\\n                 also break all other\\\\n                 adjacent logs.\",\"color\":\"white\",\"underlined\":false},{\"text\":\"\\\\n\\\\n                 Can also break leaves\\\\n                 when enabled.\\\\n\\\\nAvailable Items: \\\\uAB03\",\"color\":\"white\",\"underlined\":false},{\"text\":\"\\\\nMax Level: \",\"color\":\"white\",\"underlined\":false},{\"score\":{\"name\":\"%LumberjackMaxLevel\",\"objective\":\"ENCHSettings\"},\"color\":\"gray\",\"underlined\":false},{\"text\":\"\\\\n\\\\nRequires \",\"color\":\"yellow\",\"underlined\":false},{\"storage\":\"enchantmentplus\",\"nbt\":\"XpRequirements.Lumberjack\",\"color\":\"green\",\"underlined\":false},{\"text\":\" XP\",\"color\":\"green\",\"underlined\":false},{\"text\":\" / \",\"color\":\"gray\",\"underlined\":false},{\"text\":\"Costs \",\"color\":\"yellow\",\"underlined\":false},{\"storage\":\"enchantmentplus\",\"nbt\":\"XpCosts.Lumberjack\",\"color\":\"red\",\"underlined\":false},{\"text\":\" XP\",\"color\":\"red\",\"underlined\":false},{\"text\":\"\\\\n\\\\nNot compatible with Wide\",\"color\":\"red\",\"underlined\":false},{\"text\":\"\\\\n\\\\nBlock count is increased by 8 per\\\\nlevel.\\\\n\\\\nThe recipe accepts any log.\",\"color\":\"yellow\",\"underlined\":false}]}},{\"text\":\"• Royal Guard\\\\n\",\"color\":\"#C90033\",\"hoverEvent\":{\"action\":\"show_text\",\"contents\":[{\"text\":\"               \"},{\"text\":\"Royal Guard\\\\n\\\\n\",\"color\":\"#C90033\",\"underlined\":true},{\"text\":\"\\\\uAC22 Blocking right before\\\\n                 an incoming attack with\\\\n                 perfect timing heals\\\\n                 the player and cures\\\\n                 negative effects.\\\\n\\\\n\\\\nAvailable Items: Shield\",\"color\":\"white\",\"underlined\":false},{\"text\":\"\\\\n\\\\nRequires \",\"color\":\"yellow\",\"underlined\":false},{\"storage\":\"enchantmentplus\",\"nbt\":\"XpRequirements.RoyalGuard\",\"color\":\"green\",\"underlined\":false},{\"text\":\" XP\",\"color\":\"green\",\"underlined\":false},{\"text\":\" / \",\"color\":\"gray\",\"underlined\":false},{\"text\":\"Costs \",\"color\":\"yellow\",\"underlined\":false},{\"storage\":\"enchantmentplus\",\"nbt\":\"XpCosts.RoyalGuard\",\"color\":\"red\",\"underlined\":false},{\"text\":\" XP\",\"color\":\"red\",\"underlined\":false},{\"text\":\"\\\\n\\\\nHealing amount is \",\"color\":\"yellow\",\"underlined\":false},{\"score\":{\"name\":\"%RoyalGuardHealAmount\",\"objective\":\"ENCHSettings\"},\"color\":\"gold\",\"underlined\":false},{\"text\":\" half hearts.\\\\n\\\\nCures negative effects: \",\"color\":\"yellow\",\"underlined\":false},{\"score\":{\"name\":\"%RoyalGuardCure\",\"objective\":\"ENCHSettings\"},\"color\":\"gold\",\"underlined\":false},{\"text\":\"\\\\n(1 = Yes, 0 = No)\",\"color\":\"yellow\",\"underlined\":false}]}}]','[{\"text\":\"\\\\n\\\\n\"},{\"text\":\"• Shadow Hunter\\\\n\",\"color\":\"#53531F\",\"hoverEvent\":{\"action\":\"show_text\",\"contents\":[{\"text\":\"                   \"},{\"text\":\"Shadow Hunter\\\\n\\\\n\",\"color\":\"#53531F\",\"underlined\":true},{\"text\":\"\\\\uAC25 Lethal blow summons a shadow\\\\n                 hunter at the victims location\\\\n                 after a brief delay that seeks\\\\n                 and attacks its nearest target.\\\\n                 The hunter is able to chain\\\\n                 multiple kills back to back.\\\\n\\\\nArchery Pottery Sherd is required.\\\\n\\\\nAvailable Items: \\\\uAB11\",\"color\":\"white\",\"underlined\":false},{\"text\":\"\\\\n\\\\nRequires \",\"color\":\"yellow\",\"underlined\":false},{\"storage\":\"enchantmentplus\",\"nbt\":\"XpRequirements.ShadowHunter\",\"color\":\"green\",\"underlined\":false},{\"text\":\" XP\",\"color\":\"green\",\"underlined\":false},{\"text\":\" / \",\"color\":\"gray\",\"underlined\":false},{\"text\":\"Costs \",\"color\":\"yellow\",\"underlined\":false},{\"storage\":\"enchantmentplus\",\"nbt\":\"XpCosts.ShadowHunter\",\"color\":\"red\",\"underlined\":false},{\"text\":\" XP\",\"color\":\"red\",\"underlined\":false},{\"text\":\"\\\\n\\\\nOnly works with regular arrows.\",\"color\":\"red\",\"underlined\":false},{\"text\":\"\\\\n\\\\nThe shadow hunter has \",\"color\":\"yellow\",\"underlined\":false},{\"text\":\"16 blocks\",\"color\":\"gold\",\"underlined\":false},{\"text\":\" range and\\\\nis able to chain up to \",\"color\":\"yellow\",\"underlined\":false},{\"score\":{\"name\":\"%ShadowHunterMaxChaining\",\"objective\":\"ENCHSettings\"},\"color\":\"gold\",\"underlined\":false},{\"text\":\" kills with \",\"color\":\"yellow\",\"underlined\":false},{\"score\":{\"name\":\"%ShadowHunterDelay\",\"objective\":\"ENCHSettings\"},\"color\":\"gold\",\"underlined\":false},{\"text\":\" ticks\\\\ndelay. It targets through blocks and\\\\nreplicates the original arrow.\",\"color\":\"yellow\",\"underlined\":false}]}},{\"text\":\"• Steadfast Spikes\\\\n\",\"color\":\"#226644\",\"hoverEvent\":{\"action\":\"show_text\",\"contents\":[{\"text\":\"          \"},{\"text\":\"Steadfast Spikes\\\\n\\\\n\",\"color\":\"#226644\",\"underlined\":true},{\"text\":\"\\\\uAC27 Attaches spikes to\\\\n                 the gear, allowing\\\\n                 the user resist\\\\n                 knockback.\\\\n\\\\n\\\\n\\\\nAvailable Items: \\\\uAB09\",\"color\":\"white\",\"underlined\":false},{\"text\":\"\\\\nMax Level: \",\"color\":\"white\",\"underlined\":false},{\"score\":{\"name\":\"%SteadfastSpikesMaxLevel\",\"objective\":\"ENCHSettings\"},\"color\":\"gray\",\"underlined\":false},{\"text\":\"\\\\n\\\\nRequires \",\"color\":\"yellow\",\"underlined\":false},{\"storage\":\"enchantmentplus\",\"nbt\":\"XpRequirements.SteadfastSpikes\",\"color\":\"green\",\"underlined\":false},{\"text\":\" XP\",\"color\":\"green\",\"underlined\":false},{\"text\":\" / \",\"color\":\"gray\",\"underlined\":false},{\"text\":\"Costs \",\"color\":\"yellow\",\"underlined\":false},{\"storage\":\"enchantmentplus\",\"nbt\":\"XpCosts.SteadfastSpikes\",\"color\":\"red\",\"underlined\":false},{\"text\":\" XP\",\"color\":\"red\",\"underlined\":false},{\"text\":\"\\\\n\\\\nKnockback resistance is\\\\nincreased by 15% per level.\",\"underlined\":false,\"color\":\"yellow\"}]}},{\"text\":\"• Stone Fists\\\\n\",\"color\":\"dark_gray\",\"hoverEvent\":{\"action\":\"show_text\",\"contents\":[{\"text\":\"               \"},{\"text\":\"Stone Fists\\\\n\\\\n\",\"color\":\"dark_gray\",\"underlined\":true},{\"text\":\"\\\\uAC05 Increases the attack\\\\n                 damage of the player.\\\\n\\\\n                 Required potion is\\\\n                 Potion of Strength II\\\\n\\\\n\\\\nAvailable Items: \\\\uAB07\\\\uAB14\",\"color\":\"white\",\"underlined\":false},{\"text\":\"\\\\nMax Level: \",\"color\":\"white\",\"underlined\":false},{\"score\":{\"name\":\"%StoneFistsMaxLevel\",\"objective\":\"ENCHSettings\"},\"color\":\"gray\",\"underlined\":false},{\"text\":\"\\\\n\\\\nRequires \",\"color\":\"yellow\",\"underlined\":false},{\"storage\":\"enchantmentplus\",\"nbt\":\"XpRequirements.StoneFists\",\"color\":\"green\",\"underlined\":false},{\"text\":\" XP\",\"color\":\"green\",\"underlined\":false},{\"text\":\" / \",\"color\":\"gray\",\"underlined\":false},{\"text\":\"Costs \",\"color\":\"yellow\",\"underlined\":false},{\"storage\":\"enchantmentplus\",\"nbt\":\"XpCosts.StoneFists\",\"color\":\"red\",\"underlined\":false},{\"text\":\" XP\",\"color\":\"red\",\"underlined\":false},{\"text\":\"\\\\n\\\\nAttack damage is increased by 2\\\\nper level.\",\"underlined\":false,\"color\":\"yellow\"}]}},{\"text\":\"• Thermal Plating\\\\n\",\"color\":\"gold\",\"hoverEvent\":{\"action\":\"show_text\",\"contents\":[{\"text\":\"               \"},{\"text\":\"Thermal Plating\\\\n\\\\n\",\"color\":\"gold\",\"underlined\":true},{\"text\":\"\\\\uAC11 Grants fire resistance\\\\n                 when all armor pieces\\\\n                 are enchanted.\\\\n\\\\n                 Required potion is Potion\\\\n                 of Fire Resistance (8:00)\\\\n\\\\nAvailable Items: \\\\uAB06\\\\uAB07\\\\uAB08\\\\uAB09\\\\uAB13\\\\uAB14\",\"color\":\"white\",\"underlined\":false},{\"text\":\"\\\\n\\\\nRequires \",\"color\":\"yellow\",\"underlined\":false},{\"storage\":\"enchantmentplus\",\"nbt\":\"XpRequirements.ThermalPlating\",\"color\":\"green\",\"underlined\":false},{\"text\":\" XP\",\"color\":\"green\",\"underlined\":false},{\"text\":\" / \",\"color\":\"gray\",\"underlined\":false},{\"text\":\"Costs \",\"color\":\"yellow\",\"underlined\":false},{\"storage\":\"enchantmentplus\",\"nbt\":\"XpCosts.ThermalPlating\",\"color\":\"red\",\"underlined\":false},{\"text\":\" XP\",\"color\":\"red\",\"underlined\":false},{\"text\":\"\\\\n\\\\n15 seconds of the effect will be\\\\ngiven at the cost of 1 durability.\",\"color\":\"yellow\",\"underlined\":false}]}},{\"text\":\"• Traveler\\\\n\",\"color\":\"light_purple\",\"hoverEvent\":{\"action\":\"show_text\",\"contents\":[{\"text\":\"                  \"},{\"text\":\"Traveler\\\\n\\\\n\",\"color\":\"light_purple\",\"underlined\":true},{\"text\":\"\\\\uAC12 Increases the movement\\\\n                 speed of the player.\\\\n\\\\n                 Required potion is\\\\n                 Potion of Swiftness II\\\\n\\\\n\\\\nAvailable Items: \\\\uAB08\",\"color\":\"white\",\"underlined\":false},{\"text\":\"\\\\nMax Level: \",\"color\":\"white\",\"underlined\":false},{\"score\":{\"name\":\"%TravelerMaxLevel\",\"objective\":\"ENCHSettings\"},\"color\":\"gray\",\"underlined\":false},{\"text\":\"\\\\n\\\\nRequires \",\"color\":\"yellow\",\"underlined\":false},{\"storage\":\"enchantmentplus\",\"nbt\":\"XpRequirements.Traveler\",\"color\":\"green\",\"underlined\":false},{\"text\":\" XP\",\"color\":\"green\",\"underlined\":false},{\"text\":\" / \",\"color\":\"gray\",\"underlined\":false},{\"text\":\"Costs \",\"color\":\"yellow\",\"underlined\":false},{\"storage\":\"enchantmentplus\",\"nbt\":\"XpCosts.Traveler\",\"color\":\"red\",\"underlined\":false},{\"text\":\" XP\",\"color\":\"red\",\"underlined\":false},{\"text\":\"\\\\n\\\\nMovement speed is increased by 20%\\\\nper level.\",\"color\":\"yellow\",\"underlined\":false}]}},{\"text\":\"• Unbreakable\\\\n\",\"color\":\"blue\",\"hoverEvent\":{\"action\":\"show_text\",\"contents\":[{\"text\":\"                 \"},{\"text\":\"Unbreakable\\\\n\\\\n\",\"color\":\"blue\",\"underlined\":true},{\"text\":\"\\\\uAC13 Makes the item\\\\n                 completely unbreakable.\\\\n\\\\n                 Obsidian and Crying\\\\n                 Obsidian are required.\\\\n\\\\n\\\\nAvailable Items: All Items with Durability\",\"color\":\"white\",\"underlined\":false},{\"text\":\"\\\\n\\\\nRequires \",\"color\":\"yellow\",\"underlined\":false},{\"storage\":\"enchantmentplus\",\"nbt\":\"XpRequirements.Unbreakable\",\"color\":\"green\",\"underlined\":false},{\"text\":\" XP\",\"color\":\"green\",\"underlined\":false},{\"text\":\" / \",\"color\":\"gray\",\"underlined\":false},{\"text\":\"Costs \",\"color\":\"yellow\",\"underlined\":false},{\"storage\":\"enchantmentplus\",\"nbt\":\"XpCosts.Unbreakable\",\"color\":\"red\",\"underlined\":false},{\"text\":\" XP\",\"color\":\"red\",\"underlined\":false},{\"text\":\"\\\\n\\\\nUnbreaking and Mending\\\\nenchantments will be removed\\\\n\\\\nNot compatible with Infinity\",\"color\":\"red\",\"underlined\":false}]}},{\"text\":\"• Vein Miner\\\\n\",\"color\":\"dark_green\",\"hoverEvent\":{\"action\":\"show_text\",\"contents\":[{\"text\":\"                \"},{\"text\":\"Vein Miner\\\\n\\\\n\",\"color\":\"dark_green\",\"underlined\":true},{\"text\":\"\\\\uAC14 Breaking one ore will\\\\n                 also break all other\\\\n                 same adjacent ores.\\\\n\\\\n                 Also works on\\\\n                 certain blocks.\\\\n\\\\nAvailable Items: \\\\uAB02\",\"color\":\"white\",\"underlined\":false},{\"text\":\"\\\\nMax Level: \",\"color\":\"white\",\"underlined\":false},{\"score\":{\"name\":\"%VeinMinerMaxLevel\",\"objective\":\"ENCHSettings\"},\"color\":\"gray\",\"underlined\":false},{\"text\":\"\\\\n\\\\nRequires \",\"color\":\"yellow\",\"underlined\":false},{\"storage\":\"enchantmentplus\",\"nbt\":\"XpRequirements.VeinMiner\",\"color\":\"green\",\"underlined\":false},{\"text\":\" XP\",\"color\":\"green\",\"underlined\":false},{\"text\":\" / \",\"color\":\"gray\",\"underlined\":false},{\"text\":\"Costs \",\"color\":\"yellow\",\"underlined\":false},{\"storage\":\"enchantmentplus\",\"nbt\":\"XpCosts.VeinMiner\",\"color\":\"red\",\"underlined\":false},{\"text\":\" XP\",\"color\":\"red\",\"underlined\":false},{\"text\":\"\\\\n\\\\nNot compatible with Wide\",\"color\":\"red\",\"underlined\":false},{\"text\":\"\\\\n\\\\nBlock count is increased by 8 per\\\\nlevel.\",\"color\":\"yellow\",\"underlined\":false}]}},{\"text\":\"• Void Strike\\\\n\",\"color\":\"#9900FF\",\"hoverEvent\":{\"action\":\"show_text\",\"contents\":[{\"text\":\"                  \"},{\"text\":\"Void Strike\\\\n\\\\n\",\"color\":\"#9900FF\",\"underlined\":true},{\"text\":\"\\\\uAC24 Unleash the true power\\\\n                 of echo shards to slash\\\\n                 foes around you with\\\\n                 incredible speed, leaving\\\\n                 them stuck in place and\\\\n                 dealing massive damage.\\\\n\\\\nBanner Pattern (Snout) is required\\\\n\\\\nAvailable Items: \\\\uAB01\",\"color\":\"white\",\"underlined\":false},{\"text\":\"\\\\n\\\\nRequires \",\"color\":\"yellow\",\"underlined\":false},{\"storage\":\"enchantmentplus\",\"nbt\":\"XpRequirements.VoidStrike\",\"color\":\"green\",\"underlined\":false},{\"text\":\" XP\",\"color\":\"green\",\"underlined\":false},{\"text\":\" / \",\"color\":\"gray\",\"underlined\":false},{\"text\":\"Costs \",\"color\":\"yellow\",\"underlined\":false},{\"storage\":\"enchantmentplus\",\"nbt\":\"XpCosts.VoidStrike\",\"color\":\"red\",\"underlined\":false},{\"text\":\" XP\",\"color\":\"red\",\"underlined\":false},{\"text\":\"\\\\n\\\\nHold Echo Shard in offhand and deal\\\\ndamage to activate. Consumes a shard\\\\nwhen used and has 1 minute cooldown.\\\\n\\\\nDeals \",\"color\":\"yellow\",\"underlined\":false},{\"score\":{\"name\":\"%VoidStrikeMobDamage\",\"objective\":\"ENCHSettings\"},\"color\":\"gold\",\"underlined\":false},{\"text\":\" damage to mobs, \",\"color\":\"yellow\",\"underlined\":false},{\"score\":{\"name\":\"%VoidStrikePlayerDamage\",\"objective\":\"ENCHSettings\"},\"color\":\"gold\",\"underlined\":false},{\"text\":\" damage to\\\\nplayers and has \",\"color\":\"yellow\",\"underlined\":false},{\"score\":{\"name\":\"%VoidStrikeRange\",\"objective\":\"ENCHSettings\"},\"color\":\"gold\",\"underlined\":false},{\"text\":\" blocks range.\",\"color\":\"yellow\",\"underlined\":false}]}},{\"text\":\"• Wide\\\\n\",\"color\":\"aqua\",\"hoverEvent\":{\"action\":\"show_text\",\"contents\":[{\"text\":\"                    \"},{\"text\":\"Wide\\\\n\\\\n\",\"color\":\"aqua\",\"underlined\":true},{\"text\":\"\\\\uAC15 Increases tool range.\\\\n\\\\n                 This also includes\\\\n                 stripping, pathing\\\\n                 and tilling.\\\\n\\\\n\\\\nMiner Pottery Sherd is required.\\\\n\\\\nAvailable Items: \\\\uAB02\\\\uAB03\\\\uAB04\\\\uAB05\\\\uAB16\",\"color\":\"white\",\"underlined\":false},{\"text\":\"\\\\nMax Level: \",\"color\":\"white\",\"underlined\":false},{\"score\":{\"name\":\"%WideMaxLevel\",\"objective\":\"ENCHSettings\"},\"color\":\"gray\",\"underlined\":false},{\"text\":\"\\\\n\\\\nRequires \",\"color\":\"yellow\",\"underlined\":false},{\"storage\":\"enchantmentplus\",\"nbt\":\"XpRequirements.Wide\",\"color\":\"green\",\"underlined\":false},{\"text\":\" XP\",\"color\":\"green\",\"underlined\":false},{\"text\":\" / \",\"color\":\"gray\",\"underlined\":false},{\"text\":\"Costs \",\"color\":\"yellow\",\"underlined\":false},{\"storage\":\"enchantmentplus\",\"nbt\":\"XpCosts.Wide\",\"color\":\"red\",\"underlined\":false},{\"text\":\" XP\",\"color\":\"red\",\"underlined\":false},{\"text\":\"\\\\n\\\\nNot compatible with Lumberjack and\\\\nVein Miner\",\"color\":\"red\",\"underlined\":false},{\"text\":\"\\\\n\\\\nTargeted area is increased by 1\\\\nper level in all directions.\",\"underlined\":false,\"color\":\"yellow\"}]}}]']}"
						}
					]
				}
			]
		}
	]
}
