{
    "anvil_cost": 4,
    "description": {
        "translate": "enchantment.enchantmentplus.enraged"
    },
    "effects": {
        "minecraft:attributes": [
            {
                "amount": {
                    "type": "minecraft:linear",
                    "base": 0.3,
                    "per_level_above_first": 0.3
                },
                "attribute": "minecraft:generic.attack_damage",
                "id": "enchantmentplus:enchantment.enraged_attack_damage",
                "operation": "add_multiplied_total"
            },
            {
                "amount": {
                    "type": "minecraft:linear",
                    "base": -0.2,
                    "per_level_above_first": -0.2
                },
                "attribute": "minecraft:generic.armor",
                "id": "enchantmentplus:enchantment.enraged_armor",
                "operation": "add_multiplied_total"
            }
        ]
    },
    "max_cost": {
        "base": 21,
        "per_level_above_first": 8
    },
    "max_level": 3,
    "min_cost": {
        "base": 1,
        "per_level_above_first": 8
    },
    "primary_items": "#minecraft:enchantable/chest_armor",
    "slots": [
        "chest"
    ],
    "supported_items": "#enchantmentplus:enchantable/enraged",
    "weight": 1
}