{
    "anvil_cost": 4,
    "description": {
        "translate": "enchantment.enchantmentplus.health_boost"
    },
    "effects": {
        "minecraft:attributes": [
            {
                "amount": {
                    "type": "minecraft:linear",
                    "base": 2,
                    "per_level_above_first": 2
                },
                "attribute": "minecraft:generic.max_health",
                "id": "enchantmentplus:enchantment.health_boost",
                "operation": "add_value"
            }
        ]
    },
    "max_cost": {
        "base": 16,
        "per_level_above_first": 10
    },
    "max_level": 5,
    "min_cost": {
        "base": 1,
        "per_level_above_first": 10
    },
    "slots": [
        "armor"
    ],
    "supported_items": "#enchantmentplus:enchantable/health_boost",
    "weight": 2
}