{
    "type": "minecraft:notice",
    "title": {
        "text": "Tome of Intricate Disenchanting",
        "color": "aqua"
    },
    "body": [
        {
            "type": "minecraft:item",
            "item": {
                "id": "minecraft:book",
                "components": {
                    "minecraft:item_name": {
                        "translate": "item.enchantmentplus.tome_of_intricate_disenchanting",
                        "fallback": "Tome of Intricate Disenchanting"
                    },
                    "minecraft:lore": [
                        {
                            "translate": "desc.enchantmentplus.tome_of_intricate_disenchanting",
                            "fallback": "Allows taking enchantments off of an already enchanted item.",
                            "color": "gray",
                            "italic": false
                        }
                    ],
                    "minecraft:rarity": "rare",
                    "minecraft:item_model": "enchantmentplus:tome_of_intricate_disenchanting",
                    "minecraft:enchantment_glint_override": true,
                    "minecraft:custom_data": {
                        "EnchantmentPlusData": {
                            "TomeType": "intricate_disenchanting"
                        }
                    },
                    "minecraft:consumable": {
                        "consume_seconds": 2147483647,
                        "animation": "none",
                        "has_consume_particles": false
                    }
                }
            }
        },
        {
            "type": "minecraft:plain_message",
            "width": 600,
            "contents": [
                {
                    "text": "Description: ",
                    "color": "gray"
                },
                {
                    "text": "Allows taking enchantments off of an already enchanted item.\n\n\n\n",
                    "color": "white"
                },
                {
                    "text": "Usage: ",
                    "color": "gray"
                },
                {
                    "text": "Hold this in the mainhand and the desired item in the offhand.\n\nUpon using, all enchantments on the item will be transferred to the tome.\n\nThis action costs ",
                    "color": "white"
                },
                {
                    "text": "20 experience levels",
                    "color": "green"
                },
                {
                    "text": " and ",
                    "color": "white"
                },
                {
                    "text": "does not destroy",
                    "color": "yellow"
                },
                {
                    "text": " the item.",
                    "color": "white"
                }
            ]
        }
    ],
    "action": {
        "label": "Back",
        "action": {
            "type": "show_dialog",
            "dialog": "enchantmentplus:tomes"
        }
    }
}