{
    "anvil_cost": 1,
    "description": {
        "translate": "enchantment.enchantmentplus.diverse_slayer",
        "fallback": "Diverse Slayer"
    },
    "effects": {
        "minecraft:damage": [
            {
                "effect": {
                    "type": "minecraft:add",
                    "value": {
                        "type": "minecraft:linear",
                        "base": 1.0,
                        "per_level_above_first": 1.0
                    }
                },
                "requirements": {
                    "condition": "minecraft:inverted",
                    "term": {
                        "condition": "minecraft:entity_properties",
                        "entity": "this",
                        "predicate": {
                            "type": "minecraft:player"
                        }
                    }
                }
            }
        ]
    },
    "exclusive_set": "#minecraft:exclusive_set/damage",
    "max_cost": {
        "base": 25,
        "per_level_above_first": 4
    },
    "max_level": 10,
    "min_cost": {
        "base": 5,
        "per_level_above_first": 4
    },
    "slots": [
        "mainhand"
    ],
    "supported_items": "#enchantmentplus:enchantable/diverse_slayer",
    "weight": 5
}