{
    "anvil_cost": 2,
    "description": {
        "translate": "enchantment.enchantmentplus.earthly_gatherer",
        "fallback": "Earthly Gatherer"
    },
    "effects": {
        "minecraft:hit_block": [
            {
                "effect": {
                    "type": "minecraft:run_function",
                    "function": "enchantmentplus:enchantments/earthly_gatherer/place_marker"
                },
                "requirements": {
                    "condition": "minecraft:all_of",
                    "terms": [
                        {
                            "condition": "minecraft:location_check",
                            "predicate": {
                                "block": {
                                    "blocks": "#enchantmentplus:earthly_gatherable"
                                }
                            }
                        },
                        {
                            "condition": "minecraft:entity_properties",
                            "entity": "this",
                            "predicate": {
                                "flags": {
                                    "is_sneaking": false
                                }
                            }
                        }
                    ]
                }
            }
        ]
    },
    "exclusive_set": "#enchantmentplus:exclusive_set/block_breaking_effect",
    "max_cost": {
        "base": 65,
        "per_level_above_first": 0
    },
    "max_level": 1,
    "min_cost": {
        "base": 15,
        "per_level_above_first": 0
    },
    "slots": [
        "mainhand"
    ],
    "supported_items": "#enchantmentplus:enchantable/earthly_gatherer",
    "weight": 2
}