{
    "anvil_cost": 1,
    "description": {
        "translate": "enchantment.enchantmentplus.traveler",
        "fallback": "Traveler"
    },
    "effects": {
        "minecraft:attributes": [
            {
                "amount": {
                    "type": "minecraft:linear",
                    "base": 0.2,
                    "per_level_above_first": 0.2
                },
                "attribute": "minecraft:movement_speed",
                "id": "enchantmentplus:enchantment.traveler",
                "operation": "add_multiplied_base"
            }
        ]
    },
    "max_cost": {
        "base": 21,
        "per_level_above_first": 9
    },
    "max_level": 5,
    "min_cost": {
        "base": 1,
        "per_level_above_first": 9
    },
    "slots": [
        "legs"
    ],
    "supported_items": "#enchantmentplus:enchantable/traveler",
    "weight": 4
}