{
	"feature": "terralith:swamp/vanilla/dripleaf",
	"placement": [
		{
			"type": "minecraft:count",
			"count": 37
		},
		{
			"type": "minecraft:in_square"
		},
		{
			"type": "minecraft:height_range",
			"height": {
				"absolute": 62
			}
		},
		{
			"type": "minecraft:block_predicate_filter",
			"predicate": {
				"type": "minecraft:all_of",
				"predicates": [
					{
						"type": "minecraft:matching_blocks",
						"offset": [
							0,
							0,
							0
						],
						"blocks": [
							"minecraft:water"
						]
					},
					{
						"type": "minecraft:matching_blocks",
						"offset": [
							0,
							-1,
							0
						],
						"blocks": [
							"minecraft:clay",
							"minecraft:dirt"
						]
					}
				]
			}
		},
		{
			"type": "minecraft:biome"
		}
	]
}
