{
  "type": "minecraft:crafting_shaped",
  "category": "misc",
  "pattern": [
    "@@",
    "##",
    "##"
  ],
  "key": {
    "#": "#minecraft:planks",
    "@": "minecraft:copper_ingot"
  },
  "result": {
    "id": "minecraft:rabbit_spawn_egg",
    "count": 1,
    "components": {
      "minecraft:custom_model_data":314001,
      "minecraft:item_name": "{\"translate\": \"block.toolsmithing_table.name\", \"italic\": false}", 
      "minecraft:entity_data": {
        "id": "minecraft:armor_stand",
        "Rotation": [0,0],
        "Invulnerable": true,
        "Invisible": true,
        "NoGravity": true,
        "Silent": true,
        "Marker": true,
        "Tags":["310_place_toolsmithing_table"]
      }
  },
  "show_notification": false
  }
}