{
    "criteria": {
        "requirement": {
            "trigger": "minecraft:player_killed_entity",
            "conditions": {
                "player": [
                    {
                        "condition": "minecraft:entity_properties",
                        "entity": "this",
                        "predicate": {
                            "equipment": {
                                "mainhand": {
                                    "nbt": "{EnchantmentPlusData:{Enchantments:[{id:\"enchantmentplus:cleaving\"}]}}"
                                }
                            }
                        }
                    }
                ],
                "entity": [
                    {
                        "condition": "minecraft:entity_properties",
                        "entity": "this",
                        "predicate": {
                            "type": "#enchantmentplus:entities_hostile"
                        }
                    }
                ],
                "killing_blow": {
                    "tags": [
                        {
                            "id": "enchantmentplus:is_player_attack",
                            "expected": true
                        }
                    ]
                }
            }
        }
    }
}