{
	"display": {
		"icon": {
			"item": "minecraft:ender_pearl"
		},
		"title": "Mine, All Mine!",
		"description": "Obtain an item enchanted with Direct",
		"frame": "goal",
		"show_toast": true,
		"announce_to_chat": true,
		"hidden": false
	},
	"parent": "enchantmentplus:main/obtain_items",
	"criteria": {
		"enchant_direct": {
			"trigger": "minecraft:inventory_changed",
			"conditions": {
				"items": [
					{
						"nbt": "{EnchantmentPlusData:{Enchantments:[{id:\"enchantmentplus:direct\"}]}}"
					}
				]
			}
		}
	},
	"requirements": [
		[
			"enchant_direct"
		]
	]
}
