{
	"display": {
		"icon": {
			"item": "minecraft:written_book",
			"nbt": "{CustomModelData:6960001}"
		},
		"title": "Ready to Enchant",
		"description": "Obtain Enchantment+ Table and Guide from a Wandering Trader",
		"frame": "task",
		"show_toast": true,
		"announce_to_chat": true,
		"hidden": false
	},
	"parent": "enchantmentplus:main/root",
	"criteria": {
		"obtain_items": {
			"trigger": "minecraft:inventory_changed",
			"conditions": {
				"items": [
					{
						"nbt": "{EnchantmentPlusData:{id:\"table\"}}"
					},
					{
						"nbt": "{EnchantmentPlusData:{id:\"guide\"}}"
					}
				]
			}
		}
	},
	"requirements": [
		[
			"obtain_items"
		]
	]
}
