{
	"display": {
		"icon": {
			"item": "minecraft:bow"
		},
		"title": "I am POWER",
		"description": "Obtain an item enchanted with Power X",
		"frame": "goal",
		"show_toast": true,
		"announce_to_chat": true,
		"hidden": false
	},
	"parent": "enchantmentplus:main/obtain_items",
	"criteria": {
		"enchant_power_10": {
			"trigger": "minecraft:inventory_changed",
			"conditions": {
				"items": [
					{
						"enchantments": [
							{
								"enchantment": "minecraft:power",
								"levels": {
									"min": 10
								}
							}
						]
					}
				]
			}
		}
	},
	"requirements": [
		[
			"enchant_power_10"
		]
	]
}
