{
	"display": {
		"icon": {
			"item": "minecraft:sculk_sensor",
			"nbt": "{Enchantments:[{}]}"
		},
		"title": "Sneak 2147483647",
		"description": "Equip items enchanted with Soul Speed X, Swift Sneak V and Traveler V, then walk on Soul Sand while sneaking with Speed II effect.",
		"frame": "challenge",
		"show_toast": true,
		"announce_to_chat": true,
		"hidden": true
	},
	"parent": "enchantmentplus:main/traveler_5",
	"criteria": {
		"sneak_2147483647": {
			"trigger": "minecraft:enter_block",
			"conditions": {
				"block": "minecraft:soul_sand",
				"player": {
					"equipment": {
						"legs": {
							"enchantments": [
								{
									"enchantment": "minecraft:swift_sneak",
									"levels": {
										"min": 5
									}
								}
							],
							"nbt": "{EnchantmentPlusData:{Enchantments:[{id:\"enchantmentplus:traveler\",lvl:5s}]}}"
						},
						"feet": {
							"enchantments": [
								{
									"enchantment": "minecraft:soul_speed",
									"levels": {
										"min": 10
									}
								}
							]
						}
					},
					"effects": {
						"minecraft:speed": {
							"amplifier": 1
						}
					},
					"flags": {
						"is_sneaking": true
					}
				}
			}
		}
	},
	"requirements": [
		[
			"sneak_2147483647"
		]
	],
	"rewards": {
		"experience": 500
	}
}
