{
	"display": {
		"icon": {
			"item": "minecraft:redstone"
		},
		"title": "Speedy",
		"description": "Obtain an item enchanted with Traveler V",
		"frame": "goal",
		"show_toast": true,
		"announce_to_chat": true,
		"hidden": false
	},
	"parent": "enchantmentplus:main/obtain_items",
	"criteria": {
		"enchant_traveler_5": {
			"trigger": "minecraft:inventory_changed",
			"conditions": {
				"items": [
					{
						"nbt": "{EnchantmentPlusData:{Enchantments:[{id:\"enchantmentplus:traveler\",lvl:5s}]}}"
					}
				]
			}
		}
	},
	"requirements": [
		[
			"enchant_traveler_5"
		]
	]
}
