{
	"display": {
		"icon": {
			"item": "minecraft:bedrock"
		},
		"title": "Eternal Stella",
		"description": "Obtain an item enchanted with Unbreakable",
		"frame": "challenge",
		"show_toast": true,
		"announce_to_chat": true,
		"hidden": false
	},
	"parent": "enchantmentplus:main/unbreaking_10",
	"criteria": {
		"enchant_unbreakable": {
			"trigger": "minecraft:inventory_changed",
			"conditions": {
				"items": [
					{
						"nbt": "{Unbreakable:1b}"
					}
				]
			}
		}
	},
	"requirements": [
		[
			"enchant_unbreakable"
		]
	]
}
