{
    "display": {
        "title": "Wyvernity",
        "description": [
            {
                "text": "Average Java Edition Enjoyer",
                "color": "dark_aqua"
            }
        ],
        "icon": {
            "id": "minecraft:player_head",
            "components": {
                "minecraft:profile": {
                    "name": "Wyvernity"
                }
            }
        },
        "show_toast": false,
        "announce_to_chat": false
    },
    "parent": "global:root",
    "criteria": {
        "trigger": {
            "trigger": "minecraft:tick"
        }
    }
}