[
  {
    "condition": "minecraft:any_of",
    "terms": [
      {
        "condition": "minecraft:location_check",
        "predicate": {
          "block": {
            "blocks": [
              "minecraft:barrel"
            ],
            "nbt": "{Items:[{Slot:19b, id:\"minecraft:terracotta\"}, {Slot:20b, id:\"minecraft:structure_block\", tag:{CustomModelData:313001}}]}"
          }
        }
      },
      {
        "condition": "minecraft:location_check",
        "predicate": {
          "block": {
            "blocks": [
              "minecraft:barrel"
            ],
            "nbt": "{Items:[{Slot:19b, id:\"minecraft:cobblestone\"}, {Slot:20b, id:\"minecraft:structure_block\", tag:{CustomModelData:313002}}]}"
          }
        }
      },
      {
        "condition": "minecraft:location_check",
        "predicate": {
          "block": {
            "blocks": [
              "minecraft:barrel"
            ],
            "nbt": "{Items:[{Slot:19b, id:\"minecraft:cobbled_deepslate\"}, {Slot:20b, id:\"minecraft:structure_block\", tag:{CustomModelData:313003}}]}"
          }
        }
      },
      {
        "condition": "minecraft:location_check",
        "predicate": {
          "block": {
            "blocks": [
              "minecraft:barrel"
            ],
            "nbt": "{Items:[{Slot:19b, id:\"minecraft:snow_block\"}, {Slot:20b, id:\"minecraft:structure_block\", tag:{CustomModelData:313004}}]}"
          }
        }
      }
    ]
  },
  {
    "condition": "minecraft:location_check",
    "predicate": {
      "block": {
        "blocks": [
          "minecraft:barrel"
        ],
        "nbt": "{Items:[{Slot:21b, id:\"minecraft:diamond\"}]}"
      }
    }
  }
]