{
	"feature": "terralith:jungle/vanilla/trees_jungle",
	"placement": [
		{
			"type": "minecraft:count",
			"count": {
				"type": "minecraft:weighted_list",
				"distribution": [
					{
						"weight": 90,
						"data": 50
					},
					{
						"weight": 10,
						"data": 51
					}
				]
			}
		},
		{
			"type": "minecraft:in_square"
		},
		{
			"type": "minecraft:surface_water_depth_filter",
			"max_water_depth": 0
		},
		{
			"type": "minecraft:heightmap",
			"heightmap": "OCEAN_FLOOR"
		},
		{
			"type": "minecraft:block_predicate_filter",
			"predicate": {
				"type": "minecraft:all_of",
				"predicates": [
					{
						"type": "minecraft:matching_blocks",
						"offset": [
							0,
							-1,
							0
						],
						"blocks": [
							"minecraft:coarse_dirt",
							"minecraft:dirt",
							"minecraft:grass_block",
							"minecraft:podzol",
							"minecraft:rooted_dirt"
						]
					}
				]
			}
		},
		{
			"type": "minecraft:biome"
		}
	]
}
