{
    "type": "minecraft:crafting_shaped",
    "category": "misc",
    "pattern": [
        "LWL",
        "SBS",
        "LWL"
    ],
    "key": {
        "B": "minecraft:book",
        "L": "minecraft:lapis_block",
        "W": "minecraft:wind_charge",
        "S": "minecraft:shulker_shell"
    },
    "result": {
        "id": "minecraft:book",
        "components": {
            "minecraft:item_name": {
                "translate": "item.enchantmentplus.tome_of_intricate_disenchanting"
            },
            "minecraft:lore": [
                {
                    "translate": "desc.enchantmentplus.tome_of_intricate_disenchanting.1",
                    "color": "dark_gray",
                    "italic": false
                },
                {
                    "translate": "desc.enchantmentplus.tome_of_intricate_disenchanting.2",
                    "color": "dark_gray",
                    "italic": false
                },
                {
                    "translate": "desc.enchantmentplus.tome_of_intricate_disenchanting.3",
                    "color": "dark_gray",
                    "italic": false
                },
                {
                    "translate": "desc.enchantmentplus.tome_of_intricate_disenchanting.4",
                    "color": "dark_gray",
                    "italic": false
                },
                {
                    "translate": "desc.enchantmentplus.tome_of_intricate_disenchanting.5",
                    "color": "dark_gray",
                    "italic": false
                }
            ],
            "minecraft:rarity": "rare",
            "minecraft:item_model": "enchantmentplus:tome_of_intricate_disenchanting",
            "minecraft:enchantment_glint_override": true,
            "minecraft:custom_data": {
                "EnchantmentPlusData": {
                    "TomeType": "intricate_disenchanting"
                }
            },
            "minecraft:consumable": {
                "consume_seconds": 2147483647,
                "animation": "none",
                "has_consume_particles": false
            }
        }
    }
}