{
    "type": "minecraft:crafting_shaped",
    "category": "misc",
    "pattern": [
        "EGE",
        "RBR",
        "EGE"
    ],
    "key": {
        "B": "minecraft:book",
        "E": "minecraft:experience_bottle",
        "G": "minecraft:green_dye",
        "R": "minecraft:resin_clump"
    },
    "result": {
        "id": "minecraft:book",
        "components": {
            "minecraft:item_name": {
                "translate": "item.enchantmentplus.tome_of_restoration"
            },
            "minecraft:lore": [
                {
                    "translate": "desc.enchantmentplus.tome_of_restoration.1",
                    "color": "dark_gray",
                    "italic": false
                },
                {
                    "translate": "desc.enchantmentplus.tome_of_restoration.2",
                    "color": "dark_gray",
                    "italic": false
                },
                {
                    "translate": "desc.enchantmentplus.tome_of_restoration.3",
                    "color": "dark_gray",
                    "italic": false
                },
                {
                    "translate": "desc.enchantmentplus.tome_of_restoration.4",
                    "color": "dark_gray",
                    "italic": false
                }
            ],
            "minecraft:rarity": "uncommon",
            "minecraft:item_model": "enchantmentplus:tome_of_restoration",
            "minecraft:custom_data": {
                "EnchantmentPlusData": {
                    "TomeType": "restoration"
                }
            },
            "minecraft:consumable": {
                "consume_seconds": 2147483647,
                "animation": "none",
                "has_consume_particles": false
            }
        }
    }
}