{
    "type": "minecraft:crafting_shaped",
    "category": "misc",
    "pattern": [
        "LPL",
        "CBC",
        "LPL"
    ],
    "key": {
        "B": "minecraft:book",
        "L": "minecraft:lapis_lazuli",
        "P": "minecraft:blaze_powder",
        "C": "minecraft:prismarine_crystals"
    },
    "result": {
        "id": "minecraft:book",
        "components": {
            "minecraft:item_name": {
                "translate": "item.enchantmentplus.tome_of_disenchanting"
            },
            "minecraft:lore": [
                {
                    "translate": "desc.enchantmentplus.tome_of_disenchanting.1",
                    "color": "dark_gray",
                    "italic": false
                },
                {
                    "translate": "desc.enchantmentplus.tome_of_disenchanting.2",
                    "color": "dark_gray",
                    "italic": false
                },
                {
                    "translate": "desc.enchantmentplus.tome_of_disenchanting.3",
                    "color": "dark_gray",
                    "italic": false
                },
                {
                    "translate": "desc.enchantmentplus.tome_of_disenchanting.4",
                    "color": "dark_gray",
                    "italic": false
                },
                {
                    "translate": "desc.enchantmentplus.tome_of_disenchanting.5",
                    "color": "dark_gray",
                    "italic": false
                }
            ],
            "minecraft:rarity": "uncommon",
            "minecraft:item_model": "enchantmentplus:tome_of_disenchanting",
            "minecraft:custom_data": {
                "EnchantmentPlusData": {
                    "TomeType": "disenchanting"
                }
            },
            "minecraft:consumable": {
                "consume_seconds": 2147483647,
                "animation": "none",
                "has_consume_particles": false
            }
        }
    }
}