{
  "pools": [
    {
      "rolls": {
        "min": 4,
        "max": 6
      },
      "entries": [
        {
          "type": "minecraft:item",
          "weight": 40,
          "name": "minecraft:gold_ingot",
          "functions": [
            {
              "function": "minecraft:set_count",
              "count": {
                "min": 1,
                "max": 3
              }
            }
          ]
        },
        {
          "type": "minecraft:item",
          "weight": 60,
          "name": "minecraft:gold_nugget",
          "functions": [
            {
              "function": "minecraft:set_count",
              "count": {
                "min": 1,
                "max": 12
              }
            }
          ]
        },
        {
          "type": "minecraft:item",
          "weight": 100,
          "name": "minecraft:warped_stem",
          "functions": [
            {
              "function": "minecraft:set_count",
              "count": {
                "min": 3,
                "max": 12
              }
            }
          ]
        },
        {
          "type": "minecraft:item",
          "weight": 80,
          "name": "minecraft:stripped_warped_stem",
          "functions": [
            {
              "function": "minecraft:set_count",
              "count": {
                "min": 3,
                "max": 9
              }
            }
          ]
        },
        {
          "type": "minecraft:item",
          "weight": 10,
          "name": "minecraft:diamond"
        },
        {
          "type": "minecraft:item",
          "weight": 30,
          "name": "minecraft:golden_axe",
          "functions": [
            {
              "function": "minecraft:set_damage",
              "damage": {
                "min": 0.2,
                "max": 0.9
              }
            },
            {
              "function": "minecraft:enchant_with_levels",
              "levels": {
                "min": 1,
                "max": 30
              },
              "treasure": true,
              "conditions": [
                {
                  "condition": "minecraft:random_chance",
                  "chance": 0.4
                }
              ]
            }
          ]
        },
        {
          "type": "minecraft:item",
          "weight": 30,
          "name": "minecraft:golden_sword",
          "functions": [
            {
              "function": "minecraft:set_damage",
              "damage": {
                "min": 0.2,
                "max": 0.9
              }
            },
            {
              "function": "minecraft:enchant_with_levels",
              "levels": {
                "min": 1,
                "max": 30
              },
              "treasure": true,
              "conditions": [
                {
                  "condition": "minecraft:random_chance",
                  "chance": 0.4
                }
              ]
            }
          ]
        },
        {
          "type": "minecraft:item",
          "weight": 30,
          "name": "minecraft:golden_pickaxe",
          "functions": [
            {
              "function": "minecraft:set_damage",
              "damage": {
                "min": 0.2,
                "max": 0.9
              }
            },
            {
              "function": "minecraft:enchant_with_levels",
              "levels": {
                "min": 1,
                "max": 30
              },
              "treasure": true,
              "conditions": [
                {
                  "condition": "minecraft:random_chance",
                  "chance": 0.4
                }
              ]
            }
          ]
        },
        {
          "type": "minecraft:item",
          "weight": 30,
          "name": "minecraft:golden_shovel",
          "functions": [
            {
              "function": "minecraft:set_damage",
              "damage": {
                "min": 0.2,
                "max": 0.9
              }
            },
            {
              "function": "minecraft:enchant_with_levels",
              "levels": {
                "min": 1,
                "max": 30
              },
              "treasure": true,
              "conditions": [
                {
                  "condition": "minecraft:random_chance",
                  "chance": 0.4
                }
              ]
            }
          ]
        },
        {
          "type": "minecraft:item",
          "weight": 60,
          "name": "minecraft:shroomlight",
          "functions": [
            {
              "function": "minecraft:set_count",
              "count": {
                "min": 1,
                "max": 4
              }
            }
          ]
        },
        {
          "type": "minecraft:item",
          "weight": 60,
          "name": "minecraft:lapis_lazuli",
          "functions": [
            {
              "function": "minecraft:set_count",
              "count": {
                "min": 1,
                "max": 10
              }
            }
          ]
        },
        {
          "type": "minecraft:item",
          "weight": 20,
          "name": "minecraft:gold_block"
        },
        {
          "type": "minecraft:item",
          "weight": 100,
          "name": "minecraft:warped_fungus",
          "functions": [
            {
              "function": "minecraft:set_count",
              "count": {
                "min": 3,
                "max": 18
              }
            }
          ]
        },
        {
          "type": "minecraft:loot_table",
          "weight": 50,
          "value": "structory_towers:potions"
        }
      ]
    }
  ]
}
