{
    "criteria": {
        "requirement": {
            "trigger": "minecraft:player_interacted_with_entity",
            "conditions": {
                "player": [
                    {
                        "condition": "minecraft:entity_properties",
                        "entity": "this",
                        "predicate": {
                            "equipment": {
                                "mainhand": {
                                    "items": ["minecraft:shears"],
                                    "nbt": "{EnchantmentPlusData:{Enchantments:[{id:\"enchantmentplus:direct\"}]}}"
                                }
                            }
                        }
                    }
                ],
                "entity": [
                    {
                        "condition": "minecraft:entity_properties",
                        "entity": "this",
                        "predicate": {
                            "type": "minecraft:sheep"
                        }
                    }
                ]
            }
        }
    },
    "rewards": {
        "function": "enchantmentplus:custom/direct/shears"
    }
}