{
    "criteria": {
        "requirement": {
            "trigger": "minecraft:player_killed_entity",
            "conditions": {
                "player": [
                    {
                        "condition": "minecraft:entity_properties",
                        "entity": "this",
                        "predicate": {
                            "equipment": {
                                "mainhand": {
                                    "nbt": "{EnchantmentPlusData:{Enchantments:[{id:\"enchantmentplus:lifesteal\"}]}}"
                                }
                            }
                        }
                    },
                    {
                        "condition": "minecraft:entity_scores",
                        "entity": "this",
                        "scores": {
                            "ENCHLifestealOff": {
                                "min": 0,
                                "max": 0
                            }
                        }
                    },
                    {
                        "condition": "minecraft:inverted",
                        "term": {
                            "condition": "minecraft:entity_properties",
                            "entity": "this",
                            "predicate": {
                                "nbt": "{Tags:[\"eplus.lifesteal_healed\"]}"
                            }
                        }
                    }
                ],
                "entity": [
                    {
                        "condition": "minecraft:entity_properties",
                        "entity": "this",
                        "predicate": {
                            "type": "#enchantmentplus:entities_all"
                        }
                    }
                ],
                "killing_blow": {
                    "tags": [
                        {
                            "id": "enchantmentplus:is_player_attack",
                            "expected": true
                        }
                    ]
                }
            }
        }
    }
}