{
    "criteria": {
        "requirement": {
            "trigger": "minecraft:player_hurt_entity",
            "conditions": {
                "player": [
                    {
                        "condition": "minecraft:entity_properties",
                        "entity": "this",
                        "predicate": {
                            "equipment": {
                                "mainhand": {
                                    "nbt": "{EnchantmentPlusData:{Enchantments:[{id:\"enchantmentplus:void_strike\"}]}}"
                                }
                            }
                        }
                    },
                    {
                        "condition": "minecraft:entity_properties",
                        "entity": "this",
                        "predicate": {
                            "equipment": {
                                "offhand": {
                                    "items": [
                                        "minecraft:echo_shard"
                                    ]
                                }
                            }
                        }
                    },
                    {
                        "condition": "minecraft:inverted",
                        "term": {
                            "condition": "minecraft:entity_scores",
                            "entity": "this",
                            "scores": {
                                "ENCHVoidStrikeCooldown": {
                                    "min": 1
                                }
                            }
                        }
                    }
                ],
                "entity": {
                    "type": "#enchantmentplus:entities_all"
                }
            }
        }
    },
    "rewards": {
        "function": "enchantmentplus:custom/void_strike/mark/main"
    }
}