{
    "type": "minecraft:notice",
    "title": {
        "text": "Blessing of Kings",
        "color": "gold"
    },
    "body": [
        {
            "type": "minecraft:item",
            "item": {
                "id": "minecraft:enchanted_book",
                "components": {
                    "minecraft:stored_enchantments": {
                        "enchantmentplus:blessing_of_kings": 3
                    }
                }
            }
        },
        {
            "type": "minecraft:plain_message",
            "width": 600,
            "contents": [
                {
                    "text": "Type:",
                    "color": "gray"
                },
                {
                    "text": " Masterwork\n\n",
                    "color": "gold"
                },
                {
                    "text": "Description:",
                    "color": "gray"
                },
                {
                    "text": " Increases damage significantly.\n\n",
                    "color": "white"
                },
                {
                    "text": "Maximum Level:",
                    "color": "gray"
                },
                {
                    "text": " 3\n\n",
                    "color": "white"
                },
                {
                    "text": "Enchantment Cost Per Level:",
                    "color": "gray"
                },
                {
                    "text": " 8",
                    "color": "white"
                },
                {
                    "text": "   (!)\n\n",
                    "color": "yellow",
                    "hover_event": {
                        "action": "show_text",
                        "value": "Cost is halved if applied from an enchanted book"
                    }
                },
                {
                    "text": "Can be applied to:",
                    "color": "gray"
                },
                {
                    "text": " Any Sword, Any Axe, Mace, Trident\n\n",
                    "color": "white"
                },
                {
                    "text": "Can be obtained from:",
                    "color": "gray"
                },
                {
                    "text": " Very rarely by spending 3 levels on Enchanting Table",
                    "color": "white"
                },
                {
                    "text": "   (!)\n\n",
                    "color": "yellow",
                    "hover_event": {
                        "action": "show_text",
                        "value": "See 'New Enchantment Types' section for more information about obtaining masterwork enchantments"
                    }
                },
                {
                    "text": "Incompatible with:",
                    "color": "red"
                },
                {
                    "text": " <Full List>\n\n",
                    "color": "yellow",
                    "hover_event": {
                        "action": "show_text",
                        "value": "Bane of Arthropods\nBreach\nCombustion\nDensity\nDiverse Slayer\nImpaling\nRetribution\nSharpness\nSmite\nTorment\nVoidfused"
                    }
                },
                {
                    "text": "Details:",
                    "color": "gray"
                },
                {
                    "text": " Increases damage by +5 per level.",
                    "color": "white"
                }
            ]
        }
    ],
    "action": {
        "label": "Back",
        "action": {
            "type": "show_dialog",
            "dialog": "enchantmentplus:new_enchantments"
        }
    }
}