{
    "type": "minecraft:notice",
    "title": "Swirling",
    "body": [
        {
            "type": "minecraft:item",
            "item": {
                "id": "minecraft:enchanted_book",
                "components": {
                    "minecraft:stored_enchantments": {
                        "enchantmentplus:swirling": 10
                    }
                }
            }
        },
        {
            "type": "minecraft:plain_message",
            "width": 600,
            "contents": [
                {
                    "text": "Type:",
                    "color": "gray"
                },
                {
                    "text": " Normal\n\n",
                    "color": "white"
                },
                {
                    "text": "Description:",
                    "color": "gray"
                },
                {
                    "text": " Grants a chance on hit to cause a swirling attack, damaging all enemies around the target.\n\n",
                    "color": "white"
                },
                {
                    "text": "Maximum Level:",
                    "color": "gray"
                },
                {
                    "text": " 10\n\n",
                    "color": "white"
                },
                {
                    "text": "Enchantment Cost Per Level:",
                    "color": "gray"
                },
                {
                    "text": " 4",
                    "color": "white"
                },
                {
                    "text": "   (!)\n\n",
                    "color": "yellow",
                    "hover_event": {
                        "action": "show_text",
                        "value": "Cost is halved if applied from an enchanted book"
                    }
                },
                {
                    "text": "Can be applied to:",
                    "color": "gray"
                },
                {
                    "text": " Any Sword, Any Axe, Mace, Trident\n\n",
                    "color": "white"
                },
                {
                    "text": "Can be obtained from:",
                    "color": "gray"
                },
                {
                    "text": " Loot Chests, Fishing, Librarian Villager Trades\n\n",
                    "color": "white"
                },
                {
                    "text": "Incompatible with:",
                    "color": "red"
                },
                {
                    "text": " Soul Rend\n\n",
                    "color": "white"
                },
                {
                    "text": "Details:",
                    "color": "gray"
                },
                {
                    "text": " The chance of swirling attack is +4% per level and it has a radius of 5 blocks. Attacking a hostile mob will only damage hostile mobs. Attacking a neutral mob (Enderman, Piglin for example) will only damage neutral mobs that are angry towards the user. Attacking a passive mob will only damage passive mobs that are not owned by the user. This will not trigger most on-hit effects and enchantments.",
                    "color": "white"
                }
            ]
        }
    ],
    "action": {
        "label": "Back",
        "action": {
            "type": "show_dialog",
            "dialog": "enchantmentplus:new_enchantments"
        }
    }
}