{
    "type": "minecraft:notice",
    "title": "Weakening",
    "body": [
        {
            "type": "minecraft:item",
            "item": {
                "id": "minecraft:enchanted_book",
                "components": {
                    "minecraft:stored_enchantments": {
                        "enchantmentplus:weakening": 10
                    }
                }
            }
        },
        {
            "type": "minecraft:plain_message",
            "width": 600,
            "contents": [
                {
                    "text": "Type:",
                    "color": "gray"
                },
                {
                    "text": " Normal\n\n",
                    "color": "white"
                },
                {
                    "text": "Description:",
                    "color": "gray"
                },
                {
                    "text": " Grants a chance on hit to inflict Weakness to the target.\n\n",
                    "color": "white"
                },
                {
                    "text": "Maximum Level:",
                    "color": "gray"
                },
                {
                    "text": " 10\n\n",
                    "color": "white"
                },
                {
                    "text": "Enchantment Cost Per Level:",
                    "color": "gray"
                },
                {
                    "text": " 2",
                    "color": "white"
                },
                {
                    "text": "   (!)\n\n",
                    "color": "yellow",
                    "hover_event": {
                        "action": "show_text",
                        "value": "Cost is halved if applied from an enchanted book"
                    }
                },
                {
                    "text": "Can be applied to:",
                    "color": "gray"
                },
                {
                    "text": " Any Sword, Any Axe, Mace, Trident\n\n",
                    "color": "white"
                },
                {
                    "text": "Can be obtained from:",
                    "color": "gray"
                },
                {
                    "text": " Enchanting Table, Loot Chests, Fishing, Librarian Villager Trades\n\n",
                    "color": "white"
                },
                {
                    "text": "Incompatible with:",
                    "color": "red"
                },
                {
                    "text": " Cleansing, Devouring, Icy, Vampiric Bite\n\n",
                    "color": "white"
                },
                {
                    "text": "Details:",
                    "color": "gray"
                },
                {
                    "text": " The chance of inflicting is +4% per level. Weakness effect will be inflicted for 5 seconds at level 1.",
                    "color": "white"
                }
            ]
        }
    ],
    "action": {
        "label": "Back",
        "action": {
            "type": "show_dialog",
            "dialog": "enchantmentplus:new_enchantments"
        }
    }
}