{
	"display": {
		"icon": {
			"id": "minecraft:axolotl_spawn_egg"
		},
		"title": {"translate":"Axolittle"},
		"description": {"color":"green","translate":"Breed two Axolotls together using Tropical Fish"},
		"announce_to_chat": true
	},
	"parent": "minecraft:husbandry/kill_axolotl_target",
	"rewards": {
		"function": "bc_rewards:animal/axolittle"
	},		
	"criteria": {
		"axolotl": {
			"trigger": "minecraft:bred_animals",
			"conditions": {
				"parent": {
					"type": "minecraft:axolotl"
				},
				"partner": {
					"type": "minecraft:axolotl"
				}
			}
		}
	}
}