{
	"display": {
		"icon": {
			"id": "minecraft:note_block"
		},
		"title": {"translate":"Caprymphony"},
		"description": {"color":"dark_purple","translate":"Blow every type of Goat Horn"},
		"announce_to_chat": true,
		"frame": "challenge"
	},
	"parent": "blazeandcave:animal/battle_of_the_bands",
	"rewards": {
		"function": "bc_rewards:animal/caprymphony"
	},			
	"criteria": {
		"ponder": {
			"trigger": "minecraft:using_item",
			"conditions": {
				"item": {
					"items": [
						"minecraft:goat_horn"
					],
					"components": {
						"minecraft:instrument": "minecraft:ponder_goat_horn"
					}
				}
			}
		},
		"sing": {
			"trigger": "minecraft:using_item",
			"conditions": {
				"item": {
					"items": [
						"minecraft:goat_horn"
					],
					"components": {
						"minecraft:instrument": "minecraft:sing_goat_horn"
					}
				}
			}
		},
		"seek": {
			"trigger": "minecraft:using_item",
			"conditions": {
				"item": {
					"items": [
						"minecraft:goat_horn"
					],
					"components": {
						"minecraft:instrument": "minecraft:seek_goat_horn"
					}
				}
			}
		},
		"feel": {
			"trigger": "minecraft:using_item",
			"conditions": {
				"item": {
					"items": [
						"minecraft:goat_horn"
					],
					"components": {
						"minecraft:instrument": "minecraft:feel_goat_horn"
					}
				}
			}
		},
		"admire": {
			"trigger": "minecraft:using_item",
			"conditions": {
				"item": {
					"items": [
						"minecraft:goat_horn"
					],
					"components": {
						"minecraft:instrument": "minecraft:admire_goat_horn"
					}
				}
			}
		},
		"call": {
			"trigger": "minecraft:using_item",
			"conditions": {
				"item": {
					"items": [
						"minecraft:goat_horn"
					],
					"components": {
						"minecraft:instrument": "minecraft:call_goat_horn"
					}
				}
			}
		},
		"yearn": {
			"trigger": "minecraft:using_item",
			"conditions": {
				"item": {
					"items": [
						"minecraft:goat_horn"
					],
					"components": {
						"minecraft:instrument": "minecraft:yearn_goat_horn"
					}
				}
			}
		},
		"dream": {
			"trigger": "minecraft:using_item",
			"conditions": {
				"item": {
					"items": [
						"minecraft:goat_horn"
					],
					"components": {
						"minecraft:instrument": "minecraft:dream_goat_horn"
					}
				}
			}
		}
	}
}