{
	"display": {
		"icon": {
			"id": "minecraft:leather_horse_armor",
			"components": {
				"minecraft:dyed_color": 16701501
			}
		},
		"title": {"translate":"Colorful Cavalry"},
		"description": {"color":"#75E1FF","translate":"Dye 16 sets of leather horse armor each with one of the individual colors"},
		"announce_to_chat": true,
		"frame": "goal"
	},
	"parent": "blazeandcave:animal/a_horse_in_shining_armor",
	"rewards": {
		"function": "bc_rewards:animal/colorful_cavalry"
	},		
	"criteria": {
		"white": {
			"trigger": "minecraft:inventory_changed",
			"conditions": {
				"items": [
					{
						"items": [
							"minecraft:leather_horse_armor"
						],
						"components": {
							"minecraft:dyed_color": 16383998
						}
					}
				]
			}
		},
		"orange": {
			"trigger": "minecraft:inventory_changed",
			"conditions": {
				"items": [
					{
						"items": [
							"minecraft:leather_horse_armor"
						],
						"components": {
							"minecraft:dyed_color": 16351261
						}
					}
				]
			}
		},
		"magenta": {
			"trigger": "minecraft:inventory_changed",
			"conditions": {
				"items": [
					{
						"items": [
							"minecraft:leather_horse_armor"
						],
						"components": {
							"minecraft:dyed_color": 13061821
						}
					}
				]
			}
		},
		"light_blue": {
			"trigger": "minecraft:inventory_changed",
			"conditions": {
				"items": [
					{
						"items": [
							"minecraft:leather_horse_armor"
						],
						"components": {
							"minecraft:dyed_color": 3847130
						}
					}
				]
			}
		},
		"yellow": {
			"trigger": "minecraft:inventory_changed",
			"conditions": {
				"items": [
					{
						"items": [
							"minecraft:leather_horse_armor"
						],
						"components": {
							"minecraft:dyed_color": 16701501
						}
					}
				]
			}
		},
		"lime": {
			"trigger": "minecraft:inventory_changed",
			"conditions": {
				"items": [
					{
						"items": [
							"minecraft:leather_horse_armor"
						],
						"components": {
							"minecraft:dyed_color": 8439583
						}
					}
				]
			}
		},
		"pink": {
			"trigger": "minecraft:inventory_changed",
			"conditions": {
				"items": [
					{
						"items": [
							"minecraft:leather_horse_armor"
						],
						"components": {
							"minecraft:dyed_color": 15961002
						}
					}
				]
			}
		},
		"gray": {
			"trigger": "minecraft:inventory_changed",
			"conditions": {
				"items": [
					{
						"items": [
							"minecraft:leather_horse_armor"
						],
						"components": {
							"minecraft:dyed_color": 4673362
						}
					}
				]
			}
		},
		"light_gray": {
			"trigger": "minecraft:inventory_changed",
			"conditions": {
				"items": [
					{
						"items": [
							"minecraft:leather_horse_armor"
						],
						"components": {
							"minecraft:dyed_color": 10329495
						}
					}
				]
			}
		},
		"cyan": {
			"trigger": "minecraft:inventory_changed",
			"conditions": {
				"items": [
					{
						"items": [
							"minecraft:leather_horse_armor"
						],
						"components": {
							"minecraft:dyed_color": 1481884
						}
					}
				]
			}
		},
		"purple": {
			"trigger": "minecraft:inventory_changed",
			"conditions": {
				"items": [
					{
						"items": [
							"minecraft:leather_horse_armor"
						],
						"components": {
							"minecraft:dyed_color": 8991416
						}
					}
				]
			}
		},
		"blue": {
			"trigger": "minecraft:inventory_changed",
			"conditions": {
				"items": [
					{
						"items": [
							"minecraft:leather_horse_armor"
						],
						"components": {
							"minecraft:dyed_color": 3949738
						}
					}
				]
			}
		},
		"brown": {
			"trigger": "minecraft:inventory_changed",
			"conditions": {
				"items": [
					{
						"items": [
							"minecraft:leather_horse_armor"
						],
						"components": {
							"minecraft:dyed_color": 8606770
						}
					}
				]
			}
		},
		"green": {
			"trigger": "minecraft:inventory_changed",
			"conditions": {
				"items": [
					{
						"items": [
							"minecraft:leather_horse_armor"
						],
						"components": {
							"minecraft:dyed_color": 6192150
						}
					}
				]
			}
		},
		"red": {
			"trigger": "minecraft:inventory_changed",
			"conditions": {
				"items": [
					{
						"items": [
							"minecraft:leather_horse_armor"
						],
						"components": {
							"minecraft:dyed_color": 11546150
						}
					}
				]
			}
		},
		"black": {
			"trigger": "minecraft:inventory_changed",
			"conditions": {
				"items": [
					{
						"items": [
							"minecraft:leather_horse_armor"
						],
						"components": {
							"minecraft:dyed_color": 1908001
						}
					}
				]
			}
		}
	}
}