{
	"display": {
		"icon": {
			"id": "minecraft:leather_chestplate"
		},
		"title": {"translate":"Cool Kids"},
		"description": {"color":"green","translate":"Craft and wear a leather jacket"},
		"announce_to_chat": true
	},
	"parent": "blazeandcave:animal/cow_tipper",
	"rewards": {
		"function": "bc_rewards:animal/cool_kids"
	},		
	"criteria": {
		"leather_chestplate": {
			"trigger": "minecraft:inventory_changed",
			"conditions": {
				"player": [
					{
						"condition": "minecraft:entity_properties",
						"entity": "this",
						"predicate": {
							"equipment": {
								"chest": {
									"items": [
										"minecraft:leather_chestplate"
									]
								}
							}
						}
					}
				]
			}
		}
	}
}