{
	"display": {
		"icon": {
			"item": "minecraft:dark_oak_fence"
		},
		"title": {"translate":"Titanic"},
		"description": {"color":"dark_purple","translate":"Find a shipwreck in an iceberg biome"},
		"announce_to_chat": "true",
		"frame": "challenge"
	},
	"parent": "blazeandcave:biomes/boatception",
	"rewards": {
		"function": "bc_rewards:biomes/titanic"
	},		
	"criteria": {
		"iceberg_deep": {
			"trigger": "minecraft:location",
			"conditions": {
				"player": [
					{
						"condition": "minecraft:any_of",
						"terms": [
							{
								"condition": "minecraft:entity_properties",
								"entity": "this",
								"predicate": {
									"location": {
										"structure": "minecraft:shipwreck",
										"biome": "minecraft:deep_frozen_ocean"
									}
								}
							},
							{
								"condition": "minecraft:entity_properties",
								"entity": "this",
								"predicate": {
									"location": {
										"structure": "minecraft:shipwreck_beached",
										"biome": "minecraft:deep_frozen_ocean"
									}
								}
							}
						]
					},
					{
						"condition": "minecraft:inverted",
						"term": {
							"condition": "minecraft:entity_properties",
							"entity": "this",
							"predicate": {
								"type_specific": {
									"type": "player",
									"gamemode": "spectator"
								}
							}
						}
					}
				]
			}
		},
		"iceberg": {
			"trigger": "minecraft:location",
			"conditions": {
				"player": [
					{
						"condition": "minecraft:any_of",
						"terms": [
							{
								"condition": "minecraft:entity_properties",
								"entity": "this",
								"predicate": {
									"location": {
										"structure": "minecraft:shipwreck",
										"biome": "minecraft:frozen_ocean"
									}
								}
							},
							{
								"condition": "minecraft:entity_properties",
								"entity": "this",
								"predicate": {
									"location": {
										"structure": "minecraft:shipwreck_beached",
										"biome": "minecraft:frozen_ocean"
									}
								}
							}
						]
					},
					{
						"condition": "minecraft:inverted",
						"term": {
							"condition": "minecraft:entity_properties",
							"entity": "this",
							"predicate": {
								"type_specific": {
									"type": "player",
									"gamemode": "spectator"
								}
							}
						}
					}
				]
			}
		}
	},
	"requirements": [
		[
			"iceberg_deep",
			"iceberg"
		]
	]
}