{
    "minecraft:deep_warm_ocean": {
      "r": 136,
      "g": 136,
      "b": 136
    },
    "terralith:yellowstone": {
      "r": 136,
      "g": 136,
      "b": 136
    },
    "terralith:bryce_canyon": {
      "r": 136,
      "g": 30,
      "b": 29
    },
    "terralith:rocky_mountains": {
      "r": 50,
      "g": 50,
      "b": 50
    },
    "terralith:amethyst_rainforest": {
      "r": 161,
      "g": 93,
      "b": 220
    },
    "terralith:frozen_cliffs": {
      "r": 120,
      "g": 193,
      "b": 255
    },
    "terralith:white_cliffs": {
      "r": 229,
      "g": 229,
      "b": 229
    },
    "terralith:basalt_cliffs": {
      "r": 62,
      "g": 62,
      "b": 62
    },
    "terralith:alpha_islands": {
      "r": 99,
      "g": 255,
      "b": 50
    },
    "terralith:granite_cliffs": {
      "r": 206,
      "g": 124,
      "b": 132
    },
    "terralith:scarlet_mountains": {
      "r": 171,
      "g": 19,
      "b": 52
    },
    "terralith:siberian_taiga": {
      "r": 98,
      "g": 119,
      "b": 136
    },
    "terralith:shield": {
      "r": 97,
      "g": 109,
      "b": 81
    },
    "terralith:rocky_jungle": {
      "r": 70,
      "g": 119,
      "b": 60
    },
    "terralith:painted_mountains": {
      "r": 240,
      "g": 183,
      "b": 183
    },
    "terralith:lush_valley": {
      "r": 72,
      "g": 95,
      "b": 68
    },
    "terralith:glacial_chasm": {
      "r": 42,
      "g": 234,
      "b": 221
    },
    "terralith:jungle_mountains": {
      "r": 45,
      "g": 143,
      "b": 0
    },
    "terralith:blooming_valley": {
      "r": 3,
      "g": 226,
      "b": 141
    },
    "terralith:sandstone_valley": {
      "r": 216,
      "g": 221,
      "b": 136
    },
    "terralith:moonlight_grove": {
      "r": 133,
      "g": 151,
      "b": 193
    },
    "terralith:shattered_jungle": {
      "r": 131,
      "g": 168,
      "b": 31
    },
    "terralith:haze_mountain": {
      "r": 167,
      "g": 164,
      "b": 144
    },
    "terralith:fractured_savanna": {
      "r": 141,
      "g": 124,
      "b": 88
    },
    "terralith:amethyst_canyon": {
      "r": 153,
      "g": 29,
      "b": 211
    },
    "terralith:sakura_grove": {
      "r": 255,
      "g": 199,
      "b": 229
    },
    "terralith:hot_shrubland": {
      "r": 92,
      "g": 26,
      "b": 10
    },
    "terralith:shrubland": {
      "r": 144,
      "g": 107,
      "b": 90
    },
    "terralith:cold_shrubland": {
      "r": 52,
      "g": 86,
      "b": 64
    },
    "terralith:gravel_beach": {
      "r": 145,
      "g": 132,
      "b": 148
    },
    "terralith:lavender_forest": {
      "r": 224,
      "g": 181,
      "b": 247
    },
    "terralith:yosemite_cliffs": {
      "r": 179,
      "g": 219,
      "b": 194
    },
    "terralith:yosemite_lowlands": {
      "r": 86,
      "g": 143,
      "b": 103
    },
    "terralith:tropics": {
      "r": 78,
      "g": 75,
      "b": 75
    },
    "terralith:emerald_peaks": {
      "r": 42,
      "g": 141,
      "b": 90
    },
    "terralith:highlands": {
      "r": 183,
      "g": 225,
      "b": 191
    },
    "terralith:cloud_forest": {
      "r": 124,
      "g": 152,
      "b": 177
    },
    "terralith:forested_highlands": {
      "r": 78,
      "g": 151,
      "b": 120
    },
    "terralith:rocky_shrubland": {
      "r": 86,
      "g": 49,
      "b": 21
    },
    "terralith:temperate_highlands": {
      "r": 225,
      "g": 137,
      "b": 55
    },
    "terralith:grand_canyon": {
      "r": 243,
      "g": 138,
      "b": 18
    },
    "terralith:savanna_badlands": {
      "r": 197,
      "g": 177,
      "b": 155
    },
    "terralith:ice_marsh": {
      "r": 71,
      "g": 118,
      "b": 112
    },
    "terralith:wintry_forest": {
      "r": 149,
      "g": 177,
      "b": 213
    },
    "terralith:arid_highlands": {
      "r": 189,
      "g": 151,
      "b": 107
    },
    "terralith:volcanic_peaks": {
      "r": 13,
      "g": 13,
      "b": 13
    },
    "terralith:volcanic_crater": {
      "r": 255,
      "g": 80,
      "b": 5
    },
    "terralith:gravel_desert": {
      "r": 156,
      "g": 146,
      "b": 160
    },
    "terralith:white_mesa": {
      "r": 223,
      "g": 203,
      "b": 191
    },
    "terralith:skylands_autumn": {
      "r": 254,
      "g": 186,
      "b": 84
    },
    "terralith:mirage_isles": {
      "r": 2,
      "g": 255,
      "b": 239
    },
    "terralith:warped_mesa": {
      "r": 37,
      "g": 113,
      "b": 136
    },
    "terralith:steppe": {
      "r": 114,
      "g": 136,
      "b": 116
    },
    "terralith:blooming_plateau": {
      "r": 79,
      "g": 164,
      "b": 112
    },
    "terralith:brushland": {
      "r": 146,
      "g": 219,
      "b": 80
    },
    "terralith:snowy_badlands": {
      "r": 136,
      "g": 78,
      "b": 63
    },
    "terralith:moonlight_valley": {
      "r": 108,
      "g": 165,
      "b": 191
    },
    "terralith:caldera": {
      "r": 136,
      "g": 69,
      "b": 57
    },
    "terralith:valley_clearing": {
      "r": 110,
      "g": 136,
      "b": 82
    },
    "terralith:birch_taiga": {
      "r": 83,
      "g": 136,
      "b": 84
    },
    "terralith:desert_oasis": {
      "r": 198,
      "g": 213,
      "b": 29
    },
    "terralith:tropical_jungle": {
      "r": 178,
      "g": 255,
      "b": 0
    },
    "terralith:ancient_sands": {
      "r": 255,
      "g": 142,
      "b": 130
    },
    "terralith:ashen_savanna": {
      "r": 152,
      "g": 139,
      "b": 115
    },
    "terralith:savanna_slopes": {
      "r": 136,
      "g": 57,
      "b": 73
    },
    "terralith:sakura_valley": {
      "r": 136,
      "g": 44,
      "b": 120
    },
    "terralith:lavender_valley": {
      "r": 144,
      "g": 120,
      "b": 197
    },
    "terralith:mountain_steppe": {
      "r": 76,
      "g": 114,
      "b": 88
    },
    "terralith:snowy_maple_forest": {
      "r": 219,
      "g": 109,
      "b": 99
    },
    "terralith:snowy_shield": {
      "r": 136,
      "g": 127,
      "b": 36
    },
    "terralith:siberian_grove": {
      "r": 236,
      "g": 140,
      "b": 90
    },
    "terralith:desert_spires": {
      "r": 134,
      "g": 136,
      "b": 72
    },
    "terralith:stony_spires": {
      "r": 136,
      "g": 106,
      "b": 96
    },
    "terralith:windswept_spires": {
      "r": 97,
      "g": 136,
      "b": 117
    },
    "terralith:orchid_swamp": {
      "r": 81,
      "g": 194,
      "b": 198
    },
    "terralith:alpine_grove": {
      "r": 142,
      "g": 154,
      "b": 190
    },
    "terralith:alpine_highlands": {
      "r": 104,
      "g": 149,
      "b": 78
    },
    "terralith:warm_river": {
      "r": 105,
      "g": 92,
      "b": 228
    },
    "terralith:red_oasis": {
      "r": 255,
      "g": 102,
      "b": 0
    },
    "terralith:shield_clearing": {
      "r": 132,
      "g": 136,
      "b": 69
    },
    "terralith:alpha_islands_winter": {
      "r": 169,
      "g": 190,
      "b": 227
    },
    "terralith:skylands_summer": {
      "r": 75,
      "g": 215,
      "b": 101
    },
    "terralith:skylands_spring": {
      "r": 236,
      "g": 159,
      "b": 221
    },
    "terralith:skylands_winter": {
      "r": 164,
      "g": 245,
      "b": 251
    },
    "terralith:desert_canyon": {
      "r": 136,
      "g": 127,
      "b": 17
    },
    "terralith:wintry_lowlands": {
      "r": 67,
      "g": 118,
      "b": 136
    },
    "terralith:glacial_river": {
      "r": 136,
      "g": 136,
      "b": 136
    },
    "terralith:cave/deep_caves": {
      "r": 136,
      "g": 136,
      "b": 136
    },
    "terralith:lush_desert": {
      "r": 110,
      "g": 96,
      "b": 52
    },
    "minecraft:mangrove_swamp": {
      "r": 136,
      "g": 94,
      "b": 45
    },
    "terralith:snowy_cherry_grove": {
      "r": 226,
      "g": 211,
      "b": 245
    }
  }