{
	"display": {
		"icon": {
			"id": "minecraft:bricks"
		},
		"title": {"translate":"Bricks!"},
		"description": {"color":"green","translate":"Fire up that clay!"},
		"announce_to_chat": true
	},
	"parent": "blazeandcave:building/clay_dough",
	"rewards": {
		"function": "bc_rewards:building/bricks"
	},		
	"criteria": {
		"brick_block": {
			"trigger": "minecraft:inventory_changed",
			"conditions": {
				"items": [
					{
						"items": [
							"minecraft:bricks"
						]
					}
				]
			}
		}
	}
}