{
	"display": {
		"icon": {
			"id": "minecraft:glass"
		},
		"title": {"translate":"Classy Glassy"},
		"description": {"color":"green","translate":"Smelt sand in a furnace to get glass"},
		"announce_to_chat": true
	},
	"parent": "blazeandcave:building/i_dont_like_sand",
	"rewards": {
		"function": "bc_rewards:building/classy_glassy"
	},		
	"criteria": {
		"glass": {
			"trigger": "minecraft:inventory_changed",
			"conditions": {
				"items": [
					{
						"items": [
							"minecraft:glass"
						]
					}
				]
			}
		}
	}
}