{
	"display": {
		"icon": {
			"id": "minecraft:end_rod"
		},
		"title": {"translate":"Fluorescent!"},
		"description": {"color":"green","translate":"Light up the area with some end rods"},
		"announce_to_chat": true
	},
	"parent": "blazeandcave:building/expensive",
	"rewards": {
		"function": "bc_rewards:building/fluorescent"
	},		
	"criteria": {
		"end_rod": {
			"trigger": "minecraft:placed_block",
			"conditions": {
				"location": [
					{
						"condition": "minecraft:location_check",
						"predicate": {
							"block": {
								"blocks": [
									"minecraft:end_rod"
								]
							}
						}
					}
				]
			}
		}
	}
}