{
	"display": {
		"icon": {
			"id": "minecraft:magenta_terracotta"
		},
		"title": {"translate":"The Terracotta Army"},
		"description": {"color":"#75E1FF","translate":"Craft all 16 colors of terracotta (stained clay)"},
		"announce_to_chat": true,
		"frame": "goal"
	},
	"parent": "blazeandcave:building/pot_planter",
	"rewards": {
		"function": "bc_rewards:building/the_terracotta_army"
	},		
	"criteria": {
		"white_terracotta": {
			"trigger": "minecraft:inventory_changed",
			"conditions": {
				"items": [
					{
						"items": [
							"minecraft:white_terracotta"
						]
					}
				]
			}
		},
		"orange_terracotta": {
			"trigger": "minecraft:inventory_changed",
			"conditions": {
				"items": [
					{
						"items": [
							"minecraft:orange_terracotta"
						]
					}
				]
			}
		},
		"magenta_terracotta": {
			"trigger": "minecraft:inventory_changed",
			"conditions": {
				"items": [
					{
						"items": [
							"minecraft:magenta_terracotta"
						]
					}
				]
			}
		},
		"light_blue_terracotta": {
			"trigger": "minecraft:inventory_changed",
			"conditions": {
				"items": [
					{
						"items": [
							"minecraft:light_blue_terracotta"
						]
					}
				]
			}
		},
		"yellow_terracotta": {
			"trigger": "minecraft:inventory_changed",
			"conditions": {
				"items": [
					{
						"items": [
							"minecraft:yellow_terracotta"
						]
					}
				]
			}
		},
		"lime_terracotta": {
			"trigger": "minecraft:inventory_changed",
			"conditions": {
				"items": [
					{
						"items": [
							"minecraft:lime_terracotta"
						]
					}
				]
			}
		},
		"pink_terracotta": {
			"trigger": "minecraft:inventory_changed",
			"conditions": {
				"items": [
					{
						"items": [
							"minecraft:pink_terracotta"
						]
					}
				]
			}
		},
		"gray_terracotta": {
			"trigger": "minecraft:inventory_changed",
			"conditions": {
				"items": [
					{
						"items": [
							"minecraft:gray_terracotta"
						]
					}
				]
			}
		},
		"light_gray_terracotta": {
			"trigger": "minecraft:inventory_changed",
			"conditions": {
				"items": [
					{
						"items": [
							"minecraft:light_gray_terracotta"
						]
					}
				]
			}
		},
		"cyan_terracotta": {
			"trigger": "minecraft:inventory_changed",
			"conditions": {
				"items": [
					{
						"items": [
							"minecraft:cyan_terracotta"
						]
					}
				]
			}
		},
		"purple_terracotta": {
			"trigger": "minecraft:inventory_changed",
			"conditions": {
				"items": [
					{
						"items": [
							"minecraft:purple_terracotta"
						]
					}
				]
			}
		},
		"blue_terracotta": {
			"trigger": "minecraft:inventory_changed",
			"conditions": {
				"items": [
					{
						"items": [
							"minecraft:blue_terracotta"
						]
					}
				]
			}
		},
		"brown_terracotta": {
			"trigger": "minecraft:inventory_changed",
			"conditions": {
				"items": [
					{
						"items": [
							"minecraft:brown_terracotta"
						]
					}
				]
			}
		},
		"green_terracotta": {
			"trigger": "minecraft:inventory_changed",
			"conditions": {
				"items": [
					{
						"items": [
							"minecraft:green_terracotta"
						]
					}
				]
			}
		},
		"red_terracotta": {
			"trigger": "minecraft:inventory_changed",
			"conditions": {
				"items": [
					{
						"items": [
							"minecraft:red_terracotta"
						]
					}
				]
			}
		},
		"black_terracotta": {
			"trigger": "minecraft:inventory_changed",
			"conditions": {
				"items": [
					{
						"items": [
							"minecraft:black_terracotta"
						]
					}
				]
			}
		}
	}
}