{
  "type": "minecraft:archaeology",
  "pools": [
    {
      "bonus_rolls": 0.0,
      "entries": [
        {
          "type": "minecraft:item",
          "name": "minecraft:burn_pottery_sherd"
        },
        {
          "type": "minecraft:item",
          "name": "minecraft:danger_pottery_sherd"
        },
        {
          "type": "minecraft:item",
          "name": "minecraft:friend_pottery_sherd"
        },
        {
          "type": "minecraft:item",
          "name": "minecraft:heart_pottery_sherd"
        },
        {
          "type": "minecraft:item",
          "name": "minecraft:heartbreak_pottery_sherd"
        },
        {
          "type": "minecraft:item",
          "name": "minecraft:howl_pottery_sherd"
        },
        {
          "type": "minecraft:item",
          "name": "minecraft:sheaf_pottery_sherd"
        },
        {
          "type": "minecraft:item",
          "name": "minecraft:wayfinder_armor_trim_smithing_template"
        },
        {
          "type": "minecraft:item",
          "name": "minecraft:raiser_armor_trim_smithing_template"
        },
        {
          "type": "minecraft:item",
          "name": "minecraft:shaper_armor_trim_smithing_template"
        },
        {
          "type": "minecraft:item",
          "name": "minecraft:host_armor_trim_smithing_template"
        },
        {
          "type": "minecraft:item",
          "name": "minecraft:structure_block",
          "count": {
            "type": "minecraft:uniform",
            "max": 2.0,
            "min": 1.0
          },
          "functions": [
            {
              "function": "minecraft:set_name",
              "name": {
                "translate": "item.tooltrims.smithing_template",
                "color": "white",
                "italic": false
              }
            },
            {
              "function": "set_nbt",
              "tag" : "{CustomModelData:313001, tool_trim_smithing_template:1b}"
            },
            {
              "function": "set_lore",
              "lore": [
                {
                  "translate" : "tool_trim_pattern.tooltrims.linear",
                  "italic": false,
                  "color": "gray"
                },
                {
                  "text" : "",
                  "italic": false
                },
                {                  
                  "translate": "item.tooltrims.smithing_template.applies_to",
                  "italic": false,
                  "color": "gray"
                },
                {
                  "text": " ",
                  "extra": [
                    {
                        "translate": "item.tooltrims.smithing_template.tool_trim.applies_to",
                        "italic": false,
                        "color": "blue"
                    }
                  ]
                },
                {
                  "translate": "item.tooltrims.smithing_template.ingredients",
                  "italic": false,
                  "color": "gray"
                },
                {
                  "text": " ",
                  "extra": [
                    {
                        "translate": "item.tooltrims.smithing_template.tool_trim.ingredients",
                        "italic": false,
                        "color": "blue"
                    }
                  ]
                }
              ]
            }
          ]
        },
        {
          "type": "minecraft:item",
          "name": "minecraft:music_disc_relic"
        }
      ],
      "rolls": 1.0
    }
  ],
  "random_sequence": "minecraft:archaeology/trail_ruins_rare"
}