[
    {
        "condition": "minecraft:reference",
        "name": "enchantmentplus:recipes/empty_slots/all"
    },
    {
        "condition": "minecraft:location_check",
        "predicate": {
            "block": {
                "nbt": "{Items:[{Slot:11b,id:\"minecraft:crossbow\"}]}"
            }
        }
    },
    {
        "condition": "minecraft:inverted",
        "term": {
            "condition": "minecraft:location_check",
            "predicate": {
                "block": {
                    "nbt": "{Items:[{Slot:11b,tag:{Enchantments:[{id:\"minecraft:multishot\"}]}}]}"
                }
            }
        }
    },
    {
        "condition": "minecraft:location_check",
        "predicate": {
            "block": {
                "nbt": "{Items:[{id:\"minecraft:quartz\",Count:64b}]}"
            }
        }
    }
]