{
	"feature": "minecraft:forest_flower_vegetation",
	"placement": [
		{
			"type": "minecraft:rarity_filter",
			"chance": 7
		},
		{
			"type": "minecraft:in_square"
		},
		{
			"type": "minecraft:heightmap",
			"heightmap": "MOTION_BLOCKING"
		},
		{
			"type": "minecraft:count",
			"count": {
				"type": "minecraft:clamped",
				"value": {
					"source": {
						"type": "minecraft:uniform",
						"value": {
							"min_inclusive": -3,
							"max_inclusive": 1
						}
					},
					"min_inclusive": 0,
					"max_inclusive": 1
				}
			}
		},
		{
			"type": "minecraft:biome"
		}
	]
}
