{
	"feature": "minecraft:moss_patch",
	"placement": [
		{
			"type": "minecraft:count",
			"count": 104
		},
		{
			"type": "minecraft:in_square"
		},
		{
			"type": "minecraft:height_range",
			"height": {
				"min_inclusive": {
					"above_bottom": 0
				},
				"max_inclusive": {
					"absolute": 256
				},
				"type": "minecraft:uniform"
			}
		},
		{
			"type": "minecraft:environment_scan",
			"direction_of_search": "down",
			"target_condition": {
				"type": "minecraft:solid"
			},
			"allowed_search_condition": {
				"type": "minecraft:matching_blocks",
				"blocks": [
					"minecraft:air"
				]
			},
			"max_steps": 12
		},
		{
			"type": "minecraft:biome"
		}
	]
}
