{
	"feature": "minecraft:ore_diorite_lower",
	"placement": [
		{
			"type": "minecraft:count",
			"count": 0
		},
		{
			"type": "minecraft:in_square"
		},
		{
			"type": "minecraft:noise_based_count",
			"noise_to_count_ratio": -1,
			"noise_factor": 1092,
			"noise_offset": 0.25
		},
		{
			"type": "minecraft:noise_based_count",
			"noise_to_count_ratio": 1,
			"noise_factor": 667,
			"noise_offset": -0.25
		},
		{
			"type": "minecraft:height_range",
			"height": {
				"type": "minecraft:uniform",
				"min_inclusive": {
					"absolute": 0
				},
				"max_inclusive": {
					"absolute": 54
				}
			}
		},
		{
			"type": "minecraft:biome"
		}
	]
}
