{
  "name": "heaven:village/angels/street",
  "fallback": "heaven:village/angels/stop",
  "elements": [
    {
      "weight": 3,
      "element": {
        "location": "heaven:village/angels/street/cross_01",
        "processors": "minecraft:empty",
        "projection": "terrain_matching",
        "element_type": "minecraft:legacy_single_pool_element"
      }
    },
    {
      "weight": 1,
      "element": {
        "location": "heaven:village/angels/street/cross_02",
        "processors": "minecraft:empty",
        "projection": "terrain_matching",
        "element_type": "minecraft:legacy_single_pool_element"
      }
    },
    {
      "weight": 6,
      "element": {
        "location": "heaven:village/angels/street/cross_03",
        "processors": "minecraft:empty",
        "projection": "terrain_matching",
        "element_type": "minecraft:legacy_single_pool_element"
      }
    },
    {
      "weight": 3,
      "element": {
        "location": "heaven:village/angels/street/cross_04",
        "processors": "minecraft:empty",
        "projection": "terrain_matching",
        "element_type": "minecraft:legacy_single_pool_element"
      }
    },
    {
      "weight": 3,
      "element": {
        "location": "heaven:village/angels/street/split_01",
        "processors": "minecraft:empty",
        "projection": "terrain_matching",
        "element_type": "minecraft:legacy_single_pool_element"
      }
    },
    {
      "weight": 5,
      "element": {
        "location": "heaven:village/angels/street/straight_01",
        "processors": "minecraft:empty",
        "projection": "terrain_matching",
        "element_type": "minecraft:legacy_single_pool_element"
      }
    },
    {
      "weight": 2,
      "element": {
        "location": "heaven:village/angels/street/straight_02",
        "processors": "minecraft:empty",
        "projection": "terrain_matching",
        "element_type": "minecraft:legacy_single_pool_element"
      }
    },
    {
      "weight": 7,
      "element": {
        "location": "heaven:village/angels/street/straight_03",
        "processors": "minecraft:empty",
        "projection": "terrain_matching",
        "element_type": "minecraft:legacy_single_pool_element"
      }
    },
    {
      "weight": 2,
      "element": {
        "location": "heaven:village/angels/street/straight_04",
        "processors": "minecraft:empty",
        "projection": "terrain_matching",
        "element_type": "minecraft:legacy_single_pool_element"
      }
    },
    {
      "weight": 5,
      "element": {
        "location": "heaven:village/angels/street/turn_01",
        "processors": "minecraft:empty",
        "projection": "terrain_matching",
        "element_type": "minecraft:legacy_single_pool_element"
      }
    },
    {
      "weight": 6,
      "element": {
        "location": "heaven:village/angels/street/turn_02",
        "processors": "minecraft:empty",
        "projection": "terrain_matching",
        "element_type": "minecraft:legacy_single_pool_element"
      }
    },
    {
      "weight": 2,
      "element": {
        "location": "heaven:village/angels/street/turn_03",
        "processors": "minecraft:empty",
        "projection": "terrain_matching",
        "element_type": "minecraft:legacy_single_pool_element"
      }
    }
  ]
}
