{
    "anvil_cost": 4,
    "description": {
        "translate": "enchantment.enchantmentplus.shrinked",
        "fallback": "Shrinked"
    },
    "effects": {
        "minecraft:attributes": [
            {
                "amount": {
                    "type": "minecraft:linear",
                    "base": -0.25,
                    "per_level_above_first": -0.25
                },
                "attribute": "minecraft:scale",
                "id": "enchantmentplus:enchantment.shrinked",
                "operation": "add_value"
            }
        ]
    },
    "max_cost": {
        "base": 65,
        "per_level_above_first": 9
    },
    "max_level": 3,
    "min_cost": {
        "base": 15,
        "per_level_above_first": 9
    },
    "slots": [
        "chest"
    ],
    "supported_items": "#enchantmentplus:enchantable/shrinked",
    "weight": 1
}