{
    "anvil_cost": 4,
    "description": {
        "translate": "enchantment.enchantmentplus.soaring",
        "fallback": "Soaring"
    },
    "effects": {
		"minecraft:tick": [
			{
                "effect": {
                    "type": "minecraft:apply_mob_effect",
                    "to_apply": "minecraft:slow_falling",
                    "min_duration": 17,
                    "max_duration": 17,
                    "min_amplifier": 0,
                    "max_amplifier": 0
                },
                "requirements": {
                    "condition": "minecraft:entity_properties",
                    "entity": "this",
                    "predicate": {
                        "periodic_tick": 80
                    }
                }
            }
		]
	},
    "max_cost": {
        "base": 40,
        "per_level_above_first": 8
    },
    "max_level": 1,
    "min_cost": {
        "base": 8,
        "per_level_above_first": 8
    },
    "slots": [
        "chest"
    ],
    "supported_items": "#enchantmentplus:enchantable/soaring",
    "weight": 2
}