[
    {
        "condition": "minecraft:any_of",
        "terms": [
            {
                "condition": "minecraft:reference",
                "name": "enchantmentplus:custom/wide/pickaxes/all"
            },
            {
                "condition": "minecraft:reference",
                "name": "enchantmentplus:custom/wide/axe"
            },
            {
                "condition": "minecraft:reference",
                "name": "enchantmentplus:custom/wide/shovel"
            },
            {
                "condition": "minecraft:reference",
                "name": "enchantmentplus:custom/wide/hoe"
            },
            {
                "condition": "minecraft:reference",
                "name": "enchantmentplus:custom/wide/shears"
            }
        ]
    },
    {
        "condition": "minecraft:inverted",
        "term": {
            "condition": "minecraft:entity_properties",
            "entity": "this",
            "predicate": {
                "equipment": {
                    "mainhand": {
                        "durability": 1
                    }
                }
            }
        }
    }
]