[
    {
        "condition": "minecraft:any_of",
        "terms": [
            {
                "condition": "minecraft:entity_properties",
                "entity": "this",
                "predicate": {
                    "equipment": {
                        "mainhand": {
                            "nbt": "{EnchantmentPlusData:{Wide:1b}}"
                        }
                    }
                }
            },
            {
                "condition": "minecraft:entity_properties",
                "entity": "this",
                "predicate": {
                    "equipment": {
                        "mainhand": {
                            "nbt": "{EnchantmentPlusData:{Wide:2b}}"
                        }
                    }
                }
            },
            {
                "condition": "minecraft:entity_properties",
                "entity": "this",
                "predicate": {
                    "equipment": {
                        "mainhand": {
                            "nbt": "{EnchantmentPlusData:{Wide:3b}}"
                        }
                    }
                }
            }
        ]
    },
    {
        "condition": "minecraft:entity_scores",
        "entity": "this",
        "scores": {
            "ENCHWideOff": {
                "min": 0,
                "max": 0
            }
        }
    },
    {
        "condition": "minecraft:reference",
        "name": "enchantmentplus:options/wide/all"
    },
    {
        "condition": "minecraft:inverted",
        "term": {
            "condition": "minecraft:reference",
            "name": "enchantmentplus:kill"
        }
    },
    {
        "condition": "minecraft:any_of",
        "terms": [
            {
                "condition": "minecraft:reference",
                "name": "enchantmentplus:usage/pickaxe"
            },
            {
                "condition": "minecraft:reference",
                "name": "enchantmentplus:usage/axe"
            },
            {
                "condition": "minecraft:reference",
                "name": "enchantmentplus:usage/shovel"
            },
            {
                "condition": "minecraft:reference",
                "name": "enchantmentplus:usage/hoe"
            },
            {
                "condition": "minecraft:entity_scores",
                "entity": "this",
                "scores": {
                    "ENCHShears": {
                        "min": 1
                    }
                }
            }
        ]
    }
]