{
    "type": "minecraft:tree",
    "config": {
        "decorators": [],
        "dirt_provider": {
            "type": "minecraft:simple_state_provider",
            "state": {
                "Name": "minecraft:dirt"
            }
        },
        "foliage_placer": {
            "type": "minecraft:mega_pine_foliage_placer",
            "crown_height": {
                "type": "minecraft:uniform",
                "min_inclusive": 9,
                "max_inclusive": 12
            },
            "offset": {
                "type": "minecraft:uniform",
                "min_inclusive": 4,
                "max_inclusive": 5
            },
            "radius": 1
        },
        "foliage_provider": {
            "type": "minecraft:simple_state_provider",
            "state": {
                "Name": "minecraft:acacia_leaves",
                "Properties": {
                    "distance": "7",
                    "persistent": "false",
                    "waterlogged": "false"
                }
            }
        },
        "force_dirt": true,
        "ignore_vines": true,
        "minimum_size": {
            "type": "minecraft:two_layers_feature_size",
            "limit": 1,
            "lower_size": 1,
            "upper_size": 2
        },
        "trunk_placer": {
            "type": "minecraft:straight_trunk_placer",
            "base_height": 11,
            "height_rand_a": 6,
            "height_rand_b": 4
        },
        "trunk_provider": {
            "type": "minecraft:simple_state_provider",
            "state": {
                "Name": "minecraft:pale_oak_log",
                "Properties": {
                    "axis": "y"
                }
            }
        }
    }
}