{
  "feature": {
    "type": "minecraft:vegetation_patch",
    "config": {
      "surface": "floor",
      "depth": {
        "type": "minecraft:uniform",
        "value": {
          "min_inclusive": 2,
          "max_inclusive": 3
        }
      },
      "vertical_range": 2,
      "extra_bottom_block_chance": 0.25,
      "extra_edge_column_chance": 0.65,
      "vegetation_chance": 0,
      "xz_radius": {
        "type": "minecraft:uniform",
        "value": {
          "min_inclusive": 2,
          "max_inclusive": 3
        }
      },
      "replaceable": "#terralith:deepslate",
      "ground_state": {
        "type": "minecraft:noise_provider",
        "seed": 69696969,
        "noise": {
          "firstOctave": -4,
          "amplitudes": [
            1.0,
    0.5,
    1.0,
    1.75
          ]
        },
        "scale": 1,
        "states": [
          {
            "Name": "minecraft:deepslate"
          },
          {
            "Name": "minecraft:deepslate"
          },
          {
            "Name": "minecraft:deepslate"
          },
          {
            "Name": "minecraft:deepslate"
          },
          {
            "Name": "minecraft:deepslate"
          },
          {
            "Name": "minecraft:deepslate"
          },
          {
            "Name": "minecraft:deepslate"
          },
          {
            "Name": "minecraft:deepslate"
          },
          {
            "Name": "minecraft:deepslate"
          },
          {
            "Name": "minecraft:deepslate"
          },
          {
            "Name": "minecraft:clay"
          },
          {
            "Name": "minecraft:clay"
          },
          {
            "Name": "minecraft:clay"
          },
          {
            "Name": "minecraft:clay"
          },
          {
            "Name": "minecraft:clay"
          }
        ]
      },
      "vegetation_feature": "terralith:nothing"
    }
  },
  "placement": [
    {
      "type": "minecraft:count_on_every_layer",
      "count": 10
    },
    {
      "type": "minecraft:biome"
    }
  ]
}
