{
  "feature": {
    "type": "minecraft:vegetation_patch",
    "config": {
      "surface": "floor",
      "depth": {
        "type": "minecraft:uniform",
        "value": {
          "min_inclusive": 7,
          "max_inclusive": 9
        }
      },
      "vertical_range": 5,
      "extra_bottom_block_chance": 0.5,
      "extra_edge_column_chance": 0.65,
      "vegetation_chance": 0,
      "xz_radius": {
        "type": "minecraft:uniform",
        "value": {
          "min_inclusive": 4,
          "max_inclusive": 5
        }
      },
      "replaceable": "#terralith:deepslate",
      "ground_state": {
        "type": "minecraft:noise_provider",
        "seed": 111,
        "noise": {
          "firstOctave": -5,
          "amplitudes": [
            1.2,
    0.9,
    1.1,
    2.0,
    0,
    4.0
          ]
        },
        "scale": 1,
        "states": [
          {
            "Name": "minecraft:granite"
          },
          {
            "Name": "minecraft:diorite"
          },
          {
            "Name": "minecraft:andesite"
          },
          {
            "Name": "minecraft:deepslate"
          },
          {
            "Name": "minecraft:deepslate"
          },
          {
            "Name": "minecraft:deepslate"
          },
          {
            "Name": "minecraft:tuff"
          },
          {
            "Name": "minecraft:smooth_basalt"
          },
          {
            "Name": "minecraft:blackstone"
          },
          {
            "Name": "minecraft:blackstone"
          },
          {
            "Name": "minecraft:blackstone"
          },
          {
            "Name": "minecraft:blackstone"
          },
          {
            "Name": "minecraft:blackstone"
          },
          {
            "Name": "minecraft:blackstone"
          },
          {
            "Name": "minecraft:blackstone"
          }
        ]
      },
      "vegetation_feature": "terralith:nothing"
    }
  },
  "placement": [
    {
      "type": "minecraft:count_on_every_layer",
      "count": 10
    },
    {
      "type": "minecraft:biome"
    }
  ]
}
