{
	"display": {
		"icon": {
			"item": "minecraft:furnace"
		},
		"title": "Saving Fuel",
		"description": "Obtain an item enchanted with Autosmelt",
		"frame": "goal",
		"show_toast": true,
		"announce_to_chat": true,
		"hidden": false
	},
	"parent": "enchantmentplus:main/obtain_items",
	"criteria": {
		"enchant_autosmelt": {
			"trigger": "minecraft:inventory_changed",
			"conditions": {
				"items": [
					{
						"nbt": "{EnchantmentPlusData:{Enchantments:[{id:\"enchantmentplus:autosmelt\"}]}}"
					}
				]
			}
		}
	},
	"requirements": [
		[
			"enchant_autosmelt"
		]
	]
}
