{
	"display": {
		"icon": {
			"item": "minecraft:dragon_head"
		},
		"title": "Getting Bigger Heads",
		"description": "Behead Ender Dragon with Beheading",
		"frame": "challenge",
		"show_toast": true,
		"announce_to_chat": true,
		"hidden": true
	},
	"parent": "enchantmentplus:main/beheading",
	"criteria": {
		"behead_ender_dragon": {
			"trigger": "minecraft:impossible"
		}
	},
	"requirements": [
		[
			"behead_ender_dragon"
		]
	],
	"rewards": {
		"experience": 500
	}
}
