{
	"display": {
		"icon": {
			"item": "minecraft:golden_carrot"
		},
		"title": "No Torches",
		"description": "Obtain an item enchanted with Eyes of Owl and equip it",
		"frame": "goal",
		"show_toast": true,
		"announce_to_chat": true,
		"hidden": false
	},
	"parent": "enchantmentplus:main/obtain_items",
	"criteria": {
		"equip_eyes_of_owl": {
			"trigger": "minecraft:inventory_changed",
			"conditions": {
				"player": {
					"equipment": {
						"head": {
							"nbt": "{EnchantmentPlusData:{Enchantments:[{id:\"enchantmentplus:eyes_of_owl\"}]}}"
						}
					}
				}
			}
		}
	},
	"requirements": [
		[
			"equip_eyes_of_owl"
		]
	]
}
