{
	"display": {
		"icon": {
			"item": "minecraft:netherite_axe",
			"nbt": "{Enchantments:[{}]}"
		},
		"title": "Slayer of the Gods",
		"description": "Obtain an axe enchanted with Beheading V, Cleaving V, Direct, Experience Boost V, Icy V, Sharpness X and Unbreakable",
		"frame": "challenge",
		"show_toast": true,
		"announce_to_chat": true,
		"hidden": true
	},
	"parent": "enchantmentplus:main/sharpness_10",
	"criteria": {
		"slayer_of_the_gods": {
			"trigger": "minecraft:inventory_changed",
			"conditions": {
				"items": [
					{
						"enchantments": [
							{
								"enchantment": "minecraft:sharpness",
								"levels": {
									"min": 10
								}
							}
						],
						"nbt": "{Unbreakable:1b,EnchantmentPlusData:{Enchantments:[{id:\"enchantmentplus:beheading\",lvl:5s},{id:\"enchantmentplus:cleaving\",lvl:5s},{id:\"enchantmentplus:direct\"},{id:\"enchantmentplus:experience_boost\",lvl:5s},{id:\"enchantmentplus:icy\",lvl:5s}]}}"
					}
				]
			}
		}
	},
	"requirements": [
		[
			"slayer_of_the_gods"
		]
	],
	"rewards": {
		"experience": 500
	}
}
