{
	"display": {
		"icon": {
			"item": "minecraft:arrow"
		},
		"title": "Machine Gun",
		"description": "Obtain an item enchanted with Quick Charge V",
		"frame": "goal",
		"show_toast": true,
		"announce_to_chat": true,
		"hidden": false
	},
	"parent": "enchantmentplus:main/obtain_items",
	"criteria": {
		"enchant_quick_charge_5": {
			"trigger": "minecraft:inventory_changed",
			"conditions": {
				"items": [
					{
						"enchantments": [
							{
								"enchantment": "minecraft:quick_charge",
								"levels": {
									"min": 5
								}
							}
						]
					}
				]
			}
		}
	},
	"requirements": [
		[
			"enchant_quick_charge_5"
		]
	]
}
