{
	"display": {
		"icon": {
			"item": "minecraft:crossbow"
		},
		"title": "Hunting in Shadows",
		"description": "Get a kill with your Shadow Hunter",
		"frame": "task",
		"show_toast": true,
		"announce_to_chat": true,
		"hidden": false
	},
	"parent": "enchantmentplus:main/obtain_items",
	"criteria": {
		"get_kill_with_shadow_hunter": {
			"trigger": "minecraft:player_killed_entity",
			"conditions": {
				"entity": [
					{
						"condition": "minecraft:entity_properties",
						"entity": "this",
						"predicate": {
							"type": "#enchantmentplus:entities_all"
						}
					}
				],
				"killing_blow": {
					"direct_entity": {
						"type": "minecraft:arrow",
						"nbt": "{Tags:[\"eplus.shadow_hunter_arrow\"]}"
					}
				}
			}
		}
	},
	"requirements": [
		[
			"get_kill_with_shadow_hunter"
		]
	]
}
