{
	"display": {
		"icon": {
			"item": "minecraft:crossbow",
			"nbt": "{Enchantments:[{}]}"
		},
		"title": "Return of the Shadow Hunter",
		"description": "Get 10 kills with the same Shadow Hunter",
		"frame": "challenge",
		"show_toast": true,
		"announce_to_chat": true,
		"hidden": true
	},
	"parent": "enchantmentplus:main/shadow_hunter_kill",
	"criteria": {
		"get_10x_kill_chain": {
			"trigger": "minecraft:player_killed_entity",
			"conditions": {
				"entity": [
					{
						"condition": "minecraft:entity_properties",
						"entity": "this",
						"predicate": {
							"type": "#enchantmentplus:entities_all"
						}
					}
				],
				"killing_blow": {
					"direct_entity": {
						"type": "minecraft:arrow",
						"nbt": "{Tags:[\"eplus.shadow_hunter_arrow\",\"eplus.shadow_hunter_10x\"]}"
					}
				}
			}
		}
	},
	"requirements": [
		[
			"get_10x_kill_chain"
		]
	],
	"rewards": {
		"experience": 500
	}
}
