{
	"display": {
		"icon": {
			"item": "minecraft:magma_cream"
		},
		"title": "A Bath in Lava",
		"description": "Equip a full armor set enchanted with Thermal Plating and go swim in lava",
		"frame": "challenge",
		"show_toast": true,
		"announce_to_chat": true,
		"hidden": false
	},
	"parent": "enchantmentplus:main/obtain_items",
	"criteria": {
		"equip_thermal_plating": {
			"trigger": "minecraft:location",
			"conditions": {
				"player": {
					"location": {
						"fluid": {
							"tag": "minecraft:lava"
						}
					},
					"equipment": {
						"head": {
							"nbt": "{EnchantmentPlusData:{Enchantments:[{id:\"enchantmentplus:thermal_plating\"}]}}"
						},
						"chest": {
							"nbt": "{EnchantmentPlusData:{Enchantments:[{id:\"enchantmentplus:thermal_plating\"}]}}"
						},
						"legs": {
							"nbt": "{EnchantmentPlusData:{Enchantments:[{id:\"enchantmentplus:thermal_plating\"}]}}"
						},
						"feet": {
							"nbt": "{EnchantmentPlusData:{Enchantments:[{id:\"enchantmentplus:thermal_plating\"}]}}"
						}
					}
				}
			}
		}
	},
	"requirements": [
		[
			"equip_thermal_plating"
		]
	],
	"rewards": {
		"experience": 500
	}
}
