{
	"display": {
		"icon": {
			"item": "minecraft:reinforced_deepslate"
		},
		"title": "Unyielding",
		"description": "Equip full set of netherite armor along with Steadfast Spikes IV",
		"frame": "goal",
		"show_toast": true,
		"announce_to_chat": true,
		"hidden": false
	},
	"parent": "enchantmentplus:main/obtain_items",
	"criteria": {
		"equip_steadfast_spikes_4_with_full_netherite": {
			"trigger": "minecraft:inventory_changed",
			"conditions": {
				"player": {
					"equipment": {
						"head": {
							"items": [
								"minecraft:netherite_helmet"
							]
						},
						"chest": {
							"items": [
								"minecraft:netherite_chestplate"
							]
						},
						"legs": {
							"items": [
								"minecraft:netherite_leggings"
							]
						},
						"feet": {
							"items": [
								"minecraft:netherite_boots"
							],
							"nbt": "{EnchantmentPlusData:{Enchantments:[{id:\"enchantmentplus:steadfast_spikes\",lvl:4s}]}}"
						}
					}
				}
			}
		}
	},
	"requirements": [
		[
			"equip_steadfast_spikes_4_with_full_netherite"
		]
	]
}
