{
	"feature": "terralith:jungle/violet/spike",
	"placement": [
		{
			"type": "minecraft:count",
			"count": {
				"type": "minecraft:weighted_list",
				"distribution": [
					{
						"weight": 90,
						"data": 3
					},
					{
						"weight": 10,
						"data": 4
					}
				]
			}
		},
		{
			"type": "minecraft:in_square"
		},
		{
			"type": "heightmap",
			"heightmap": "WORLD_SURFACE_WG"
		},
		{
			"type": "minecraft:count",
			"count": 100
		},
		{
			"type": "minecraft:count",
			"count": 250
		},
		{
			"type": "minecraft:random_offset",
			"xz_spread": {
				"type": "minecraft:uniform",
				"value": {
					"min_inclusive": -3,
					"max_inclusive": 3
				}
			},
			"y_spread": {
				"type": "minecraft:uniform",
				"value": {
					"min_inclusive": 0,
					"max_inclusive": 16
				}
			}
		},
		{
			"type": "minecraft:block_predicate_filter",
			"predicate": {
				"type": "minecraft:all_of",
				"predicates": [
					{
						"type": "minecraft:matching_blocks",
						"offset": [
							0,
							-1,
							0
						],
						"blocks": [
							"minecraft:amethyst_block"
						]
					},
					{
						"type": "minecraft:any_of",
						"predicates": [
							{
								"type": "minecraft:matching_blocks",
								"offset": [
									-1,
									-3,
									0
								],
								"blocks": [
									"minecraft:amethyst_block",
									"calcite"
								]
							},
							{
								"type": "minecraft:matching_blocks",
								"offset": [
									1,
									-3,
									0
								],
								"blocks": [
									"minecraft:amethyst_block",
									"calcite"
								]
							},
							{
								"type": "minecraft:matching_blocks",
								"offset": [
									0,
									-3,
									1
								],
								"blocks": [
									"minecraft:amethyst_block",
									"calcite"
								]
							},
							{
								"type": "minecraft:matching_blocks",
								"offset": [
									0,
									-3,
									-1
								],
								"blocks": [
									"minecraft:amethyst_block",
									"calcite"
								]
							}
						]
					}
				]
			}
		}
	]
}
