{
	"display": {
		"icon": {
			"item": "minecraft:fishing_rod",
			"nbt": "{Enchantments:[{id:\"minecraft:unbreaking\",lvl:1}]}"
		},
		"title": {"translate":"Master Fisher"},
		"description": {"color":"dark_purple","translate":"Create a fishing rod with all possible enchantments at max level"},
		"announce_to_chat": "true",
		"frame": "challenge"
	},
	"parent": "blazeandcave:enchanting/unbreakable",
	"rewards": {
		"function": "bc_rewards:enchanting/master_fisher"
	},		
	"criteria": {
		"perfect_rod": {
			"trigger": "minecraft:inventory_changed",
			"conditions": {
				"items": [
					{
						"items": [
							"minecraft:fishing_rod"
						],
						"enchantments": [
							{
								"enchantment": "minecraft:lure",
								"levels": {
									"min": 3
								}
							},
							{
								"enchantment": "minecraft:luck_of_the_sea",
								"levels": {
									"min": 3
								}
							},	
							{
								"enchantment": "minecraft:unbreaking",
								"levels": {
									"min": 3
								}
							},	
							{
								"enchantment": "minecraft:mending",
								"levels": {
									"min": 1
								}
							}		
						]
					}
				]
			}
		}
	}
}