{
	"display": {
		"icon": {
			"item": "minecraft:diamond_pickaxe",
			"nbt": "{Enchantments:[{id:\"minecraft:unbreaking\",lvl:1}]}"
		},
		"title": {"translate":"Master Miner"},
		"description": {"color":"dark_purple","translate":"Create a pickaxe with all possible enchantments at max level"},
		"announce_to_chat": "true",
		"frame": "challenge"
	},
	"parent": "blazeandcave:enchanting/unbreakable",
	"rewards": {
		"function": "bc_rewards:enchanting/master_miner"
	},		
	"criteria": {
		"perfect_pickaxe_fortune": {
			"trigger": "minecraft:inventory_changed",
			"conditions": {
				"items": [
					{
						"tag": "blazeandcave:master_pickaxes",
						"enchantments": [
							{
								"enchantment": "minecraft:efficiency",
								"levels": {
									"min": 5
								}
							},
							{
								"enchantment": "minecraft:fortune",
								"levels": {
									"min": 3
								}
							},
							{
								"enchantment": "minecraft:unbreaking",
								"levels": {
									"min": 3
								}
							},
							{
								"enchantment": "minecraft:mending",
								"levels": {
									"min": 1
								}
							}	
						]
					}
				]
			}
		},
		"perfect_pickaxe_silk_touch": {
			"trigger": "minecraft:inventory_changed",
			"conditions": {
				"items": [
					{
						"tag": "blazeandcave:master_pickaxes",
						"enchantments": [
							{
								"enchantment": "minecraft:efficiency",
								"levels": {
									"min": 5
								}
							},
							{
								"enchantment": "minecraft:silk_touch",
								"levels": {
									"min": 1
								}
							},
							{
								"enchantment": "minecraft:unbreaking",
								"levels": {
									"min": 3
								}
							},
							{
								"enchantment": "minecraft:mending",
								"levels": {
									"min": 1
								}
							}	
						]
					}
				]
			}
		}
	},	
	"requirements": [
		[
			"perfect_pickaxe_fortune",
			"perfect_pickaxe_silk_touch"
		]
	]
}