{
	"display": {
		"icon": {
			"item": "minecraft:diamond_sword",
			"nbt": "{Enchantments:[{id:\"minecraft:unbreaking\",lvl:1}]}"
		},
		"title": {"translate":"Master Knight"},
		"description": {"color":"dark_purple","translate":"Create a sword with all possible enchantments at max level"},
		"announce_to_chat": "true",
		"frame": "challenge"
	},
	"parent": "blazeandcave:enchanting/unbreakable",
	"rewards": {
		"function": "bc_rewards:enchanting/master_knight"
	},		
	"criteria": {
		"perfect_sword": {
			"trigger": "minecraft:inventory_changed",
			"conditions": {
				"items": [
					{
						"tag": "blazeandcave:master_swords",
						"enchantments": [
							{
								"enchantment": "minecraft:sharpness",
								"levels": {
									"min": 5
								}
							},
							{
								"enchantment": "minecraft:knockback",
								"levels": {
									"min": 2
								}
							},
							{
								"enchantment": "minecraft:fire_aspect",
								"levels": {
									"min": 2
								}
							},
							{
								"enchantment": "minecraft:looting",
								"levels": {
									"min": 3
								}
							},
							{
								"enchantment": "minecraft:sweeping",
								"levels": {
									"min": 3
								}
							},		
							{
								"enchantment": "minecraft:unbreaking",
								"levels": {
									"min": 3
								}
							},	
							{
								"enchantment": "minecraft:mending",
								"levels": {
									"min": 1
								}
							}		
						]
					}
				]
			}
		},
		"perfect_sword_smite": {
			"trigger": "minecraft:inventory_changed",
			"conditions": {
				"items": [
					{
						"tag": "blazeandcave:master_swords",
						"enchantments": [
							{
								"enchantment": "minecraft:smite",
								"levels": {
									"min": 5
								}
							},
							{
								"enchantment": "minecraft:knockback",
								"levels": {
									"min": 2
								}
							},
							{
								"enchantment": "minecraft:fire_aspect",
								"levels": {
									"min": 2
								}
							},
							{
								"enchantment": "minecraft:looting",
								"levels": {
									"min": 3
								}
							},
							{
								"enchantment": "minecraft:sweeping",
								"levels": {
									"min": 3
								}
							},		
							{
								"enchantment": "minecraft:unbreaking",
								"levels": {
									"min": 3
								}
							},	
							{
								"enchantment": "minecraft:mending",
								"levels": {
									"min": 1
								}
							}		
						]
					}
				]
			}
		},
		"perfect_sword_bane": {
			"trigger": "minecraft:inventory_changed",
			"conditions": {
				"items": [
					{
						"tag": "blazeandcave:master_swords",
						"enchantments": [
							{
								"enchantment": "minecraft:bane_of_arthropods",
								"levels": {
									"min": 5
								}
							},
							{
								"enchantment": "minecraft:knockback",
								"levels": {
									"min": 2
								}
							},
							{
								"enchantment": "minecraft:fire_aspect",
								"levels": {
									"min": 2
								}
							},
							{
								"enchantment": "minecraft:looting",
								"levels": {
									"min": 3
								}
							},
							{
								"enchantment": "minecraft:sweeping",
								"levels": {
									"min": 3
								}
							},		
							{
								"enchantment": "minecraft:unbreaking",
								"levels": {
									"min": 3
								}
							},	
							{
								"enchantment": "minecraft:mending",
								"levels": {
									"min": 1
								}
							}		
						]
					}
				]
			}
		}
	},
	"requirements": [
		[
			"perfect_sword",
			"perfect_sword_smite",
			"perfect_sword_bane"
		]
	]
}