{
    "type": "minecraft:dialog_list",
    "title": "Tomes",
    "columns": 1,
    "button_width": 250,
    "body": [
        {
            "type": "minecraft:plain_message",
            "width": 600,
            "contents": [
                {
                    "text": "Tomes are special books with useful features.\n\nRecipes of the tomes will be visible in the recipe book once the player obtains a regular book.\n\nThis data pack adds 4 new tomes into the game:",
                    "color": "white"
                }
            ]
        }
    ],
    "dialogs": [
        "enchantmentplus:tomes/disenchanting",
        "enchantmentplus:tomes/intricate_disenchanting",
        "enchantmentplus:tomes/restoration",
        "enchantmentplus:tomes/arcane_refreshment"
    ],
    "exit_action": {
        "label": "Back",
        "action": {
            "type": "show_dialog",
            "dialog": "enchantmentplus:main"
        }
    }
}