{
	"display": {
		"icon": {
			"item": "minecraft:barrel"
		},
		"title": {"translate":"Barrel Rider"},
		"description": {"color":"green","translate":"Craft and place a barrel. Totally not for riding in"},
		"announce_to_chat": true
	},
	"parent": "blazeandcave:building/stationary_storage",
	"rewards": {
		"function": "bc_rewards:building/barrel_rider"
	},		
	"criteria": {
		"barrel": {
			"trigger": "minecraft:placed_block",
			"conditions": {
				"location": [
					{
						"condition": "minecraft:location_check",
						"predicate": {
							"block": {
								"blocks": [
									"minecraft:barrel"
								]
							}
						}
					}
				]
			}
		}
	}
}