{
	"display": {
		"icon": {
			"item": "minecraft:clay_ball"
		},
		"title": {"translate":"Clay-Dough!"},
		"description": {"color":"green","translate":"Dig up some clay from a lake"},
		"announce_to_chat": true
	},
	"parent": "blazeandcave:building/i_dont_like_sand",
	"rewards": {
		"function": "bc_rewards:building/clay_dough"
	},		
	"criteria": {
		"clay_ball": {
			"trigger": "minecraft:inventory_changed",
			"conditions": {
				"items": [
					{
						"items": [
							"minecraft:clay_ball"
						]
					}
				]
			}
		}
	}
}