{
	"display": {
		"icon": {
			"item": "minecraft:glowstone"
		},
		"title": {"translate":"Glowing!"},
		"description": {"color":"green","translate":"Light up the area with glowstone"},
		"announce_to_chat": true
	},
	"parent": "blazeandcave:building/festival_of_lights",
	"rewards": {
		"function": "bc_rewards:building/glowing"
	},		
	"criteria": {
		"glowstone": {
			"trigger": "minecraft:placed_block",
			"conditions": {
				"location": [
					{
						"condition": "minecraft:location_check",
						"predicate": {
							"block": {
								"blocks": [
									"minecraft:glowstone"
								]
							}
						}
					}
				]
			}
		}
	}
}