{
	"display": {
		"icon": {
			"item": "minecraft:podzol"
		},
		"title": {"translate":"Grass Type"},
		"description": {"color":"#75E1FF","translate":"Obtain every type of grass block in your inventory"},
		"announce_to_chat": true,
		"frame": "goal"
	},
	"parent": "blazeandcave:building/pathways",
	"rewards": {
		"function": "bc_rewards:building/grass_type"
	},		
	"criteria": {
		"grass_block": {
			"trigger": "minecraft:inventory_changed",
			"conditions": {
				"items": [
					{
						"items": [
							"minecraft:grass_block"
						]
					}
				]
			}
		},
		"podzol": {
			"trigger": "minecraft:inventory_changed",
			"conditions": {
				"items": [
					{
						"items": [
							"minecraft:podzol"
						]
					}
				]
			}
		},
		"mycelium": {
			"trigger": "minecraft:inventory_changed",
			"conditions": {
				"items": [
					{
						"items": [
							"minecraft:mycelium"
						]
					}
				]
			}
		},
		"crimson_nylium": {
			"trigger": "minecraft:inventory_changed",
			"conditions": {
				"items": [
					{
						"items": [
							"minecraft:crimson_nylium"
						]
					}
				]
			}
		},
		"warped_nylium": {
			"trigger": "minecraft:inventory_changed",
			"conditions": {
				"items": [
					{
						"items": [
							"minecraft:warped_nylium"
						]
					}
				]
			}
		}
	}		
}