{
	"display": {
		"icon": {
			"item": "minecraft:item_frame"
		},
		"title": {"translate":"Help! I've been framed!"},
		"description": {"color":"green","translate":"Craft an item frame for displaying your items"},
		"announce_to_chat": true
	},
	"parent": "blazeandcave:building/its_a_sign",
	"rewards": {
		"function": "bc_rewards:building/help_ive_been_framed"
	},		
	"criteria": {
		"item_frame": {
			"trigger": "minecraft:inventory_changed",
			"conditions": {
				"items": [
					{
						"items": [
							"minecraft:item_frame"
						]
					}
				]
			}
		}
	}
}