{
	"display": {
		"icon": {
			"item": "minecraft:spruce_stairs"
		},
		"title": {"translate":"Stairs? NOOOOO!"},
		"description": {"color":"green","translate":"Craft some stairs"},
		"announce_to_chat": true
	},
	"parent": "blazeandcave:building/cut_in_half",
	"rewards": {
		"function": "bc_rewards:building/stairs_no"
	},		
	"criteria": {
		"stairs": {
			"trigger": "minecraft:inventory_changed",
			"conditions": {
				"items": [
					{
						"tag": "minecraft:stairs"
					}
				]
			}
		}
	}
}