{
	"display": {
		"icon": {
			"item": "minecraft:cobblestone_wall"
		},
		"title": {"translate":"The Walls"},
		"description": {"color":"green","translate":"Build some cobblestone walls"},
		"announce_to_chat": true
	},
	"parent": "blazeandcave:building/en_garde",
	"rewards": {
		"function": "bc_rewards:building/the_walls"
	},		
	"criteria": {
		"cobblestone_wall": {
			"trigger": "minecraft:placed_block",
			"conditions": {
				"location": [
					{
						"condition": "minecraft:location_check",
						"predicate": {
							"block": {
								"blocks": [
									"minecraft:cobblestone_wall"
								]
							}
						}
					}
				]
			}
		}
	}
}