{
  "name": "kaisyn:village/exclusives/iberian/houses",
  "fallback": "minecraft:empty",
  "elements": [
    {
      "weight": 1,
      "element": {
        "element_type": "minecraft:legacy_single_pool_element",
        "projection": "rigid",
        "location": "kaisyn:village/exclusives/iberian/houses/iberian_small_house_1",
        "processors": "kaisyn:village/exclusives/iberian/house_iberian"
      }
    },
    {
      "weight": 1,
      "element": {
        "element_type": "minecraft:legacy_single_pool_element",
        "projection": "rigid",
        "location": "kaisyn:village/exclusives/iberian/houses/iberian_small_house_2",
        "processors": "kaisyn:village/exclusives/iberian/house_iberian"
      }
    },
    {
      "weight": 1,
      "element": {
        "element_type": "minecraft:legacy_single_pool_element",
        "projection": "rigid",
        "location": "kaisyn:village/exclusives/iberian/houses/iberian_small_house_3",
        "processors": "kaisyn:village/exclusives/iberian/house_iberian"
      }
    },
    {
      "weight": 2,
      "element": {
        "element_type": "minecraft:legacy_single_pool_element",
        "projection": "rigid",
        "location": "kaisyn:village/exclusives/iberian/houses/iberian_medium_house_1",
        "processors": "kaisyn:village/exclusives/iberian/house_iberian"
      }
    },
    {
      "weight": 2,
      "element": {
        "element_type": "minecraft:legacy_single_pool_element",
        "projection": "rigid",
        "location": "kaisyn:village/exclusives/iberian/houses/iberian_medium_house_2",
        "processors": "kaisyn:village/exclusives/iberian/house_iberian"
      }
    },
    {
      "weight": 2,
      "element": {
        "element_type": "minecraft:legacy_single_pool_element",
        "projection": "rigid",
        "location": "kaisyn:village/exclusives/iberian/houses/iberian_medium_house_3",
        "processors": "kaisyn:village/exclusives/iberian/house_iberian"
      }
    },
    {
      "weight": 2,
      "element": {
        "element_type": "minecraft:legacy_single_pool_element",
        "projection": "rigid",
        "location": "kaisyn:village/exclusives/iberian/houses/iberian_medium_house_4",
        "processors": "kaisyn:village/exclusives/iberian/house_iberian"
      }
    },
    {
      "weight": 2,
      "element": {
        "element_type": "minecraft:legacy_single_pool_element",
        "projection": "rigid",
        "location": "kaisyn:village/exclusives/iberian/houses/iberian_medium_house_5",
        "processors": "kaisyn:village/exclusives/iberian/house_iberian"
      }
    },
    {
      "weight": 2,
      "element": {
        "element_type": "minecraft:legacy_single_pool_element",
        "projection": "rigid",
        "location": "kaisyn:village/exclusives/iberian/houses/iberian_medium_house_6",
        "processors": "kaisyn:village/exclusives/iberian/house_iberian"
      }
    },
    {
      "weight": 2,
      "element": {
        "element_type": "minecraft:legacy_single_pool_element",
        "projection": "rigid",
        "location": "kaisyn:village/exclusives/iberian/houses/iberian_medium_house_7",
        "processors": "kaisyn:village/exclusives/iberian/house_iberian"
      }
    },
    {
      "weight": 2,
      "element": {
        "element_type": "minecraft:legacy_single_pool_element",
        "projection": "rigid",
        "location": "kaisyn:village/exclusives/iberian/houses/iberian_medium_house_8",
        "processors": "kaisyn:village/exclusives/iberian/house_iberian"
      }
    },
    {
      "weight": 3,
      "element": {
        "element_type": "minecraft:legacy_single_pool_element",
        "projection": "rigid",
        "location": "kaisyn:village/exclusives/iberian/houses/iberian_large_house_1",
        "processors": "kaisyn:village/exclusives/iberian/house_iberian"
      }
    },
    {
      "weight": 3,
      "element": {
        "element_type": "minecraft:legacy_single_pool_element",
        "projection": "rigid",
        "location": "kaisyn:village/exclusives/iberian/houses/iberian_large_house_2",
        "processors": "kaisyn:village/exclusives/iberian/house_iberian"
      }
    },
    {
      "weight": 3,
      "element": {
        "element_type": "minecraft:legacy_single_pool_element",
        "projection": "rigid",
        "location": "kaisyn:village/exclusives/iberian/houses/iberian_garden_1",
        "processors": "kaisyn:village/exclusives/iberian/street_iberian"
      }
    },
    {
      "weight": 3,
      "element": {
        "element_type": "minecraft:legacy_single_pool_element",
        "projection": "rigid",
        "location": "kaisyn:village/exclusives/iberian/houses/iberian_temple_1",
        "processors": "kaisyn:village/exclusives/iberian/house_iberian"
      }
    },
	  {
      "weight": 3,
      "element": {
        "projection": "rigid",
        "element_type": "minecraft:empty_pool_element"
      }
    }
  ]
}
