{
	"feature": "terralith:highlands/vines_seed",
	"placement": [
		{
			"type": "minecraft:count",
			"count": 34
		},
		{
			"type": "minecraft:count",
			"count": 10
		},
		{
			"type": "minecraft:in_square"
		},
		{
			"type": "minecraft:height_range",
			"height": {
				"type": "minecraft:uniform",
				"min_inclusive": {
					"absolute": 63
				},
				"max_inclusive": {
					"absolute": 255
				}
			}
		},
		{
			"type": "minecraft:block_predicate_filter",
			"predicate": {
				"type": "minecraft:any_of",
				"predicates": [
					{
						"type": "minecraft:matching_blocks",
						"offset": [
							1,
							0,
							0
						],
						"blocks": [
							"minecraft:stone"
						]
					},
					{
						"type": "minecraft:matching_blocks",
						"offset": [
							0,
							0,
							1
						],
						"blocks": [
							"minecraft:stone"
						]
					},
					{
						"type": "minecraft:matching_blocks",
						"offset": [
							-1,
							0,
							0
						],
						"blocks": [
							"minecraft:stone"
						]
					},
					{
						"type": "minecraft:matching_blocks",
						"offset": [
							0,
							0,
							-1
						],
						"blocks": [
							"minecraft:stone"
						]
					}
				]
			}
		},
		{
			"type": "minecraft:biome"
		}
	]
}
