{
	"display": {
		"icon": {
			"item": "minecraft:wooden_hoe"
		},
		"title": {"translate":"Time to Farm!"},
		"description": {"color":"green","translate":"Use planks and sticks to make a hoe"},
		"announce_to_chat": true
	},
	"parent": "blazeandcave:bacap/time_to_dig",
	"rewards": {
		"function": "bc_rewards:bacap/time_to_farm"
	},		
	"criteria": {
		"wooden_hoe": {
			"trigger": "minecraft:inventory_changed",
			"conditions": {
				"items": [
					{
						"items": [
							"minecraft:wooden_hoe"
						]
					}
				]
			}
		},
		"stone_hoe": {
			"trigger": "minecraft:inventory_changed",
			"conditions": {
				"items": [
					{
						"items": [
							"minecraft:stone_hoe"
						]
					}
				]
			}
		},
		"iron_hoe": {
			"trigger": "minecraft:inventory_changed",
			"conditions": {
				"items": [
					{
						"items": [
							"minecraft:iron_hoe"
						]
					}
				]
			}
		},
		"diamond_hoe": {
			"trigger": "minecraft:inventory_changed",
			"conditions": {
				"items": [
					{
						"items": [
							"minecraft:diamond_hoe"
						]
					}
				]
			}
		},
		"golden_hoe": {
			"trigger": "minecraft:inventory_changed",
			"conditions": {
				"items": [
					{
						"items": [
							"minecraft:golden_hoe"
						]
					}
				]
			}
		},
		"netherite_hoe": {
			"trigger": "minecraft:inventory_changed",
			"conditions": {
				"items": [
					{
						"items": [
							"minecraft:netherite_hoe"
						]
					}
				]
			}
		}
	},
	"requirements": [
		[
		"wooden_hoe",
		"stone_hoe",
		"iron_hoe",
		"diamond_hoe",
		"golden_hoe",
		"netherite_hoe"
		]
	]
}