{
	"display": {
		"icon": {
			"id": "minecraft:nether_star"
		},
		"title": {"translate":"Constellation"},
		"description": {"color":"#FF2A2A","translate":"Collect 64 nether stars"},
		"announce_to_chat": true,
		"frame": "challenge"
	},
	"parent": "blazeandcave:challenges/lets_take_it_up_a_notch",
	"rewards": {
		"function": "bacap_rewards:challenges/constellation"
	},		
	"criteria": {
		"nether_star": {
			"trigger": "minecraft:inventory_changed",
			"conditions": {
				"items": [
					{
						"items": [
							"minecraft:nether_star"
						],
						"count": 64
					}
				]
			}
		}
	}
}