{
	"display": {
		"icon": {
			"id": "minecraft:enchanted_golden_apple"
		},
		"title": {"translate":"Let's take it up a notch"},
		"description": {"color":"#FF2A2A","translate":"Collect 64 Enchanted Golden Apples"},
		"announce_to_chat": true,
		"frame": "challenge"
	},
	"parent": "blazeandcave:challenges/root",
	"rewards": {
		"function": "bacap_rewards:challenges/lets_take_it_up_a_notch"
	},		
	"criteria": {
		"enchanted_golden_apple": {
			"trigger": "minecraft:inventory_changed",
			"conditions": {
				"items": [
					{
						"items": [
							"minecraft:enchanted_golden_apple"
						],
						"count": 64
					}
				]
			}
		}
	}
}