{
	"display": {
		"icon": {
			"id": "minecraft:splash_potion",
			"components": {
				"minecraft:potion_contents": {
					"potion": "minecraft:healing"
				}
			}
		},
		"title": {"translate":"Potion Master"},
		"description": {"color":"#FF2A2A","translate":"Kill every mob in the game with splash potions"},
		"announce_to_chat": true,
		"frame": "challenge"
	},
	"parent": "blazeandcave:challenges/endergeddon",
	"rewards": {
		"function": "bacap_rewards:challenges/potion_master"
	},	
	"criteria": {
		"bat": {
			"trigger": "minecraft:player_killed_entity",
			"conditions": {
				"entity": {
					"type": "bat"
				},
				"killing_blow": {
					"direct_entity": {
						"type": "minecraft:splash_potion"
					}
				}
			}
		},
		"chicken": {
			"trigger": "minecraft:player_killed_entity",
			"conditions": {
				"entity": {
					"type": "chicken"
				},
				"killing_blow": {
					"direct_entity": {
						"type": "minecraft:splash_potion"
					}
				}
			}
		},
		"cod": {
			"trigger": "minecraft:player_killed_entity",
			"conditions": {
				"entity": {
					"type": "cod"
				},
				"killing_blow": {
					"direct_entity": {
						"type": "minecraft:splash_potion"
					}
				}
			}
		},
		"cow": {
			"trigger": "minecraft:player_killed_entity",
			"conditions": {
				"entity": {
					"type": "cow"
				},
				"killing_blow": {
					"direct_entity": {
						"type": "minecraft:splash_potion"
					}
				}
			}
		},
		"mooshroom": {
			"trigger": "minecraft:player_killed_entity",
			"conditions": {
				"entity": {
					"type": "mooshroom"
				},
				"killing_blow": {
					"direct_entity": {
						"type": "minecraft:splash_potion"
					}
				}
			}
		},
		"pig": {
			"trigger": "minecraft:player_killed_entity",
			"conditions": {
				"entity": {
					"type": "pig"
				},
				"killing_blow": {
					"direct_entity": {
						"type": "minecraft:splash_potion"
					}
				}
			}
		},
		"rabbit": {
			"trigger": "minecraft:player_killed_entity",
			"conditions": {
				"entity": {
					"type": "rabbit"
				},
				"killing_blow": {
					"direct_entity": {
						"type": "minecraft:splash_potion"
					}
				}
			}
		},
		"salmon": {
			"trigger": "minecraft:player_killed_entity",
			"conditions": {
				"entity": {
					"type": "salmon"
				},
				"killing_blow": {
					"direct_entity": {
						"type": "minecraft:splash_potion"
					}
				}
			}
		},
		"sheep": {
			"trigger": "minecraft:player_killed_entity",
			"conditions": {
				"entity": {
					"type": "sheep"
				},
				"killing_blow": {
					"direct_entity": {
						"type": "minecraft:splash_potion"
					}
				}
			}
		},
		"squid": {
			"trigger": "minecraft:player_killed_entity",
			"conditions": {
				"entity": {
					"type": "squid"
				},
				"killing_blow": {
					"direct_entity": {
						"type": "minecraft:splash_potion"
					}
				}
			}
		},
		"tropical_fish": {
			"trigger": "minecraft:player_killed_entity",
			"conditions": {
				"entity": {
					"type": "tropical_fish"
				},
				"killing_blow": {
					"direct_entity": {
						"type": "minecraft:splash_potion"
					}
				}
			}
		},
		"turtle": {
			"trigger": "minecraft:player_killed_entity",
			"conditions": {
				"entity": {
					"type": "turtle"
				},
				"killing_blow": {
					"direct_entity": {
						"type": "minecraft:splash_potion"
					}
				}
			}
		},
		"villager": {
			"trigger": "minecraft:player_killed_entity",
			"conditions": {
				"entity": {
					"type": "villager"
				},
				"killing_blow": {
					"direct_entity": {
						"type": "minecraft:splash_potion"
					}
				}
			}
		},
		"wandering_trader": {
			"trigger": "minecraft:player_killed_entity",
			"conditions": {
				"entity": {
					"type": "wandering_trader"
				},
				"killing_blow": {
					"direct_entity": {
						"type": "minecraft:splash_potion"
					}
				}
			}
		},
		"pufferfish": {
			"trigger": "minecraft:player_killed_entity",
			"conditions": {
				"entity": {
					"type": "pufferfish"
				},
				"killing_blow": {
					"direct_entity": {
						"type": "minecraft:splash_potion"
					}
				}
			}
		},
		"cave_spider": {
			"trigger": "minecraft:player_killed_entity",
			"conditions": {
				"entity": {
					"type": "cave_spider"
				},
				"killing_blow": {
					"direct_entity": {
						"type": "minecraft:splash_potion"
					}
				}
			}
		},
		"panda": {
			"trigger": "minecraft:player_killed_entity",
			"conditions": {
				"entity": {
					"type": "panda"
				},
				"killing_blow": {
					"direct_entity": {
						"type": "minecraft:splash_potion"
					}
				}
			}
		},
		"polar_bear": {
			"trigger": "minecraft:player_killed_entity",
			"conditions": {
				"entity": {
					"type": "polar_bear"
				},
				"killing_blow": {
					"direct_entity": {
						"type": "minecraft:splash_potion"
					}
				}
			}
		},
		"spider": {
			"trigger": "minecraft:player_killed_entity",
			"conditions": {
				"entity": {
					"type": "spider"
				},
				"killing_blow": {
					"direct_entity": {
						"type": "minecraft:splash_potion"
					}
				}
			}
		},
		"zombified_piglin": {
			"trigger": "minecraft:player_killed_entity",
			"conditions": {
				"entity": {
					"type": "zombified_piglin"
				},
				"killing_blow": {
					"direct_entity": {
						"type": "minecraft:splash_potion"
					}
				}
			}
		},
		"blaze": {
			"trigger": "minecraft:player_killed_entity",
			"conditions": {
				"entity": {
					"type": "blaze"
				},
				"killing_blow": {
					"direct_entity": {
						"type": "minecraft:splash_potion"
					}
				}
			}
		},
		"creeper": {
			"trigger": "minecraft:player_killed_entity",
			"conditions": {
				"entity": {
					"type": "creeper"
				},
				"killing_blow": {
					"direct_entity": {
						"type": "minecraft:splash_potion"
					}
				}
			}
		},
		"drowned": {
			"trigger": "minecraft:player_killed_entity",
			"conditions": {
				"entity": {
					"type": "drowned"
				},
				"killing_blow": {
					"direct_entity": {
						"type": "minecraft:splash_potion"
					}
				}
			}
		},
		"endermite": {
			"trigger": "minecraft:player_killed_entity",
			"conditions": {
				"entity": {
					"type": "endermite"
				},
				"killing_blow": {
					"direct_entity": {
						"type": "minecraft:splash_potion"
					}
				}
			}
		},
		"evoker": {
			"trigger": "minecraft:player_killed_entity",
			"conditions": {
				"entity": {
					"type": "evoker"
				},
				"killing_blow": {
					"direct_entity": {
						"type": "minecraft:splash_potion"
					}
				}
			}
		},
		"ghast": {
			"trigger": "minecraft:player_killed_entity",
			"conditions": {
				"entity": {
					"type": "ghast"
				},
				"killing_blow": {
					"direct_entity": {
						"type": "minecraft:splash_potion"
					}
				}
			}
		},
		"guardian": {
			"trigger": "minecraft:player_killed_entity",
			"conditions": {
				"entity": {
					"type": "guardian"
				},
				"killing_blow": {
					"direct_entity": {
						"type": "minecraft:splash_potion"
					}
				}
			}
		},
		"husk": {
			"trigger": "minecraft:player_killed_entity",
			"conditions": {
				"entity": {
					"type": "husk"
				},
				"killing_blow": {
					"direct_entity": {
						"type": "minecraft:splash_potion"
					}
				}
			}
		},
		"magma_cube": {
			"trigger": "minecraft:player_killed_entity",
			"conditions": {
				"entity": {
					"type": "magma_cube"
				},
				"killing_blow": {
					"direct_entity": {
						"type": "minecraft:splash_potion"
					}
				}
			}
		},
		"phantom": {
			"trigger": "minecraft:player_killed_entity",
			"conditions": {
				"entity": {
					"type": "phantom"
				},
				"killing_blow": {
					"direct_entity": {
						"type": "minecraft:splash_potion"
					}
				}
			}
		},
		"pillager": {
			"trigger": "minecraft:player_killed_entity",
			"conditions": {
				"entity": {
					"type": "pillager"
				},
				"killing_blow": {
					"direct_entity": {
						"type": "minecraft:splash_potion"
					}
				}
			}
		},
		"ravager": {
			"trigger": "minecraft:player_killed_entity",
			"conditions": {
				"entity": {
					"type": "ravager"
				},
				"killing_blow": {
					"direct_entity": {
						"type": "minecraft:splash_potion"
					}
				}
			}
		},
		"shulker": {
			"trigger": "minecraft:player_killed_entity",
			"conditions": {
				"entity": {
					"type": "shulker"
				},
				"killing_blow": {
					"direct_entity": {
						"type": "minecraft:splash_potion"
					}
				}
			}
		},
		"silverfish": {
			"trigger": "minecraft:player_killed_entity",
			"conditions": {
				"entity": {
					"type": "silverfish"
				},
				"killing_blow": {
					"direct_entity": {
						"type": "minecraft:splash_potion"
					}
				}
			}
		},
		"skeleton": {
			"trigger": "minecraft:player_killed_entity",
			"conditions": {
				"entity": {
					"type": "skeleton"
				},
				"killing_blow": {
					"direct_entity": {
						"type": "minecraft:splash_potion"
					}
				}
			}
		},
		"slime": {
			"trigger": "minecraft:player_killed_entity",
			"conditions": {
				"entity": {
					"type": "slime"
				},
				"killing_blow": {
					"direct_entity": {
						"type": "minecraft:splash_potion"
					}
				}
			}
		},
		"stray": {
			"trigger": "minecraft:player_killed_entity",
			"conditions": {
				"entity": {
					"type": "stray"
				},
				"killing_blow": {
					"direct_entity": {
						"type": "minecraft:splash_potion"
					}
				}
			}
		},
		"vex": {
			"trigger": "minecraft:player_killed_entity",
			"conditions": {
				"entity": {
					"type": "vex"
				},
				"killing_blow": {
					"direct_entity": {
						"type": "minecraft:splash_potion"
					}
				}
			}
		},
		"vindicator": {
			"trigger": "minecraft:player_killed_entity",
			"conditions": {
				"entity": {
					"type": "vindicator"
				},
				"killing_blow": {
					"direct_entity": {
						"type": "minecraft:splash_potion"
					}
				}
			}
		},
		"witch": {
			"trigger": "minecraft:player_killed_entity",
			"conditions": {
				"entity": {
					"type": "witch"
				},
				"killing_blow": {
					"direct_entity": {
						"type": "minecraft:splash_potion"
					}
				}
			}
		},
		"wither_skeleton": {
			"trigger": "minecraft:player_killed_entity",
			"conditions": {
				"entity": {
					"type": "wither_skeleton"
				},
				"killing_blow": {
					"direct_entity": {
						"type": "minecraft:splash_potion"
					}
				}
			}
		},
		"zombie_villager": {
			"trigger": "minecraft:player_killed_entity",
			"conditions": {
				"entity": {
					"type": "zombie_villager"
				},
				"killing_blow": {
					"direct_entity": {
						"type": "minecraft:splash_potion"
					}
				}
			}
		},
		"zombie": {
			"trigger": "minecraft:player_killed_entity",
			"conditions": {
				"entity": {
					"type": "zombie"
				},
				"killing_blow": {
					"direct_entity": {
						"type": "minecraft:splash_potion"
					}
				}
			}
		},
		"cat": {
			"trigger": "minecraft:player_killed_entity",
			"conditions": {
				"entity": {
					"type": "cat"
				},
				"killing_blow": {
					"direct_entity": {
						"type": "minecraft:splash_potion"
					}
				}
			}
		},
		"donkey": {
			"trigger": "minecraft:player_killed_entity",
			"conditions": {
				"entity": {
					"type": "donkey"
				},
				"killing_blow": {
					"direct_entity": {
						"type": "minecraft:splash_potion"
					}
				}
			}
		},
		"horse": {
			"trigger": "minecraft:player_killed_entity",
			"conditions": {
				"entity": {
					"type": "horse"
				},
				"killing_blow": {
					"direct_entity": {
						"type": "minecraft:splash_potion"
					}
				}
			}
		},
		"llama": {
			"trigger": "minecraft:player_killed_entity",
			"conditions": {
				"entity": {
					"type": "llama"
				},
				"killing_blow": {
					"direct_entity": {
						"type": "minecraft:splash_potion"
					}
				}
			}
		},
		"mule": {
			"trigger": "minecraft:player_killed_entity",
			"conditions": {
				"entity": {
					"type": "mule"
				},
				"killing_blow": {
					"direct_entity": {
						"type": "minecraft:splash_potion"
					}
				}
			}
		},
		"parrot": {
			"trigger": "minecraft:player_killed_entity",
			"conditions": {
				"entity": {
					"type": "parrot"
				},
				"killing_blow": {
					"direct_entity": {
						"type": "minecraft:splash_potion"
					}
				}
			}
		},
		"skeleton_horse": {
			"trigger": "minecraft:player_killed_entity",
			"conditions": {
				"entity": {
					"type": "skeleton_horse"
				},
				"killing_blow": {
					"direct_entity": {
						"type": "minecraft:splash_potion"
					}
				}
			}
		},
		"trader_llama": {
			"trigger": "minecraft:player_killed_entity",
			"conditions": {
				"entity": {
					"type": "trader_llama"
				},
				"killing_blow": {
					"direct_entity": {
						"type": "minecraft:splash_potion"
					}
				}
			}
		},
		"wolf": {
			"trigger": "minecraft:player_killed_entity",
			"conditions": {
				"entity": {
					"type": "wolf"
				},
				"killing_blow": {
					"direct_entity": {
						"type": "minecraft:splash_potion"
					}
				}
			}
		},
		"dolphin": {
			"trigger": "minecraft:player_killed_entity",
			"conditions": {
				"entity": {
					"type": "dolphin"
				},
				"killing_blow": {
					"direct_entity": {
						"type": "minecraft:splash_potion"
					}
				}
			}
		},
		"fox": {
			"trigger": "minecraft:player_killed_entity",
			"conditions": {
				"entity": {
					"type": "fox"
				},
				"killing_blow": {
					"direct_entity": {
						"type": "minecraft:splash_potion"
					}
				}
			}
		},
		"ocelot": {
			"trigger": "minecraft:player_killed_entity",
			"conditions": {
				"entity": {
					"type": "ocelot"
				},
				"killing_blow": {
					"direct_entity": {
						"type": "minecraft:splash_potion"
					}
				}
			}
		},
		"iron_golem": {
			"trigger": "minecraft:player_killed_entity",
			"conditions": {
				"entity": {
					"type": "iron_golem"
				},
				"killing_blow": {
					"direct_entity": {
						"type": "minecraft:splash_potion"
					}
				}
			}
		},
		"snow_golem": {
			"trigger": "minecraft:player_killed_entity",
			"conditions": {
				"entity": {
					"type": "snow_golem"
				},
				"killing_blow": {
					"direct_entity": {
						"type": "minecraft:splash_potion"
					}
				}
			}
		},
		"wither": {
			"trigger": "minecraft:player_killed_entity",
			"conditions": {
				"entity": {
					"type": "wither"
				},
				"killing_blow": {
					"direct_entity": {
						"type": "minecraft:splash_potion"
					}
				}
			}
		},
		"bee": {
			"trigger": "minecraft:player_killed_entity",
			"conditions": {
				"entity": {
					"type": "bee"
				},
				"killing_blow": {
					"direct_entity": {
						"type": "minecraft:splash_potion"
					}
				}
			}
		},
		"piglin": {
			"trigger": "minecraft:player_killed_entity",
			"conditions": {
				"entity": {
					"type": "piglin"
				},
				"killing_blow": {
					"direct_entity": {
						"type": "minecraft:splash_potion"
					}
				}
			}
		},
		"hoglin": {
			"trigger": "minecraft:player_killed_entity",
			"conditions": {
				"entity": {
					"type": "hoglin"
				},
				"killing_blow": {
					"direct_entity": {
						"type": "minecraft:splash_potion"
					}
				}
			}
		},
		"strider": {
			"trigger": "minecraft:player_killed_entity",
			"conditions": {
				"entity": {
					"type": "strider"
				},
				"killing_blow": {
					"direct_entity": {
						"type": "minecraft:splash_potion"
					}
				}
			}
		},
		"zoglin": {
			"trigger": "minecraft:player_killed_entity",
			"conditions": {
				"entity": {
					"type": "zoglin"
				},
				"killing_blow": {
					"direct_entity": {
						"type": "minecraft:splash_potion"
					}
				}
			}
		},
		"piglin_brute": {
			"trigger": "minecraft:player_killed_entity",
			"conditions": {
				"entity": {
					"type": "piglin_brute"
				},
				"killing_blow": {
					"direct_entity": {
						"type": "minecraft:splash_potion"
					}
				}
			}
		},
		"axolotl": {
			"trigger": "minecraft:player_killed_entity",
			"conditions": {
				"entity": {
					"type": "axolotl"
				},
				"killing_blow": {
					"direct_entity": {
						"type": "minecraft:splash_potion"
					}
				}
			}
		},
		"glow_squid": {
			"trigger": "minecraft:player_killed_entity",
			"conditions": {
				"entity": {
					"type": "glow_squid"
				},
				"killing_blow": {
					"direct_entity": {
						"type": "minecraft:splash_potion"
					}
				}
			}
		},
		"goat": {
			"trigger": "minecraft:player_killed_entity",
			"conditions": {
				"entity": {
					"type": "goat"
				},
				"killing_blow": {
					"direct_entity": {
						"type": "minecraft:splash_potion"
					}
				}
			}
		},
		"frog": {
			"trigger": "minecraft:player_killed_entity",
			"conditions": {
				"entity": {
					"type": "frog"
				},
				"killing_blow": {
					"direct_entity": {
						"type": "minecraft:splash_potion"
					}
				}
			}
		},
		"tadpole": {
			"trigger": "minecraft:player_killed_entity",
			"conditions": {
				"entity": {
					"type": "tadpole"
				},
				"killing_blow": {
					"direct_entity": {
						"type": "minecraft:splash_potion"
					}
				}
			}
		},
		"allay": {
			"trigger": "minecraft:player_killed_entity",
			"conditions": {
				"entity": {
					"type": "allay"
				},
				"killing_blow": {
					"direct_entity": {
						"type": "minecraft:splash_potion"
					}
				}
			}
		},
		"warden": {
			"trigger": "minecraft:player_killed_entity",
			"conditions": {
				"entity": {
					"type": "warden"
				},
				"killing_blow": {
					"direct_entity": {
						"type": "minecraft:splash_potion"
					}
				}
			}
		},
		"camel": {
			"trigger": "minecraft:player_killed_entity",
			"conditions": {
				"entity": {
					"type": "camel"
				},
				"killing_blow": {
					"direct_entity": {
						"type": "minecraft:splash_potion"
					}
				}
			}
		},
		"sniffer": {
			"trigger": "minecraft:player_killed_entity",
			"conditions": {
				"entity": {
					"type": "sniffer"
				},
				"killing_blow": {
					"direct_entity": {
						"type": "minecraft:splash_potion"
					}
				}
			}
		},
		"armadillo": {
			"trigger": "minecraft:player_killed_entity",
			"conditions": {
				"entity": {
					"type": "armadillo"
				},
				"killing_blow": {
					"direct_entity": {
						"type": "minecraft:splash_potion"
					}
				}
			}
		},
		"breeze": {
			"trigger": "minecraft:player_killed_entity",
			"conditions": {
				"entity": {
					"type": "breeze"
				},
				"killing_blow": {
					"direct_entity": {
						"type": "minecraft:splash_potion"
					}
				}
			}
		},
		"bogged": {
			"trigger": "minecraft:player_killed_entity",
			"conditions": {
				"entity": {
					"type": "bogged"
				},
				"killing_blow": {
					"direct_entity": {
						"type": "minecraft:splash_potion"
					}
				}
			}
		},
		"happy_ghast": {
			"trigger": "minecraft:player_killed_entity",
			"conditions": {
				"entity": {
					"type": "happy_ghast"
				},
				"killing_blow": {
					"direct_entity": {
						"type": "minecraft:splash_potion"
					}
				}
			}
		}
	}
}