{
	"display": {
		"icon": {
			"id": "minecraft:iron_axe"
		},
		"title": {"translate":"Axeolotl"},
		"description": {"color":"green","translate":"Kill an Axolotl with an axe"},
		"announce_to_chat": true
	},
	"parent": "blazeandcave:animal/axolittle",
	"rewards": {
		"function": "bacap_rewards:animal/axeolotl"
	},		
	"criteria": {
		"axeolotl": {
			"trigger": "minecraft:player_killed_entity",
			"conditions": {
				"entity": {
					"type": "axolotl"
				},			
				"player": {
					"equipment": {
						"mainhand": {
							"items": "#blazeandcave:axes"
						}
					}
				},
				"killing_blow": {
					"tags": [
						{
							"id": "minecraft:player_attack",
							"expected": true
						}
					]
				}
			}
		}
	}
}