{
    "type": "minecraft:vegetation_patch",
    "config": {
        "depth": 1,
        "extra_bottom_block_chance": 0.0,
        "extra_edge_column_chance": 0.75,
        "ground_state": {
            "type": "minecraft:simple_state_provider",
            "state": {
                "Name": "minecraft:pale_moss_block"
            }
        },
        "replaceable": "#minecraft:moss_replaceable",
        "surface": "floor",
        "vegetation_chance": 0.3,
        "vegetation_feature": {
            "feature": {
                "type": "minecraft:simple_block",
                "config": {
                    "to_place": {
                        "type": "minecraft:simple_state_provider",
                        "state": {
                            "Name": "minecraft:pale_moss_carpet",
                            "Properties": {}
                        }
                    }
                }
            },
            "placement": []
        },
        "vertical_range": 5,
        "xz_radius": {
            "type": "minecraft:uniform",
            "max_inclusive": 4,
            "min_inclusive": 2
        }
    }
}