{
  "type": "minecraft:random_selector",
  "config": {
    "features": [],
    "default": {
      "feature": {
        "type": "minecraft:disk",
        "config": {
          "half_height": 1,
          "radius": {
            "type": "minecraft:uniform",
            "value": {
              "min_inclusive": 2,
              "max_inclusive": 3
            }
          },
          "state_provider": {
            "fallback": {
              "type": "minecraft:simple_state_provider",
              "state": {
                "Name": "minecraft:packed_ice"
              }
            },
            "rules": []
          },
          "target": {
            "type": "minecraft:matching_blocks",
            "blocks": [
              "minecraft:dirt",
              "minecraft:grass_block",
              "minecraft:podzol",
              "minecraft:coarse_dirt",
              "minecraft:mycelium",
              "minecraft:snow_block",
              "minecraft:ice"
            ]
          }
        }
      },
      "placement": [
        {
          "type": "minecraft:random_offset",
          "xz_spread": 0,
          "y_spread": -1
        },
        {
          "type": "minecraft:block_predicate_filter",
          "predicate": {
            "type": "minecraft:matching_blocks",
            "blocks": "minecraft:snow"
          }
        }
      ]
    }
  }
}
