{
	"display": {
		"icon": {
			"item": "minecraft:bamboo"
		},
		"title": {"translate":"Bamboom!"},
		"description": {"color":"green","translate":"Break down some bamboo"},
		"announce_to_chat": true
	},
	"parent": "blazeandcave:biomes/tarzan",
	"rewards": {
		"function": "bc_rewards:biomes/bamboom"
	},		
	"criteria": {
		"bamboo": {
			"trigger": "minecraft:inventory_changed",
			"conditions": {
				"items": [
					{
						"items": [
							"minecraft:bamboo"
						]
					}
				]
			}
		}
	}	
}