{
	"display": {
		"icon": {
			"item": "minecraft:spruce_chest_boat"
		},
		"title": {"translate":"Cargo Carrier"},
		"description": {"color":"green","translate":"Ride a Boat with a Chest in it"},
		"announce_to_chat": true
	},
	"parent": "blazeandcave:biomes/boaty_mcboatface",
	"rewards": {
		"function": "bc_rewards:biomes/cargo_carrier"
	},		
	"criteria": {
		"boat": {
			"trigger": "minecraft:started_riding",
			"conditions": {
				"player": [
					{
						"condition": "minecraft:entity_properties",
						"predicate": {
							"vehicle": {
								"type": "minecraft:chest_boat"
							}
						},
						"entity": "this"
					}
				]
			}
		}
	}		
}