{
	"display": {
		"icon": {
			"item": "minecraft:dolphin_spawn_egg"
		},
		"title": {"translate":"Dolphin Dasher"},
		"description": {"color":"green","translate":"Get a speed boost from your friendly underwater companions"},
		"announce_to_chat": true
	},
	"parent": "blazeandcave:biomes/flipper",
	"rewards": {
		"function": "bc_rewards:biomes/dolphin_dasher"
	},	
	"criteria": {
		"dolphins_grace": {
			"trigger": "minecraft:effects_changed",
			"conditions": {
				"effects": {
					"minecraft:dolphins_grace": {}
				}
			}
		}
	}
}