{
	"display": {
		"icon": {
			"item": "minecraft:light_blue_wool"
		},
		"title": {"translate":"Flipper"},
		"description": {"color":"green","translate":"Give a Dolphin something to play with"},
		"announce_to_chat": true
	},
	"parent": "blazeandcave:biomes/cargo_carrier",
	"rewards": {
		"function": "bc_rewards:biomes/flipper"
	},
	"criteria": {
		"flipper": {
			"trigger": "minecraft:thrown_item_picked_up_by_entity",
			"conditions": {
				"entity": {
					"type": "dolphin"
				}
			}
		}
	}
}