{
	"display": {
		"icon": {
			"item": "minecraft:sea_pickle"
		},
		"title": {"translate":"In a Pickle"},
		"description": {"color":"green","translate":"Collect some sea pickles from a coral reef"},
		"announce_to_chat": true
	},
	"parent": "blazeandcave:biomes/the_great_blocky_reef",
	"rewards": {
		"function": "bc_rewards:biomes/in_a_pickle"
	},		
	"criteria": {
		"sea_pickle": {
			"trigger": "minecraft:inventory_changed",
			"conditions": {
				"items": [
					{
						"items": [
							"minecraft:sea_pickle"
						]
					}
				]
			}
		}
	}		
}