{
    "type": "minecraft:chest",
    "pools": [
        {
            "rolls": {
                "type": "minecraft:uniform",
                "min": 0,
                "max": 1
            },
            "bonus_rolls": 0,
            "entries": [
                {
                    "type": "minecraft:item",
                    "name": "minecraft:crossbow"
                }
            ]
        },
        {
            "rolls": {
                "type": "minecraft:uniform",
                "min": 2,
                "max": 3
            },
            "bonus_rolls": 0,
            "entries": [
                {
                    "type": "minecraft:item",
                    "weight": 7,
                    "name": "minecraft:wheat",
                    "functions": [
                        {
                            "function": "minecraft:set_count",
                            "count": {
                                "type": "minecraft:uniform",
                                "min": 3,
                                "max": 5
                            },
                            "add": false
                        }
                    ]
                },
                {
                    "type": "minecraft:item",
                    "weight": 5,
                    "name": "minecraft:potato",
                    "functions": [
                        {
                            "function": "minecraft:set_count",
                            "count": {
                                "type": "minecraft:uniform",
                                "min": 2,
                                "max": 5
                            },
                            "add": false
                        }
                    ]
                },
                {
                    "type": "minecraft:item",
                    "weight": 5,
                    "name": "minecraft:carrot",
                    "functions": [
                        {
                            "function": "minecraft:set_count",
                            "count": {
                                "type": "minecraft:uniform",
                                "min": 3,
                                "max": 5
                            },
                            "add": false
                        }
                    ]
                }
            ]
        },
        {
            "rolls": {
                "type": "minecraft:uniform",
                "min": 1,
                "max": 4
            },
            "bonus_rolls": 0,
            "entries": [
                {
                    "type": "minecraft:item",
                    "name": "minecraft:orange_wool",
                    "functions": [
                        {
                            "function": "minecraft:set_count",
                            "count": {
                                "type": "minecraft:uniform",
                                "min": 1,
                                "max": 2
                            }
                        }
                    ]
                },
                {
                    "type": "minecraft:item",
                    "name": "minecraft:sandstone",
                    "functions": [
                        {
                            "function": "minecraft:set_count",
                            "count": {
                                "type": "minecraft:uniform",
                                "min": 2,
                                "max": 3
                            },
                            "add": false
                        }
                    ]
                }
            ]
        },
        {
            "rolls": {
                "type": "minecraft:uniform",
                "min": 2,
                "max": 3
            },
            "bonus_rolls": 0,
            "entries": [
                {
                    "type": "minecraft:item",
                    "weight": 7,
                    "name": "minecraft:experience_bottle"
                },
                {
                    "type": "minecraft:item",
                    "weight": 4,
                    "name": "minecraft:string",
                    "functions": [
                        {
                            "function": "minecraft:set_count",
                            "count": {
                                "type": "minecraft:uniform",
                                "min": 1,
                                "max": 6
                            },
                            "add": false
                        }
                    ]
                },
                {
                    "type": "minecraft:item",
                    "weight": 4,
                    "name": "minecraft:arrow",
                    "functions": [
                        {
                            "function": "minecraft:set_count",
                            "count": {
                                "type": "minecraft:uniform",
                                "min": 2,
                                "max": 7
                            },
                            "add": false
                        }
                    ]
                },
                {
                    "type": "minecraft:item",
                    "weight": 3,
                    "name": "minecraft:tripwire_hook",
                    "functions": [
                        {
                            "function": "minecraft:set_count",
                            "count": {
                                "type": "minecraft:uniform",
                                "min": 1,
                                "max": 3
                            },
                            "add": false
                        }
                    ]
                },
                {
                    "type": "minecraft:item",
                    "weight": 3,
                    "name": "minecraft:iron_ingot",
                    "functions": [
                        {
                            "function": "minecraft:set_count",
                            "count": {
                                "type": "minecraft:uniform",
                                "min": 1,
                                "max": 3
                            },
                            "add": false
                        }
                    ]
                },
                {
                    "type": "minecraft:item",
                    "name": "minecraft:book",
                    "functions": [
                        {
                            "function": "minecraft:enchant_randomly",
                            "options": "#minecraft:on_random_loot"
                        }
                    ]
                }
            ]
        },
        {
            "rolls": {
                "type": "minecraft:uniform",
                "min": 0,
                "max": 1
            },
            "bonus_rolls": 0,
            "entries": [
                {
                    "type": "minecraft:item",
                    "name": "minecraft:goat_horn"
                }
            ],
            "functions": [
                {
                    "function": "minecraft:set_instrument",
                    "options": "#minecraft:regular_goat_horns"
                }
            ]
        },
        {
            "rolls": 1,
            "bonus_rolls": 0,
            "entries": [
                {
                    "type": "minecraft:item",
                    "name": "minecraft:dune_armor_trim_smithing_template",
                    "functions": [
                        {
                            "function": "minecraft:set_count",
                            "count": 2
                        }
                    ]
                },
                {
                    "type": "minecraft:empty",
                    "weight": 12
                },
                {
                    "type": "minecraft:item",
                    "name": "minecraft:sentry_armor_trim_smithing_template",
                    "functions": [
                        {
                            "function": "minecraft:set_count",
                            "count": 2,
                            "add": false
                        }
                    ]
                }
            ]
        }
    ],
    "random_sequence": "minecraft:chests/pillager_outpost"
}