{
  "parent": "tooltrims:adventure/shiny_tools",
  "criteria": {
    "crafted_linear_amethyst": { "trigger": "minecraft:inventory_changed", "conditions": { "items": [ { "nbt": "{CustomModelData:311001}" } ] } },
    "crafted_linear_copper": { "trigger": "minecraft:inventory_changed", "conditions": { "items": [ { "nbt": "{CustomModelData:311002}" } ] } },
    "crafted_linear_diamond": { "trigger": "minecraft:inventory_changed", "conditions": { "items": [ { "nbt": "{CustomModelData:311003}" } ] } },
    "crafted_linear_emerald": { "trigger": "minecraft:inventory_changed", "conditions": { "items": [ { "nbt": "{CustomModelData:311004}" } ] } },
    "crafted_linear_gold": { "trigger": "minecraft:inventory_changed", "conditions": { "items": [ { "nbt": "{CustomModelData:311005}" } ] } },
    "crafted_linear_iron": { "trigger": "minecraft:inventory_changed", "conditions": { "items": [ { "nbt": "{CustomModelData:311006}" } ] } },
    "crafted_linear_lapis": { "trigger": "minecraft:inventory_changed", "conditions": { "items": [ { "nbt": "{CustomModelData:311007}" } ] } },
    "crafted_linear_netherite": { "trigger": "minecraft:inventory_changed", "conditions": { "items": [ { "nbt": "{CustomModelData:311008}" } ] } },
    "crafted_linear_quartz": { "trigger": "minecraft:inventory_changed", "conditions": { "items": [ { "nbt": "{CustomModelData:311009}" } ] } },
    "crafted_linear_redstone": { "trigger": "minecraft:inventory_changed", "conditions": { "items": [ { "nbt": "{CustomModelData:311010}" } ] } },
    "crafted_tracks_amethyst": { "trigger": "minecraft:inventory_changed", "conditions": { "items": [ { "nbt": "{CustomModelData:311011}" } ] } },
    "crafted_tracks_copper": { "trigger": "minecraft:inventory_changed", "conditions": { "items": [ { "nbt": "{CustomModelData:311012}" } ] } },
    "crafted_tracks_diamond": { "trigger": "minecraft:inventory_changed", "conditions": { "items": [ { "nbt": "{CustomModelData:311013}" } ] } },
    "crafted_tracks_emerald": { "trigger": "minecraft:inventory_changed", "conditions": { "items": [ { "nbt": "{CustomModelData:311014}" } ] } },
    "crafted_tracks_gold": { "trigger": "minecraft:inventory_changed", "conditions": { "items": [ { "nbt": "{CustomModelData:311015}" } ] } },
    "crafted_tracks_iron": { "trigger": "minecraft:inventory_changed", "conditions": { "items": [ { "nbt": "{CustomModelData:311016}" } ] } },
    "crafted_tracks_lapis": { "trigger": "minecraft:inventory_changed", "conditions": { "items": [ { "nbt": "{CustomModelData:311017}" } ] } },
    "crafted_tracks_netherite": { "trigger": "minecraft:inventory_changed", "conditions": { "items": [ { "nbt": "{CustomModelData:311018}" } ] } },
    "crafted_tracks_quartz": { "trigger": "minecraft:inventory_changed", "conditions": { "items": [ { "nbt": "{CustomModelData:311019}" } ] } },
    "crafted_tracks_redstone": { "trigger": "minecraft:inventory_changed", "conditions": { "items": [ { "nbt": "{CustomModelData:311020}" } ] } },
    "crafted_charge_amethyst": { "trigger": "minecraft:inventory_changed", "conditions": { "items": [ { "nbt": "{CustomModelData:311021}" } ] } },
    "crafted_charge_copper": { "trigger": "minecraft:inventory_changed", "conditions": { "items": [ { "nbt": "{CustomModelData:311022}" } ] } },
    "crafted_charge_diamond": { "trigger": "minecraft:inventory_changed", "conditions": { "items": [ { "nbt": "{CustomModelData:311023}" } ] } },
    "crafted_charge_emerald": { "trigger": "minecraft:inventory_changed", "conditions": { "items": [ { "nbt": "{CustomModelData:311024}" } ] } },
    "crafted_charge_gold": { "trigger": "minecraft:inventory_changed", "conditions": { "items": [ { "nbt": "{CustomModelData:311025}" } ] } },
    "crafted_charge_iron": { "trigger": "minecraft:inventory_changed", "conditions": { "items": [ { "nbt": "{CustomModelData:311026}" } ] } },
    "crafted_charge_lapis": { "trigger": "minecraft:inventory_changed", "conditions": { "items": [ { "nbt": "{CustomModelData:311027}" } ] } },
    "crafted_charge_netherite": { "trigger": "minecraft:inventory_changed", "conditions": { "items": [ { "nbt": "{CustomModelData:311028}" } ] } },
    "crafted_charge_quartz": { "trigger": "minecraft:inventory_changed", "conditions": { "items": [ { "nbt": "{CustomModelData:311029}" } ] } },
    "crafted_charge_redstone": { "trigger": "minecraft:inventory_changed", "conditions": { "items": [ { "nbt": "{CustomModelData:311030}" } ] } },
    "crafted_frost_amethyst": { "trigger": "minecraft:inventory_changed", "conditions": { "items": [ { "nbt": "{CustomModelData:311031}" } ] } },
    "crafted_frost_copper": { "trigger": "minecraft:inventory_changed", "conditions": { "items": [ { "nbt": "{CustomModelData:311032}" } ] } },
    "crafted_frost_diamond": { "trigger": "minecraft:inventory_changed", "conditions": { "items": [ { "nbt": "{CustomModelData:311033}" } ] } },
    "crafted_frost_emerald": { "trigger": "minecraft:inventory_changed", "conditions": { "items": [ { "nbt": "{CustomModelData:311034}" } ] } },
    "crafted_frost_gold": { "trigger": "minecraft:inventory_changed", "conditions": { "items": [ { "nbt": "{CustomModelData:311035}" } ] } },
    "crafted_frost_iron": { "trigger": "minecraft:inventory_changed", "conditions": { "items": [ { "nbt": "{CustomModelData:311036}" } ] } },
    "crafted_frost_lapis": { "trigger": "minecraft:inventory_changed", "conditions": { "items": [ { "nbt": "{CustomModelData:311037}" } ] } },
    "crafted_frost_netherite": { "trigger": "minecraft:inventory_changed", "conditions": { "items": [ { "nbt": "{CustomModelData:311038}" } ] } },
    "crafted_frost_quartz": { "trigger": "minecraft:inventory_changed", "conditions": { "items": [ { "nbt": "{CustomModelData:311039}" } ] } },
    "crafted_frost_redstone": { "trigger": "minecraft:inventory_changed", "conditions": { "items": [ { "nbt": "{CustomModelData:311040}" } ] } }
  },
  "display": {
    "announce_to_chat": true,
    "title": {
      "translate": "advancements.adventure.tools_of_all_styles.title"
    },
    "description": {
      "translate": "advancements.adventure.tools_of_all_styles.description"
    },
    "frame": "challenge",
    "hidden": false,
    "icon": {
      "item": "minecraft:structure_block",
      "nbt": "{CustomModelData:313001}"
    },
    "show_toast": true
  },
  "requirements": [
    [
      "crafted_linear_amethyst",
      "crafted_linear_copper",
      "crafted_linear_diamond",
      "crafted_linear_emerald",
      "crafted_linear_gold",
      "crafted_linear_iron",
      "crafted_linear_lapis",
      "crafted_linear_netherite",
      "crafted_linear_quartz",
      "crafted_linear_redstone"
    ],
    [
      "crafted_tracks_amethyst",
      "crafted_tracks_copper",
      "crafted_tracks_diamond",
      "crafted_tracks_emerald",
      "crafted_tracks_gold",
      "crafted_tracks_iron",
      "crafted_tracks_lapis",
      "crafted_tracks_netherite",
      "crafted_tracks_quartz",
      "crafted_tracks_redstone"
    ],
    [
      "crafted_charge_amethyst",
      "crafted_charge_copper",
      "crafted_charge_diamond",
      "crafted_charge_emerald",
      "crafted_charge_gold",
      "crafted_charge_iron",
      "crafted_charge_lapis",
      "crafted_charge_netherite",
      "crafted_charge_quartz",
      "crafted_charge_redstone"
    ],
    [
      "crafted_frost_amethyst",
      "crafted_frost_copper",
      "crafted_frost_diamond",
      "crafted_frost_emerald",
      "crafted_frost_gold",
      "crafted_frost_iron",
      "crafted_frost_lapis",
      "crafted_frost_netherite",
      "crafted_frost_quartz",
      "crafted_frost_redstone"
    ]
  ]
}