{
    "pools": [
        {
            "rolls": 3,
            "entries": [
                {
                    "type": "minecraft:item",
                    "name": "minecraft:green_stained_glass",
                    "weight": 5,
                    "functions": [
                        {
                            "function": "minecraft:set_count",
                            "count": {
                                "min": 6,
                                "max": 10
                            }
                        }
                    ]
                },
                {
                    "type": "minecraft:item",
                    "name": "lime_stained_glass",
                    "weight": 3,
                    "functions": [
                        {
                            "function": "minecraft:set_count",
                            "count": {
                                "min": 5,
                                "max": 10
                            }
                        }
                    ]
                },
                {
                    "type": "minecraft:item",
                    "name": "yellow_stained_glass",
                    "weight": 1,
                    "functions": [
                        {
                            "function": "minecraft:set_count",
                            "count": {
                                "min": 6,
                                "max": 10
                            }
                        }
                    ]
                }
            ]
        },
        {
            "rolls": 2,
            "entries": [
                {
                    "type": "minecraft:item",
                    "name": "lava_bucket",
                    "weight": 1
                },
                {
                    "type": "minecraft:item",
                    "name": "iron_chain",
                    "weight": 3,
                    "functions": [
                        {
                            "function": "minecraft:set_count",
                            "count": {
                                "min": 5,
                                "max": 10
                            }
                        }
                    ]
                },
                {
                    "type": "minecraft:item",
                    "name": "slime_ball",
                    "weight": 5,
                    "functions": [
                        {
                            "function": "minecraft:set_count",
                            "count": {
                                "min": 1,
                                "max": 4
                            }
                        }
                    ]
                },
                {
                    "type": "minecraft:item",
                    "name": "slime_block",
                    "weight": 1,
                    "functions": [
                        {
                            "function": "minecraft:set_count",
                            "count": {
                                "min": 1,
                                "max": 1
                            }
                        }
                    ]
                },
                {
                    "type": "minecraft:item",
                    "name": "obsidian",
                    "weight": 2,
                    "functions": [
                        {
                            "function": "minecraft:set_count",
                            "count": {
                                "min": 1,
                                "max": 1
                            }
                        }
                    ]
                }
            ]
        },
        {
            "rolls": 2,
            "entries": [
                {
                    "type": "minecraft:item",
                    "name": "basalt",
                    "weight": 5,
                    "functions": [
                        {
                            "function": "minecraft:set_count",
                            "count": {
                                "min": 5,
                                "max": 10
                            }
                        }
                    ],
                    "conditions": [
                        {
                            "condition": "minecraft:random_chance",
                            "chance": 0.5
                        },
                        {
                            "condition": "minecraft:entity_properties",
                            "entity": "this",
                            "predicate": {
                                "location": {
                                    "biomes": "minecraft:basalt_deltas"
                                }
                            }
                        }
                    ]
                },
                {
                    "type": "minecraft:item",
                    "name": "polished_basalt",
                    "weight": 5,
                    "functions": [
                        {
                            "function": "minecraft:set_count",
                            "count": {
                                "min": 5,
                                "max": 10
                            }
                        }
                    ],
                    "conditions": [
                        {
                            "condition": "minecraft:random_chance",
                            "chance": 0.5
                        },
                        {
                            "condition": "minecraft:entity_properties",
                            "entity": "this",
                            "predicate": {
                                "location": {
                                    "biomes": "minecraft:basalt_deltas"
                                }
                            }
                        }
                    ]
                },
                {
                    "type": "minecraft:item",
                    "name": "blackstone",
                    "weight": 5,
                    "functions": [
                        {
                            "function": "minecraft:set_count",
                            "count": {
                                "min": 10,
                                "max": 20
                            }
                        }
                    ],
                    "conditions": [
                        {
                            "condition": "minecraft:random_chance",
                            "chance": 0.5
                        }
                    ]
                }
            ]
        }
    ]
}