{
	"feature": "terralith:enchanted/shrooms_brown",
	"placement": [
		{
			"type": "minecraft:rarity_filter",
			"chance": 12
		},
		{
			"type": "minecraft:in_square"
		},
		{
			"type": "minecraft:heightmap",
			"heightmap": "WORLD_SURFACE"
		},
		{
			"type": "minecraft:block_predicate_filter",
			"predicate": {
				"type": "minecraft:matching_blocks",
				"offset": [
					0,
					-1,
					0
				],
				"blocks": [
					"minecraft:grass_block"
				]
			}
		},
		{
			"type": "minecraft:biome"
		}
	]
}
