{
	"display": {
		"icon": {
			"id": "minecraft:cake"
		},
		"title": {"translate":"Happy Birthday!"},
		"description": {"color":"green","translate":"Place a candle on a cake"},
		"announce_to_chat": true
	},
	"parent": "blazeandcave:building/setting_up_the_mood",
	"rewards": {
		"function": "bc_rewards:building/happy_birthday"
	},		
	"criteria": {
		"candle_cake": {
			"trigger": "minecraft:item_used_on_block",
			"conditions": {
				"location": [
					{
						"condition": "minecraft:location_check",
						"predicate": {
							"block": {
								"blocks": "#minecraft:candle_cakes"
							}
						}
					},
					{
						"condition": "minecraft:match_tool",
						"predicate": {
							"items": "#minecraft:candles"
						}
					}
				]
			}
		}
	}	
}