{
	"display": {
		"icon": {
			"id": "minecraft:sand"
		},
		"title": {"translate":"I don't like sand"},
		"description": {"color":"green","translate":"It's coarse, and rough, and irritating, and it gets everywhere"},
		"announce_to_chat": true
	},
	"parent": "blazeandcave:building/root",
	"rewards": {
		"function": "bc_rewards:building/i_dont_like_sand"
	},		
	"criteria": {
		"sand": {
			"trigger": "minecraft:inventory_changed",
			"conditions": {
				"items": [
					{
						"items": [
							"minecraft:sand",
							"minecraft:red_sand"
						]
					}
				]
			}
		}
	}
}