{
	"display": {
		"icon": {
			"id": "minecraft:birch_log"
		},
		"title": {"translate":"Master Logger"},
		"description": {"color":"dark_purple","translate":"Cut down a full stack of logs and stems of all types"},
		"announce_to_chat": true,
		"frame": "challenge"
	},
	"parent": "blazeandcave:building/stripper",
	"rewards": {
		"function": "bc_rewards:building/master_logger"
	},		
	"criteria": {
		"oak_log": {
			"trigger": "minecraft:inventory_changed",
			"conditions": {
				"items": [
					{
						"items": [
							"minecraft:oak_log"
						],
						"count": 64
					}
				]
			}
		},
		"spruce_log": {
			"trigger": "minecraft:inventory_changed",
			"conditions": {
				"items": [
					{
						"items": [
							"minecraft:spruce_log"
						],
						"count": 64
					}
				]
			}
		},
		"birch_log": {
			"trigger": "minecraft:inventory_changed",
			"conditions": {
				"items": [
					{
						"items": [
							"minecraft:birch_log"
						],
						"count": 64
					}
				]
			}
		},
		"jungle_log": {
			"trigger": "minecraft:inventory_changed",
			"conditions": {
				"items": [
					{
						"items": [
							"minecraft:jungle_log"
						],
						"count": 64
					}
				]
			}
		},
		"acacia_log": {
			"trigger": "minecraft:inventory_changed",
			"conditions": {
				"items": [
					{
						"items": [
							"minecraft:acacia_log"
						],
						"count": 64
					}
				]
			}
		},
		"dark_oak_log": {
			"trigger": "minecraft:inventory_changed",
			"conditions": {
				"items": [
					{
						"items": [
							"minecraft:dark_oak_log"
						],
						"count": 64
					}
				]
			}
		},
		"mangrove_log": {
			"trigger": "minecraft:inventory_changed",
			"conditions": {
				"items": [
					{
						"items": [
							"minecraft:mangrove_log"
						],
						"count": 64
					}
				]
			}
		},
		"bamboo_block": {
			"trigger": "minecraft:inventory_changed",
			"conditions": {
				"items": [
					{
						"items": [
							"minecraft:bamboo_block"
						],
						"count": 64
					}
				]
			}
		},
		"cherry_log": {
			"trigger": "minecraft:inventory_changed",
			"conditions": {
				"items": [
					{
						"items": [
							"minecraft:cherry_log"
						],
						"count": 64
					}
				]
			}
		},
		"crimson_stem": {
			"trigger": "minecraft:inventory_changed",
			"conditions": {
				"items": [
					{
						"items": [
							"minecraft:crimson_stem"
						],
						"count": 64
					}
				]
			}
		},
		"warped_stem": {
			"trigger": "minecraft:inventory_changed",
			"conditions": {
				"items": [
					{
						"items": [
							"minecraft:warped_stem"
						],
						"count": 64
					}
				]
			}
		}
	}		
}