{
	"display": {
		"icon": {
			"id": "minecraft:smooth_stone_slab"
		},
		"title": {"translate":"Slabs For Days"},
		"description": {"color":"#75E1FF","translate":"Craft every type of slab"},
		"announce_to_chat": true,
		"frame": "goal"
	},
	"parent": "blazeandcave:building/stairs_no",
	"rewards": {
		"function": "bc_rewards:building/slabs_for_days"
	},		
	"criteria": {
		"stone_slab": {
			"trigger": "minecraft:inventory_changed",
			"conditions": {
				"items": [
					{
						"items": [
							"minecraft:stone_slab"
						]
					}
				]
			}
		},
		"sandstone_slab": {
			"trigger": "minecraft:inventory_changed",
			"conditions": {
				"items": [
					{
						"items": [
							"minecraft:sandstone_slab"
						]
					}
				]
			}
		},
		"cobblestone_slab": {
			"trigger": "minecraft:inventory_changed",
			"conditions": {
				"items": [
					{
						"items": [
							"minecraft:cobblestone_slab"
						]
					}
				]
			}
		},
		"brick_slab": {
			"trigger": "minecraft:inventory_changed",
			"conditions": {
				"items": [
					{
						"items": [
							"minecraft:brick_slab"
						]
					}
				]
			}
		},
		"stone_brick_slab": {
			"trigger": "minecraft:inventory_changed",
			"conditions": {
				"items": [
					{
						"items": [
							"minecraft:stone_brick_slab"
						]
					}
				]
			}
		},
		"nether_brick_slab": {
			"trigger": "minecraft:inventory_changed",
			"conditions": {
				"items": [
					{
						"items": [
							"minecraft:nether_brick_slab"
						]
					}
				]
			}
		},
		"quartz_slab": {
			"trigger": "minecraft:inventory_changed",
			"conditions": {
				"items": [
					{
						"items": [
							"minecraft:quartz_slab"
						]
					}
				]
			}
		},
		"oak_slab": {
			"trigger": "minecraft:inventory_changed",
			"conditions": {
				"items": [
					{
						"items": [
							"minecraft:oak_slab"
						]
					}
				]
			}
		},
		"spruce_slab": {
			"trigger": "minecraft:inventory_changed",
			"conditions": {
				"items": [
					{
						"items": [
							"minecraft:spruce_slab"
						]
					}
				]
			}
		},
		"birch_slab": {
			"trigger": "minecraft:inventory_changed",
			"conditions": {
				"items": [
					{
						"items": [
							"minecraft:birch_slab"
						]
					}
				]
			}
		},
		"jungle_slab": {
			"trigger": "minecraft:inventory_changed",
			"conditions": {
				"items": [
					{
						"items": [
							"minecraft:jungle_slab"
						]
					}
				]
			}
		},
		"acacia_slab": {
			"trigger": "minecraft:inventory_changed",
			"conditions": {
				"items": [
					{
						"items": [
							"minecraft:acacia_slab"
						]
					}
				]
			}
		},
		"dark_oak_slab": {
			"trigger": "minecraft:inventory_changed",
			"conditions": {
				"items": [
					{
						"items": [
							"minecraft:dark_oak_slab"
						]
					}
				]
			}
		},
		"red_sandstone_slab": {
			"trigger": "minecraft:inventory_changed",
			"conditions": {
				"items": [
					{
						"items": [
							"minecraft:red_sandstone_slab"
						]
					}
				]
			}
		},
		"purpur_slab": {
			"trigger": "minecraft:inventory_changed",
			"conditions": {
				"items": [
					{
						"items": [
							"minecraft:purpur_slab"
						]
					}
				]
			}
		},
		"prismarine_slab": {
			"trigger": "minecraft:inventory_changed",
			"conditions": {
				"items": [
					{
						"items": [
							"minecraft:prismarine_slab"
						]
					}
				]
			}
		},
		"prismarine_bricks_slab": {
			"trigger": "minecraft:inventory_changed",
			"conditions": {
				"items": [
					{
						"items": [
							"minecraft:prismarine_brick_slab"
						]
					}
				]
			}
		},
		"dark_prismarine_slab": {
			"trigger": "minecraft:inventory_changed",
			"conditions": {
				"items": [
					{
						"items": [
							"minecraft:dark_prismarine_slab"
						]
					}
				]
			}
		},
		"smooth_stone_slab": {
			"trigger": "minecraft:inventory_changed",
			"conditions": {
				"items": [
					{
						"items": [
							"minecraft:smooth_stone_slab"
						]
					}
				]
			}
		},
		"polished_granite_slab": {
			"trigger": "minecraft:inventory_changed",
			"conditions": {
				"items": [
					{
						"items": [
							"minecraft:polished_granite_slab"
						]
					}
				]
			}
		},
		"smooth_red_sandstone_slab": {
			"trigger": "minecraft:inventory_changed",
			"conditions": {
				"items": [
					{
						"items": [
							"minecraft:smooth_red_sandstone_slab"
						]
					}
				]
			}
		},
		"mossy_stone_brick_slab": {
			"trigger": "minecraft:inventory_changed",
			"conditions": {
				"items": [
					{
						"items": [
							"minecraft:mossy_stone_brick_slab"
						]
					}
				]
			}
		},
		"polished_diorite_slab": {
			"trigger": "minecraft:inventory_changed",
			"conditions": {
				"items": [
					{
						"items": [
							"minecraft:polished_diorite_slab"
						]
					}
				]
			}
		},
		"mossy_cobblestone_slab": {
			"trigger": "minecraft:inventory_changed",
			"conditions": {
				"items": [
					{
						"items": [
							"minecraft:mossy_cobblestone_slab"
						]
					}
				]
			}
		},
		"end_stone_brick_slab": {
			"trigger": "minecraft:inventory_changed",
			"conditions": {
				"items": [
					{
						"items": [
							"minecraft:end_stone_brick_slab"
						]
					}
				]
			}
		},
		"smooth_sandstone_slab": {
			"trigger": "minecraft:inventory_changed",
			"conditions": {
				"items": [
					{
						"items": [
							"minecraft:smooth_sandstone_slab"
						]
					}
				]
			}
		},
		"smooth_quartz_slab": {
			"trigger": "minecraft:inventory_changed",
			"conditions": {
				"items": [
					{
						"items": [
							"minecraft:smooth_quartz_slab"
						]
					}
				]
			}
		},
		"granite_slab": {
			"trigger": "minecraft:inventory_changed",
			"conditions": {
				"items": [
					{
						"items": [
							"minecraft:granite_slab"
						]
					}
				]
			}
		},
		"andesite_slab": {
			"trigger": "minecraft:inventory_changed",
			"conditions": {
				"items": [
					{
						"items": [
							"minecraft:andesite_slab"
						]
					}
				]
			}
		},
		"red_nether_brick_slab": {
			"trigger": "minecraft:inventory_changed",
			"conditions": {
				"items": [
					{
						"items": [
							"minecraft:red_nether_brick_slab"
						]
					}
				]
			}
		},
		"polished_andesite_slab": {
			"trigger": "minecraft:inventory_changed",
			"conditions": {
				"items": [
					{
						"items": [
							"minecraft:polished_andesite_slab"
						]
					}
				]
			}
		},
		"diorite_slab": {
			"trigger": "minecraft:inventory_changed",
			"conditions": {
				"items": [
					{
						"items": [
							"minecraft:diorite_slab"
						]
					}
				]
			}
		},
		"cut_sandstone_slab": {
			"trigger": "minecraft:inventory_changed",
			"conditions": {
				"items": [
					{
						"items": [
							"minecraft:cut_sandstone_slab"
						]
					}
				]
			}
		},
		"cut_red_sandstone_slab": {
			"trigger": "minecraft:inventory_changed",
			"conditions": {
				"items": [
					{
						"items": [
							"minecraft:cut_red_sandstone_slab"
						]
					}
				]
			}
		},
		"crimson_slab": {
			"trigger": "minecraft:inventory_changed",
			"conditions": {
				"items": [
					{
						"items": [
							"minecraft:crimson_slab"
						]
					}
				]
			}
		},
		"warped_slab": {
			"trigger": "minecraft:inventory_changed",
			"conditions": {
				"items": [
					{
						"items": [
							"minecraft:warped_slab"
						]
					}
				]
			}
		},
		"blackstone_slab": {
			"trigger": "minecraft:inventory_changed",
			"conditions": {
				"items": [
					{
						"items": [
							"minecraft:blackstone_slab"
						]
					}
				]
			}
		},
		"polished_blackstone_slab": {
			"trigger": "minecraft:inventory_changed",
			"conditions": {
				"items": [
					{
						"items": [
							"minecraft:polished_blackstone_slab"
						]
					}
				]
			}
		},
		"polished_blackstone_brick_slab": {
			"trigger": "minecraft:inventory_changed",
			"conditions": {
				"items": [
					{
						"items": [
							"minecraft:polished_blackstone_brick_slab"
						]
					}
				]
			}
		},
		"cut_copper_slab": {
			"trigger": "minecraft:inventory_changed",
			"conditions": {
				"items": [
					{
						"items": [
							"minecraft:cut_copper_slab"
						]
					}
				]
			}
		},
		"exposed_cut_copper_slab": {
			"trigger": "minecraft:inventory_changed",
			"conditions": {
				"items": [
					{
						"items": [
							"minecraft:exposed_cut_copper_slab"
						]
					}
				]
			}
		},
		"weathered_cut_copper_slab": {
			"trigger": "minecraft:inventory_changed",
			"conditions": {
				"items": [
					{
						"items": [
							"minecraft:weathered_cut_copper_slab"
						]
					}
				]
			}
		},
		"oxidized_cut_copper_slab": {
			"trigger": "minecraft:inventory_changed",
			"conditions": {
				"items": [
					{
						"items": [
							"minecraft:oxidized_cut_copper_slab"
						]
					}
				]
			}
		},
		"waxed_cut_copper_slab": {
			"trigger": "minecraft:inventory_changed",
			"conditions": {
				"items": [
					{
						"items": [
							"minecraft:waxed_cut_copper_slab"
						]
					}
				]
			}
		},
		"waxed_exposed_cut_copper_slab": {
			"trigger": "minecraft:inventory_changed",
			"conditions": {
				"items": [
					{
						"items": [
							"minecraft:waxed_exposed_cut_copper_slab"
						]
					}
				]
			}
		},
		"waxed_weathered_cut_copper_slab": {
			"trigger": "minecraft:inventory_changed",
			"conditions": {
				"items": [
					{
						"items": [
							"minecraft:waxed_weathered_cut_copper_slab"
						]
					}
				]
			}
		},
		"waxed_oxidized_cut_copper_slab": {
			"trigger": "minecraft:inventory_changed",
			"conditions": {
				"items": [
					{
						"items": [
							"minecraft:waxed_oxidized_cut_copper_slab"
						]
					}
				]
			}
		},
		"cobbled_deepslate_slab": {
			"trigger": "minecraft:inventory_changed",
			"conditions": {
				"items": [
					{
						"items": [
							"minecraft:cobbled_deepslate_slab"
						]
					}
				]
			}
		},
		"polished_deepslate_slab": {
			"trigger": "minecraft:inventory_changed",
			"conditions": {
				"items": [
					{
						"items": [
							"minecraft:polished_deepslate_slab"
						]
					}
				]
			}
		},
		"deepslate_brick_slab": {
			"trigger": "minecraft:inventory_changed",
			"conditions": {
				"items": [
					{
						"items": [
							"minecraft:deepslate_brick_slab"
						]
					}
				]
			}
		},
		"deepslate_tile_slab": {
			"trigger": "minecraft:inventory_changed",
			"conditions": {
				"items": [
					{
						"items": [
							"minecraft:deepslate_tile_slab"
						]
					}
				]
			}
		},
		"mangrove_slab": {
			"trigger": "minecraft:inventory_changed",
			"conditions": {
				"items": [
					{
						"items": [
							"minecraft:mangrove_slab"
						]
					}
				]
			}
		},
		"mud_brick_slab": {
			"trigger": "minecraft:inventory_changed",
			"conditions": {
				"items": [
					{
						"items": [
							"minecraft:mud_brick_slab"
						]
					}
				]
			}
		},
		"bamboo_slab": {
			"trigger": "minecraft:inventory_changed",
			"conditions": {
				"items": [
					{
						"items": [
							"minecraft:bamboo_slab"
						]
					}
				]
			}
		},
		"bamboo_mosaic_slab": {
			"trigger": "minecraft:inventory_changed",
			"conditions": {
				"items": [
					{
						"items": [
							"minecraft:bamboo_mosaic_slab"
						]
					}
				]
			}
		},
		"cherry_slab": {
			"trigger": "minecraft:inventory_changed",
			"conditions": {
				"items": [
					{
						"items": [
							"minecraft:cherry_slab"
						]
					}
				]
			}
		}
	}		
}