{
    "pools": [
        {
            "rolls": 1,
            "entries": [
                {
                    "type": "minecraft:item",
                    "name": "minecraft:iron_shovel",
                    "functions": [
                        {
                            "function": "minecraft:enchant_with_levels",
                            "levels": {
                                "min": 10,
                                "max": 25
                            },
                            "options": "#minecraft:on_random_loot"
                        }
                    ]
                },
                {
                    "type": "minecraft:item",
                    "name": "minecraft:iron_sword",
                    "functions": [
                        {
                            "function": "minecraft:enchant_with_levels",
                            "levels": {
                                "min": 10,
                                "max": 25
                            },
                            "options": "#minecraft:on_random_loot"
                        }
                    ]
                },
                {
                    "type": "minecraft:item",
                    "name": "minecraft:iron_hoe",
                    "functions": [
                        {
                            "function": "minecraft:enchant_with_levels",
                            "levels": {
                                "min": 10,
                                "max": 25
                            },
                            "options": "#minecraft:on_random_loot"
                        }
                    ]
                },
                {
                    "type": "minecraft:item",
                    "name": "minecraft:iron_pickaxe",
                    "functions": [
                        {
                            "function": "minecraft:enchant_with_levels",
                            "levels": {
                                "min": 10,
                                "max": 25
                            },
                            "options": "#minecraft:on_random_loot"
                        }
                    ]
                },
                {
                    "type": "minecraft:item",
                    "weight": 2,
                    "name": "minecraft:vex_armor_trim_smithing_template",
                    "functions": [
                        {
                            "function": "minecraft:set_count",
                            "count": {
                                "min": 1,
                                "max": 2
                            }
                        }
                    ]
                },
                {
                    "type": "minecraft:item",
                    "weight": 6,
                    "name": "minecraft:air"
                }
            ]
        },
        {
            "rolls": 1,
            "entries": [
                {
                    "type": "minecraft:item",
                    "weight": 1,
                    "name": "minecraft:music_disc_far"
                },
                {
                    "type": "minecraft:item",
                    "weight": 1,
                    "name": "minecraft:music_disc_mellohi"
                },
                {
                    "type": "minecraft:item",
                    "weight": 10,
                    "name": "minecraft:air"
                }
            ]
        },
        {
            "rolls": {
                "min": 7,
                "max": 14
            },
            "entries": [
                {
                    "type": "minecraft:item",
                    "weight": 1,
                    "name": "minecraft:book"
                },
                {
                    "type": "minecraft:item",
                    "weight": 1,
                    "name": "minecraft:iron_ingot"
                },
                {
                    "type": "minecraft:item",
                    "weight": 1,
                    "name": "minecraft:gold_ingot"
                },
                {
                    "type": "minecraft:item",
                    "weight": 1,
                    "name": "minecraft:emerald"
                }
            ]
        },
        {
            "rolls": {
                "min": 0,
                "max": 6
            },
            "entries": [
                {
                    "type": "minecraft:item",
                    "weight": 4,
                    "name": "minecraft:pumpkin_seeds"
                },
                {
                    "type": "minecraft:item",
                    "weight": 4,
                    "name": "minecraft:wheat_seeds",
                    "functions": [
                        {
                            "function": "minecraft:set_count",
                            "count": 4
                        }
                    ]
                },
                {
                    "type": "minecraft:item",
                    "weight": 10,
                    "name": "minecraft:bread"
                },
                {
                    "type": "minecraft:item",
                    "weight": 1,
                    "name": "minecraft:jack_o_lantern"
                },
                {
                    "type": "minecraft:item",
                    "weight": 4,
                    "name": "minecraft:pumpkin"
                },
                {
                    "type": "minecraft:item",
                    "weight": 5,
                    "name": "minecraft:spider_eye"
                },
                {
                    "type": "minecraft:item",
                    "weight": 10,
                    "name": "minecraft:cobweb"
                }
            ]
        },
        {
            "rolls": {
                "min": 2,
                "max": 8
            },
            "entries": [
                {
                    "type": "minecraft:item",
                    "weight": 1,
                    "name": "minecraft:bone"
                },
                {
                    "type": "minecraft:item",
                    "weight": 2,
                    "name": "minecraft:dark_oak_log"
                },
                {
                    "type": "minecraft:item",
                    "weight": 2,
                    "name": "minecraft:string"
                }
            ]
        }
    ]
}