{
  "type": "minecraft:block",
  "pools": [
    {
      "bonus_rolls": 0.0,
      "conditions": [
        {
          "condition": "minecraft:survives_explosion"
        }
      ],
      "entries": [
        {
          "type": "minecraft:item",
          "name": "minecraft:rabbit_spawn_egg",
          "functions": [
              {
                "function": "minecraft:set_nbt",
                "tag": "{CustomModelData:314001, display:{Name:'{\"translate\": \"block.toolsmithing_table.name\", \"italic\": false}'}, EntityTag:{id:\"minecraft:armor_stand\", Rotation:[0.0f,0.0f], Invulnerable:1b, Invisible:1b, NoGravity:1b, Silent:1b, Marker:1b, Tags:[\"310_place_toolsmithing_table\"]}}"
              }
            ]
        }
      ],
      "rolls": 1.0
    }
  ]
}