{
  "criteria": {
    "entity_dmg_player_with_tool": {
      "trigger": "minecraft:entity_hurt_player",
      "conditions": {
        "damage": {
          "blocked": false,
          "taken": {
            "min": 3
          },
          "source_entity": {
            "equipment": {
              "mainhand": {
                "items": "#fkgm:cut_tools"
              }
            }
          },
          "type": {
            "tags": [
              {
                "id": "minecraft:is_drowning",
                "expected": false
              },
              {
                "id": "minecraft:is_fall",
                "expected": false
              }
            ]
          }
        }
      }
    }
  },
  "rewards": {
    "function": "fkgm:systems/bleeding/cuts/adv"
  }
}