{
  "pools": [
    {
      "rolls": {
        "min": 5,
        "max": 10
      },
      "entries": [
        {
          "type": "item",
          "name": "minecraft:tipped_arrow",
          "weight": 10,
          "quality": 5,
          "functions": [
            {
              "function": "minecraft:set_components",
              "components": {
                "minecraft:potion_contents": {
                  "custom_color": 1625851
                }
              }
            },
            {
              "function": "minecraft:set_name",
              "name": {
                "text": "Anti Gravity Arrow",
                "italic": false
              }
            }
          ]
        },
        {
          "type": "item",
          "name": "minecraft:stick",
          "weight": 2,
          "functions": [
            {
              "function": "set_count",
              "count": {
                "min": 1,
                "max": 40
              }
            }
          ]
        },
        {
          "type": "item",
          "name": "minecraft:emerald",
          "weight": 1,
          "functions": [
            {
              "function": "set_count",
              "count": {
                "min": 1,
                "max": 23
              }
            }
          ]
        },
        {
          "type": "item",
          "name": "minecraft:bow",
          "weight": 1,
          "quality": 3,
          "functions": [
            {
              "function": "enchant_with_levels",
              "levels": {
                "min": 23,
                "max": 30
              },
              "conditions": [
                {
                  "condition": "random_chance",
                  "chance": 0.8
                }
              ]
            }
          ]
        },
        {
          "type": "item",
          "name": "minecraft:string",
          "weight": 2,
          "functions": [
            {
              "function": "set_count",
              "count": {
                "min": 1,
                "max": 18
              }
            }
          ]
        },
        {
          "type": "item",
          "name": "minecraft:feather",
          "weight": 2,
          "functions": [
            {
              "function": "set_count",
              "count": {
                "min": 1,
                "max": 7
              }
            }
          ]
        },
        {
          "type": "item",
          "name": "minecraft:crossbow",
          "weight": 1,
          "functions": [
            {
              "function": "enchant_with_levels",
              "levels": {
                "min": 24,
                "max": 32
              },
              "conditions": [
                {
                  "condition": "random_chance",
                  "chance": 0.89
                }
              ]
            }
          ]
        },
        {
          "type": "item",
          "name": "minecraft:flint",
          "weight": 2,
          "functions": [
            {
              "function": "set_count",
              "count": {
                "min": 1,
                "max": 8
              }
            }
          ]
        }
      ]
    }
  ]
}