{
  "pools": [
    {
      "rolls": 1,
      "entries": [
        {
          "type": "minecraft:loot_table",
          "value": "heaven:chests/heaven_village/armorer"
        },
        {
          "type": "minecraft:loot_table",
          "value": "heaven:chests/heaven_village/butcher"
        },
        {
          "type": "minecraft:loot_table",
          "value": "heaven:chests/heaven_village/cartographer"
        },
        {
          "type": "minecraft:loot_table",
          "value": "heaven:chests/heaven_village/farm"
        },
        {
          "type": "minecraft:loot_table",
          "value": "heaven:chests/heaven_village/fletcher"
        },
        {
          "type": "minecraft:loot_table",
          "value": "heaven:chests/heaven_village/general"
        },
        {
          "type": "minecraft:loot_table",
          "value": "heaven:chests/heaven_village/librarian"
        },
        {
          "type": "minecraft:loot_table",
          "value": "heaven:chests/heaven_village/mason"
        },
        {
          "type": "minecraft:loot_table",
          "value": "heaven:chests/heaven_village/tannery"
        },
        {
          "type": "minecraft:loot_table",
          "value": "heaven:chests/heaven_village/weaponsmith"
        },
        {
          "type": "minecraft:loot_table",
          "value": "heaven:chests/heaven_village/toolsmith"
        }
      ]
    }
  ]
}