{
  "pools": [
    {
      "rolls": {
        "min": 4,
        "max": 10
      },
      "bonus_rolls": {
        "min": 0,
        "max": 9.7
      },
      "entries": [
        {
          "type": "item",
          "name": "minecraft:emerald",
          "weight": 4,
          "functions": [
            {
              "function": "set_count",
              "count": {
                "min": 1,
                "max": 23
              }
            }
          ]
        },
        {
          "type": "item",
          "name": "minecraft:iron_pickaxe",
          "weight": 2,
          "functions": [
            {
              "function": "enchant_with_levels",
              "levels": {
                "min": 12,
                "max": 32
              }
            }
          ]
        },
        {
          "type": "item",
          "name": "minecraft:iron_axe",
          "weight": 2,
          "functions": [
            {
              "function": "enchant_with_levels",
              "levels": {
                "min": 12,
                "max": 32
              }
            }
          ]
        },
        {
          "type": "item",
          "name": "minecraft:iron_shovel",
          "weight": 2,
          "functions": [
            {
              "function": "enchant_with_levels",
              "levels": {
                "min": 12,
                "max": 32
              }
            }
          ]
        },
        {
          "type": "item",
          "name": "minecraft:iron_hoe",
          "weight": 2,
          "functions": [
            {
              "function": "enchant_with_levels",
              "levels": {
                "min": 12,
                "max": 32
              }
            }
          ]
        },
        {
          "type": "item",
          "name": "minecraft:iron_ingot",
          "weight": 3,
          "functions": [
            {
              "function": "set_count",
              "count": {
                "min": 1,
                "max": 8
              }
            }
          ]
        },
        {
          "type": "item",
          "name": "minecraft:flint",
          "weight": 2,
          "functions": [
            {
              "function": "set_count",
              "count": {
                "min": 1,
                "max": 11
              }
            }
          ]
        },
        {
          "type": "item",
          "name": "minecraft:diamond",
          "weight": 1,
          "functions": [
            {
              "function": "set_count",
              "count": {
                "min": 1,
                "max": 4
              }
            }
          ]
        },
        {
          "type": "item",
          "name": "minecraft:netherite_scrap",
          "weight": 1,
          "functions": [
            {
              "function": "set_count",
              "count": {
                "min": 1,
                "max": 2
              }
            }
          ]
        },
        {
          "type": "item",
          "name": "minecraft:diamond_shovel",
          "weight": 1,
          "functions": [
            {
              "function": "enchant_with_levels",
              "levels": {
                "min": 12,
                "max": 32
              }
            }
          ]
        },
        {
          "type": "item",
          "name": "minecraft:diamond_pickaxe",
          "weight": 1,
          "functions": [
            {
              "function": "enchant_with_levels",
              "levels": {
                "min": 12,
                "max": 32
              }
            }
          ]
        },
        {
          "type": "item",
          "name": "minecraft:diamond_axe",
          "weight": 1,
          "functions": [
            {
              "function": "enchant_with_levels",
              "levels": {
                "min": 32,
                "max": 12
              }
            }
          ]
        },
        {
          "type": "item",
          "name": "minecraft:diamond_hoe",
          "weight": 1,
          "functions": [
            {
              "function": "enchant_with_levels",
              "levels": {
                "min": 24,
                "max": 47
              }
            }
          ]
        },
        {
          "type": "item",
          "name": "minecraft:netherite_axe",
          "weight": 1,
          "functions": [
            {
              "function": "enchant_with_levels",
              "levels": {
                "min": 1,
                "max": 50
              }
            }
          ]
        },
        {
          "type": "item",
          "name": "minecraft:netherite_pickaxe",
          "weight": 1,
          "functions": [
            {
              "function": "enchant_with_levels",
              "levels": {
                "min": 0,
                "max": 50
              }
            }
          ]
        },
        {
          "type": "item",
          "name": "minecraft:netherite_shovel",
          "weight": 1,
          "functions": [
            {
              "function": "enchant_with_levels",
              "levels": {
                "min": 0,
                "max": 50
              }
            }
          ]
        },
        {
          "type": "item",
          "name": "minecraft:netherite_hoe",
          "weight": 1,
          "functions": [
            {
              "function": "enchant_with_levels",
              "levels": {
                "min": 45,
                "max": 50
              }
            }
          ]
        }
      ]
    }
  ]
}