{
    "condition": "minecraft:any_of",
    "terms": [
        {
            "condition": "minecraft:reference",
            "name": "enchantmentplus:recipes/empty_slots/slot_1"
        },
        {
            "condition": "minecraft:reference",
            "name": "enchantmentplus:recipes/empty_slots/slot_2"
        },
        {
            "condition": "minecraft:reference",
            "name": "enchantmentplus:recipes/empty_slots/slot_3"
        },
        {
            "condition": "minecraft:reference",
            "name": "enchantmentplus:recipes/empty_slots/slot_10"
        },
        {
            "condition": "minecraft:reference",
            "name": "enchantmentplus:recipes/empty_slots/slot_12"
        },
        {
            "condition": "minecraft:reference",
            "name": "enchantmentplus:recipes/empty_slots/slot_19"
        },
        {
            "condition": "minecraft:reference",
            "name": "enchantmentplus:recipes/empty_slots/slot_20"
        },
        {
            "condition": "minecraft:reference",
            "name": "enchantmentplus:recipes/empty_slots/slot_21"
        }
    ]
}