{
	"display": {
		"icon": {
			"item": "minecraft:oak_wood"
		},
		"title": {"translate":"Barking Mad"},
		"description": {"color":"green","translate":"Craft a bark block"},
		"announce_to_chat": "true"
	},
	"parent": "blazeandcave:building/a_good_start",
	"rewards": {
		"function": "bc_rewards:building/barking_mad"
	},		
	"criteria": {
		"oak_wood": {
			"trigger": "minecraft:inventory_changed",
			"conditions": {
				"items": [
					{
						"items": [
							"minecraft:oak_wood"
						]
					}
				]
			}
		},
		"spruce_wood": {
			"trigger": "minecraft:inventory_changed",
			"conditions": {
				"items": [
					{
						"items": [
							"minecraft:spruce_wood"
						]
					}
				]
			}
		},
		"birch_wood": {
			"trigger": "minecraft:inventory_changed",
			"conditions": {
				"items": [
					{
						"items": [
							"minecraft:birch_wood"
						]
					}
				]
			}
		},
		"jungle_wood": {
			"trigger": "minecraft:inventory_changed",
			"conditions": {
				"items": [
					{
						"items": [
							"minecraft:jungle_wood"
						]
					}
				]
			}
		},
		"acacia_wood": {
			"trigger": "minecraft:inventory_changed",
			"conditions": {
				"items": [
					{
						"items": [
							"minecraft:acacia_wood"
						]
					}
				]
			}
		},
		"dark_oak_wood": {
			"trigger": "minecraft:inventory_changed",
			"conditions": {
				"items": [
					{
						"items": [
							"minecraft:dark_oak_wood"
						]
					}
				]
			}
		},
		"mangrove_wood": {
			"trigger": "minecraft:inventory_changed",
			"conditions": {
				"items": [
					{
						"items": [
							"minecraft:mangrove_wood"
						]
					}
				]
			}
		}	
	},
	"requirements": [
		[
		"oak_wood",
		"spruce_wood",
		"birch_wood",
		"jungle_wood",
		"acacia_wood",
		"dark_oak_wood",
		"mangrove_wood"
		]
	]	
}