{
	"display": {
		"icon": {
			"item": "minecraft:spruce_stairs"
		},
		"title": {"translate":"Stairs? NOOOOO!"},
		"description": {"color":"green","translate":"Craft some stairs"},
		"announce_to_chat": "true"
	},
	"parent": "blazeandcave:building/cut_in_half",
	"rewards": {
		"function": "bc_rewards:building/stairs_no"
	},		
	"criteria": {
		"sandstone_stairs": {
			"trigger": "minecraft:inventory_changed",
			"conditions": {
				"items": [
					{
						"items": [
							"minecraft:sandstone_stairs"
						]
					}
				]
			}
		},
		"cobblestone_stairs": {
			"trigger": "minecraft:inventory_changed",
			"conditions": {
				"items": [
					{
						"items": [
							"minecraft:cobblestone_stairs"
						]
					}
				]
			}
		},
		"brick_stairs": {
			"trigger": "minecraft:inventory_changed",
			"conditions": {
				"items": [
					{
						"items": [
							"minecraft:brick_stairs"
						]
					}
				]
			}
		},
		"stone_brick_stairs": {
			"trigger": "minecraft:inventory_changed",
			"conditions": {
				"items": [
					{
						"items": [
							"minecraft:stone_brick_stairs"
						]
					}
				]
			}
		},
		"nether_brick_stairs": {
			"trigger": "minecraft:inventory_changed",
			"conditions": {
				"items": [
					{
						"items": [
							"minecraft:nether_brick_stairs"
						]
					}
				]
			}
		},
		"quartz_stairs": {
			"trigger": "minecraft:inventory_changed",
			"conditions": {
				"items": [
					{
						"items": [
							"minecraft:quartz_stairs"
						]
					}
				]
			}
		},
		"oak_stairs": {
			"trigger": "minecraft:inventory_changed",
			"conditions": {
				"items": [
					{
						"items": [
							"minecraft:oak_stairs"
						]
					}
				]
			}
		},
		"spruce_stairs": {
			"trigger": "minecraft:inventory_changed",
			"conditions": {
				"items": [
					{
						"items": [
							"minecraft:spruce_stairs"
						]
					}
				]
			}
		},
		"birch_stairs": {
			"trigger": "minecraft:inventory_changed",
			"conditions": {
				"items": [
					{
						"items": [
							"minecraft:birch_stairs"
						]
					}
				]
			}
		},
		"jungle_stairs": {
			"trigger": "minecraft:inventory_changed",
			"conditions": {
				"items": [
					{
						"items": [
							"minecraft:jungle_stairs"
						]
					}
				]
			}
		},
		"acacia_stairs": {
			"trigger": "minecraft:inventory_changed",
			"conditions": {
				"items": [
					{
						"items": [
							"minecraft:acacia_stairs"
						]
					}
				]
			}
		},
		"dark_oak_stairs": {
			"trigger": "minecraft:inventory_changed",
			"conditions": {
				"items": [
					{
						"items": [
							"minecraft:dark_oak_stairs"
						]
					}
				]
			}
		},
		"red_sandstone_stairs": {
			"trigger": "minecraft:inventory_changed",
			"conditions": {
				"items": [
					{
						"items": [
							"minecraft:red_sandstone_stairs"
						]
					}
				]
			}
		},
		"purpur_stairs": {
			"trigger": "minecraft:inventory_changed",
			"conditions": {
				"items": [
					{
						"items": [
							"minecraft:purpur_stairs"
						]
					}
				]
			}
		},
		"prismarine_stairs": {
			"trigger": "minecraft:inventory_changed",
			"conditions": {
				"items": [
					{
						"items": [
							"minecraft:prismarine_stairs"
						]
					}
				]
			}
		},
		"prismarine_bricks_stairs": {
			"trigger": "minecraft:inventory_changed",
			"conditions": {
				"items": [
					{
						"items": [
							"minecraft:prismarine_brick_stairs"
						]
					}
				]
			}
		},
		"dark_prismarine_stairs": {
			"trigger": "minecraft:inventory_changed",
			"conditions": {
				"items": [
					{
						"items": [
							"minecraft:dark_prismarine_stairs"
						]
					}
				]
			}
		},
		"stone_stairs": {
			"trigger": "minecraft:inventory_changed",
			"conditions": {
				"items": [
					{
						"items": [
							"minecraft:stone_stairs"
						]
					}
				]
			}
		},
		"polished_granite_stairs": {
			"trigger": "minecraft:inventory_changed",
			"conditions": {
				"items": [
					{
						"items": [
							"minecraft:polished_granite_stairs"
						]
					}
				]
			}
		},
		"smooth_red_sandstone_stairs": {
			"trigger": "minecraft:inventory_changed",
			"conditions": {
				"items": [
					{
						"items": [
							"minecraft:smooth_red_sandstone_stairs"
						]
					}
				]
			}
		},
		"mossy_stone_brick_stairs": {
			"trigger": "minecraft:inventory_changed",
			"conditions": {
				"items": [
					{
						"items": [
							"minecraft:mossy_stone_brick_stairs"
						]
					}
				]
			}
		},
		"polished_diorite_stairs": {
			"trigger": "minecraft:inventory_changed",
			"conditions": {
				"items": [
					{
						"items": [
							"minecraft:polished_diorite_stairs"
						]
					}
				]
			}
		},
		"mossy_cobblestone_stairs": {
			"trigger": "minecraft:inventory_changed",
			"conditions": {
				"items": [
					{
						"items": [
							"minecraft:mossy_cobblestone_stairs"
						]
					}
				]
			}
		},
		"end_stone_brick_stairs": {
			"trigger": "minecraft:inventory_changed",
			"conditions": {
				"items": [
					{
						"items": [
							"minecraft:end_stone_brick_stairs"
						]
					}
				]
			}
		},
		"smooth_sandstone_stairs": {
			"trigger": "minecraft:inventory_changed",
			"conditions": {
				"items": [
					{
						"items": [
							"minecraft:smooth_sandstone_stairs"
						]
					}
				]
			}
		},
		"smooth_quartz_stairs": {
			"trigger": "minecraft:inventory_changed",
			"conditions": {
				"items": [
					{
						"items": [
							"minecraft:smooth_quartz_stairs"
						]
					}
				]
			}
		},
		"granite_stairs": {
			"trigger": "minecraft:inventory_changed",
			"conditions": {
				"items": [
					{
						"items": [
							"minecraft:granite_stairs"
						]
					}
				]
			}
		},
		"andesite_stairs": {
			"trigger": "minecraft:inventory_changed",
			"conditions": {
				"items": [
					{
						"items": [
							"minecraft:andesite_stairs"
						]
					}
				]
			}
		},
		"red_nether_brick_stairs": {
			"trigger": "minecraft:inventory_changed",
			"conditions": {
				"items": [
					{
						"items": [
							"minecraft:red_nether_brick_stairs"
						]
					}
				]
			}
		},
		"polished_andesite_stairs": {
			"trigger": "minecraft:inventory_changed",
			"conditions": {
				"items": [
					{
						"items": [
							"minecraft:polished_andesite_stairs"
						]
					}
				]
			}
		},
		"diorite_stairs": {
			"trigger": "minecraft:inventory_changed",
			"conditions": {
				"items": [
					{
						"items": [
							"minecraft:diorite_stairs"
						]
					}
				]
			}
		},
		"crimson_stairs": {
			"trigger": "minecraft:inventory_changed",
			"conditions": {
				"items": [
					{
						"items": [
							"minecraft:crimson_stairs"
						]
					}
				]
			}
		},
		"warped_stairs": {
			"trigger": "minecraft:inventory_changed",
			"conditions": {
				"items": [
					{
						"items": [
							"minecraft:warped_stairs"
						]
					}
				]
			}
		},
		"blackstone_stairs": {
			"trigger": "minecraft:inventory_changed",
			"conditions": {
				"items": [
					{
						"items": [
							"minecraft:blackstone_stairs"
						]
					}
				]
			}
		},
		"polished_blackstone_stairs": {
			"trigger": "minecraft:inventory_changed",
			"conditions": {
				"items": [
					{
						"items": [
							"minecraft:polished_blackstone_stairs"
						]
					}
				]
			}
		},
		"polished_blackstone_brick_stairs": {
			"trigger": "minecraft:inventory_changed",
			"conditions": {
				"items": [
					{
						"items": [
							"minecraft:polished_blackstone_brick_stairs"
						]
					}
				]
			}
		},
		"cut_copper_stairs": {
			"trigger": "minecraft:inventory_changed",
			"conditions": {
				"items": [
					{
						"items": [
							"minecraft:cut_copper_stairs"
						]
					}
				]
			}
		},
		"exposed_cut_copper_stairs": {
			"trigger": "minecraft:inventory_changed",
			"conditions": {
				"items": [
					{
						"items": [
							"minecraft:exposed_cut_copper_stairs"
						]
					}
				]
			}
		},
		"weathered_cut_copper_stairs": {
			"trigger": "minecraft:inventory_changed",
			"conditions": {
				"items": [
					{
						"items": [
							"minecraft:weathered_cut_copper_stairs"
						]
					}
				]
			}
		},
		"oxidized_cut_copper_stairs": {
			"trigger": "minecraft:inventory_changed",
			"conditions": {
				"items": [
					{
						"items": [
							"minecraft:oxidized_cut_copper_stairs"
						]
					}
				]
			}
		},
		"waxed_cut_copper_stairs": {
			"trigger": "minecraft:inventory_changed",
			"conditions": {
				"items": [
					{
						"items": [
							"minecraft:waxed_cut_copper_stairs"
						]
					}
				]
			}
		},
		"waxed_exposed_cut_copper_stairs": {
			"trigger": "minecraft:inventory_changed",
			"conditions": {
				"items": [
					{
						"items": [
							"minecraft:waxed_exposed_cut_copper_stairs"
						]
					}
				]
			}
		},
		"waxed_weathered_cut_copper_stairs": {
			"trigger": "minecraft:inventory_changed",
			"conditions": {
				"items": [
					{
						"items": [
							"minecraft:waxed_weathered_cut_copper_stairs"
						]
					}
				]
			}
		},
		"waxed_oxidized_cut_copper_stairs": {
			"trigger": "minecraft:inventory_changed",
			"conditions": {
				"items": [
					{
						"items": [
							"minecraft:waxed_oxidized_cut_copper_stairs"
						]
					}
				]
			}
		},
		"cobbled_deepslate_stairs": {
			"trigger": "minecraft:inventory_changed",
			"conditions": {
				"items": [
					{
						"items": [
							"minecraft:cobbled_deepslate_stairs"
						]
					}
				]
			}
		},
		"polished_deepslate_stairs": {
			"trigger": "minecraft:inventory_changed",
			"conditions": {
				"items": [
					{
						"items": [
							"minecraft:polished_deepslate_stairs"
						]
					}
				]
			}
		},
		"deepslate_brick_stairs": {
			"trigger": "minecraft:inventory_changed",
			"conditions": {
				"items": [
					{
						"items": [
							"minecraft:deepslate_brick_stairs"
						]
					}
				]
			}
		},
		"deepslate_tile_stairs": {
			"trigger": "minecraft:inventory_changed",
			"conditions": {
				"items": [
					{
						"items": [
							"minecraft:deepslate_tile_stairs"
						]
					}
				]
			}
		},
		"mangrove_stairs": {
			"trigger": "minecraft:inventory_changed",
			"conditions": {
				"items": [
					{
						"items": [
							"minecraft:mangrove_stairs"
						]
					}
				]
			}
		},
		"mud_brick_stairs": {
			"trigger": "minecraft:inventory_changed",
			"conditions": {
				"items": [
					{
						"items": [
							"minecraft:mud_brick_stairs"
						]
					}
				]
			}
		}
	},
	"requirements": [
		[
		"stone_stairs",
		"sandstone_stairs",
		"cobblestone_stairs",
		"brick_stairs",
		"stone_brick_stairs",
		"nether_brick_stairs",
		"quartz_stairs",
		"oak_stairs",
		"spruce_stairs",
		"birch_stairs",
		"jungle_stairs",
		"acacia_stairs",
		"dark_oak_stairs",
		"red_sandstone_stairs",
		"purpur_stairs",
		"prismarine_stairs",
		"dark_prismarine_stairs",
		"prismarine_bricks_stairs",
		"smooth_quartz_stairs",
		"smooth_red_sandstone_stairs",
		"smooth_sandstone_stairs",
		"diorite_stairs",
		"granite_stairs",
		"andesite_stairs",
		"polished_andesite_stairs",
		"polished_granite_stairs",
		"polished_diorite_stairs",
		"red_nether_brick_stairs",
		"end_stone_brick_stairs",
		"mossy_cobblestone_stairs",
		"mossy_stone_brick_stairs",
		"crimson_stairs",
		"warped_stairs",
		"blackstone_stairs",
		"polished_blackstone_stairs",
		"polished_blackstone_brick_stairs",
		"cut_copper_stairs",
		"exposed_cut_copper_stairs",
		"weathered_cut_copper_stairs",
		"oxidized_cut_copper_stairs",
		"waxed_cut_copper_stairs",
		"waxed_exposed_cut_copper_stairs",
		"waxed_weathered_cut_copper_stairs",
		"waxed_oxidized_cut_copper_stairs",
		"cobbled_deepslate_stairs",
		"polished_deepslate_stairs",
		"deepslate_brick_stairs",
		"deepslate_tile_stairs",
		"mangrove_stairs",
		"mud_brick_stairs"
		]
	]
}