{
    "criteria": {
        "requirement": {
            "trigger": "minecraft:placed_block",
            "conditions": {
                "location": [
                    {
                        "condition": "minecraft:match_tool",
                        "predicate": {
                            "nbt": "{pk_data:{custom_block:1b,id:\"waystone\",from:\"waystones\"}}"
                        }
                    }
                ]
            }
        }
    },
    "rewards": {
        "function": "pk_waystones:events/player/placed_block/waystone"
    }
}
