{
	"display": {
		"icon": {
			"item": "minecraft:music_disc_relic"
		},
		"title": {"translate":"A Chiptune Relic"},
		"description": {"color":"#75E1FF","translate":"Excavate an ancient record from within the Trail Ruins"},
		"announce_to_chat": true,
		"frame": "goal"
	},
	"parent": "blazeandcave:adventure/raiders_of_the_lost_trim",
	"rewards": {
		"function": "bc_rewards:adventure/a_chiptune_relic"
	},		
	"criteria": {
		"music_disc_relic": {
			"trigger": "minecraft:inventory_changed",
			"conditions": {
				"items": [
					{
						"items": [
							"minecraft:music_disc_relic"
						]
					}
				]
			}
		}
	}
}