{
	"display": {
		"icon": {
			"item": "minecraft:jukebox"
		},
		"title": {"translate":"Beethoven"},
		"description": {"color":"green","translate":"Craft a jukebox with planks and a diamond"},
		"announce_to_chat": true
	},
	"parent": "blazeandcave:adventure/i_hereby_dub_thee",
	"rewards": {
		"function": "bc_rewards:adventure/beethoven"
	},			
	"criteria": {
		"jukebox": {
			"trigger": "minecraft:inventory_changed",
			"conditions": {
				"items": [
					{
						"items": [
							"minecraft:jukebox"
						]
					}
				]
			}
		}
	}
}