{
	"display": {
		"icon": {
			"item": "minecraft:guardian_spawn_egg"
		},
		"title": {"translate":"Guardian Destroyer"},
		"description": {"color":"#75E1FF","translate":"Collect a stack of prismarine shards and crystals"},
		"announce_to_chat": true,
		"frame": "goal"
	},
	"parent": "blazeandcave:adventure/spear_fishing",
	"rewards": {
		"function": "bc_rewards:adventure/guardian_destroyer"
	},		
	"criteria": {
		"prismarine_shard": {
			"trigger": "minecraft:inventory_changed",
			"conditions": {
				"items": [
					{
						"items": [
							"minecraft:prismarine_shard"
						],
						"count": 64
					}
				]
			}
		},
		"prismarine_crystals": {
			"trigger": "minecraft:inventory_changed",
			"conditions": {
				"items": [
					{
						"items": [
							"minecraft:prismarine_crystals"
						],
						"count": 64
					}
				]
			}
		}		
	}	
}