{
	"display": {
		"icon": {
			"item": "minecraft:rabbit_spawn_egg"
		},
		"title": {"translate":"I just want to make toast!"},
		"description": {"color":"green","translate":"Name a bunny 'Toast'"},
		"announce_to_chat": true
	},
	"parent": "blazeandcave:adventure/i_hereby_dub_thee",
	"rewards": {
		"function": "bc_rewards:adventure/i_just_want_to_make_toast"
	},		
	"criteria": {
		"name_tag": {
			"trigger": "minecraft:player_interacted_with_entity",
			"conditions": {
				"item": {
					"items": [
						"minecraft:name_tag"
					],
					"nbt": "{display:{Name:\'\"Toast\"\'}}"
				},
				"entity": [
					{
						"condition": "minecraft:entity_properties",
						"predicate": {
							"type": "minecraft:rabbit"
						},
						"entity": "this"
					}
				]
			}
		},
		"name_tag_old": {
			"trigger": "minecraft:player_interacted_with_entity",
			"conditions": {
				"item": {
					"items": [
						"minecraft:name_tag"
					],
					"nbt": "{display:{Name:\"{\\\"text\\\":\\\"Toast\\\"}\"}}"
				},
				"entity": [
					{
						"condition": "minecraft:entity_properties",
						"predicate": {
							"type": "minecraft:rabbit"
						},
						"entity": "this"
					}
				]
			}
		}
	},
	"requirements": [
		[
			"name_tag",
			"name_tag_old"
		]
	]
}