{
	"display": {
		"icon": {
			"item": "minecraft:magenta_wool"
		},
		"title": {"translate":"Nyan Sheep"},
		"description": {"color":"green","translate":"Nyan Nyan Nyan Nyan..."},
		"announce_to_chat": true
	},
	"parent": "blazeandcave:adventure/whats_up_doc",
	"rewards": {
		"function": "bc_rewards:adventure/nyan_sheep"
	},		
	"criteria": {
		"name_tag": {
			"trigger": "minecraft:player_interacted_with_entity",
			"conditions": {
				"item": {
					"items": [
						"minecraft:name_tag"
					],
					"nbt": "{display:{Name:\'\"jeb_\"\'}}"
				},
				"entity": [
					{
						"condition": "minecraft:entity_properties",
						"predicate": {
							"type": "minecraft:sheep"
						},
						"entity": "this"
					}
				]
			}
		},
		"name_tag_old": {
			"trigger": "minecraft:player_interacted_with_entity",
			"conditions": {
				"item": {
					"items": [
						"minecraft:name_tag"
					],
					"nbt": "{display:{Name:\"{\\\"text\\\":\\\"jeb_\\\"}\"}}"
				},
				"entity": [
					{
						"condition": "minecraft:entity_properties",
						"predicate": {
							"type": "minecraft:sheep"
						},
						"entity": "this"
					}
				]
			}
		}
	},
	"requirements": [
		[
			"name_tag",
			"name_tag_old"
		]
	]
}