{
	"display": {
		"icon": {
			"item": "minecraft:bell"
		},
		"title": {"translate":"Oh, look, it dings!"},
		"description": {"color":"green","translate":"Ring a bell in a village"},
		"announce_to_chat": true
	},
	"parent": "blazeandcave:adventure/do_you_want_to_trade",
	"rewards": {
		"function": "bc_rewards:adventure/oh_look_it_dings"
	},		
	"criteria": {
		"bell": {
			"trigger": "minecraft:item_used_on_block",
			"conditions": {
				"location": [
					{
						"condition": "minecraft:all_of",
						"terms": [
							{
								"condition": "minecraft:location_check",
								"predicate": {
									"block": {
										"blocks": [
											"minecraft:bell"
										]
									}
								}
							},
							{
								"condition": "minecraft:any_of",
								"terms": [
									{
										"condition": "minecraft:location_check",
										"predicate": {
											"structure": "minecraft:village"
										}
									},
									{
										"condition": "minecraft:location_check",
										"predicate": {
											"structure": "minecraft:village_desert"
										}
									},
									{
										"condition": "minecraft:location_check",
										"predicate": {
											"structure": "minecraft:village_plains"
										}
									},
									{
										"condition": "minecraft:location_check",
										"predicate": {
											"structure": "minecraft:village_savanna"
										}
									},
									{
										"condition": "minecraft:location_check",
										"predicate": {
											"structure": "minecraft:village_snowy"
										}
									},
									{
										"condition": "minecraft:location_check",
										"predicate": {
											"structure": "minecraft:village_taiga"
										}
									},
									{
										"condition": "minecraft:location_check",
										"predicate": {
											"structure": "terralith:fortified_village"
										}
									},
									{
										"condition": "minecraft:location_check",
										"predicate": {
											"structure": "terralith:fortified_desert_village"
										}
									}
								]
							}
						]
					}
				]
			}
		}
	}
}