{
	"display": {
		"icon": {
			"item": "minecraft:chainmail_helmet"
		},
		"title": {"translate":"Retro Future Knight"},
		"description": {"color":"#75E1FF","translate":"Trade for full suit of chain armor from an armorer villager"},
		"announce_to_chat": true,
		"frame": "goal"
	},
	"parent": "blazeandcave:adventure/all_chained_up",
	"rewards": {
		"function": "bc_rewards:adventure/retro_future_knight"
	},		
	"criteria": {
		"chainmail_helmet": {
			"trigger": "minecraft:villager_trade",
			"conditions": {
				"item": {
					"items": [
						"minecraft:chainmail_helmet"
					]
				}
			}
		},
		"chainmail_chestplate": {
			"trigger": "minecraft:villager_trade",
			"conditions": {
				"item": {
					"items": [
						"minecraft:chainmail_chestplate"
					]
				}
			}
		},
		"chainmail_leggings": {
			"trigger": "minecraft:villager_trade",
			"conditions": {
				"item": {
					"items": [
						"minecraft:chainmail_leggings"
					]
				}
			}
		},
		"chainmail_boots": {
			"trigger": "minecraft:villager_trade",
			"conditions": {
				"item": {
					"items": [
						"minecraft:chainmail_boots"
					]
				}
			}
		}		
	}
}