{
	"display": {
		"icon": {
			"item": "minecraft:filled_map"
		},
		"title": {"translate":"Treasure Map"},
		"description": {"color":"#75E1FF","translate":"Trade for an Explorer Map"},
		"announce_to_chat": true,
		"frame": "goal"
	},
	"parent": "blazeandcave:adventure/mapmaker",
	"rewards": {
		"function": "bc_rewards:adventure/treasure_map"
	},		
	"criteria": {
		"trade": {
			"trigger": "minecraft:villager_trade",
			"conditions": {
				"item": {
					"items": [
						"minecraft:filled_map"
					]
				}
			}
		}
	}
}