{
	"display": {
		"icon": {
			"item": "minecraft:pitcher_pod"
		},
		"title": {"translate":"Truffle Worm"},
		"description": {"color":"green","translate":"Have a Sniffer dig up seeds"},
		"announce_to_chat": true
	},
	"parent": "minecraft:husbandry/obtain_sniffer_egg",
	"rewards": {
		"function": "bc_rewards:adventure/truffle_worm"
	},		
	"criteria": {
		"torchflower_seeds": {
			"trigger": "minecraft:inventory_changed",
			"conditions": {
				"items": [
					{
						"items": [
							"minecraft:torchflower_seeds",
							"minecraft:pitcher_pod"
						]
					}
				]
			}
		}
	}
}