{
	"display": {
		"icon": {
			"item": "minecraft:brewing_stand"
		},
		"title": {"translate":"Workaholic"},
		"description": {"color":"dark_purple","translate":"Craft a stack of all the villager job site blocks"},
		"announce_to_chat": true,
		"frame": "challenge"
	},
	"parent": "blazeandcave:adventure/town_planner",
	"rewards": {
		"function": "bc_rewards:adventure/workaholic"
	},		
	"criteria": {
		"composter": {
			"trigger": "minecraft:inventory_changed",
			"conditions": {
				"items": [
					{
						"items": [
							"minecraft:composter"
						],
						"count": 64
					}
				]
			}
		},
		"barrel": {
			"trigger": "minecraft:inventory_changed",
			"conditions": {
				"items": [
					{
						"items": [
							"minecraft:barrel"
						],
						"count": 64
					}
				]
			}
		},
		"loom": {
			"trigger": "minecraft:inventory_changed",
			"conditions": {
				"items": [
					{
						"items": [
							"minecraft:loom"
						],
						"count": 64
					}
				]
			}
		},
		"fletching_table": {
			"trigger": "minecraft:inventory_changed",
			"conditions": {
				"items": [
					{
						"items": [
							"minecraft:fletching_table"
						],
						"count": 64
					}
				]
			}
		},
		"brewing_stand": {
			"trigger": "minecraft:inventory_changed",
			"conditions": {
				"items": [
					{
						"items": [
							"minecraft:brewing_stand"
						],
						"count": 64
					}
				]
			}
		},
		"smoker": {
			"trigger": "minecraft:inventory_changed",
			"conditions": {
				"items": [
					{
						"items": [
							"minecraft:smoker"
						],
						"count": 64
					}
				]
			}
		},
		"cauldron": {
			"trigger": "minecraft:inventory_changed",
			"conditions": {
				"items": [
					{
						"items": [
							"minecraft:cauldron"
						],
						"count": 64
					}
				]
			}
		},
		"grindstone": {
			"trigger": "minecraft:inventory_changed",
			"conditions": {
				"items": [
					{
						"items": [
							"minecraft:grindstone"
						],
						"count": 64
					}
				]
			}
		},
		"blast_furnace": {
			"trigger": "minecraft:inventory_changed",
			"conditions": {
				"items": [
					{
						"items": [
							"minecraft:blast_furnace"
						],
						"count": 64
					}
				]
			}
		},
		"smithing_table": {
			"trigger": "minecraft:inventory_changed",
			"conditions": {
				"items": [
					{
						"items": [
							"minecraft:smithing_table"
						],
						"count": 64
					}
				]
			}
		},
		"lectern": {
			"trigger": "minecraft:inventory_changed",
			"conditions": {
				"items": [
					{
						"items": [
							"minecraft:lectern"
						],
						"count": 64
					}
				]
			}
		},
		"cartography_table": {
			"trigger": "minecraft:inventory_changed",
			"conditions": {
				"items": [
					{
						"items": [
							"minecraft:cartography_table"
						],
						"count": 64
					}
				]
			}
		},
		"stonecutter": {
			"trigger": "minecraft:inventory_changed",
			"conditions": {
				"items": [
					{
						"items": [
							"minecraft:stonecutter"
						],
						"count": 64
					}
				]
			}
		}
	}
}