{
	"display": {
		"icon": {
			"item": "minecraft:oak_log"
		},
		"title": {"translate":"Getting Wood"},
		"description": {"color":"green","translate":"Attack a tree until a block of wood pops out"},
		"announce_to_chat": true
	},
	"parent": "blazeandcave:bacap/root",
	"rewards": {
		"function": "bc_rewards:bacap/getting_wood"
	},		
	"criteria": {
		"oak_log": {
			"trigger": "minecraft:inventory_changed",
			"conditions": {
				"items": [
					{
						"items": [
							"minecraft:oak_log",
							"minecraft:stripped_oak_log",
							"minecraft:oak_wood",
							"minecraft:stripped_oak_wood"
						]
					}
				]
			}
		},
		"spruce_log": {
			"trigger": "minecraft:inventory_changed",
			"conditions": {
				"items": [
					{
						"items": [
							"minecraft:spruce_log",
							"minecraft:stripped_spruce_log",
							"minecraft:spruce_wood",
							"minecraft:stripped_spruce_wood"
						]
					}
				]
			}
		},
		"birch_log": {
			"trigger": "minecraft:inventory_changed",
			"conditions": {
				"items": [
					{
						"items": [
							"minecraft:birch_log",
							"minecraft:stripped_birch_log",
							"minecraft:birch_wood",
							"minecraft:stripped_birch_wood"
						]
					}
				]
			}
		},
		"jungle_log": {
			"trigger": "minecraft:inventory_changed",
			"conditions": {
				"items": [
					{
						"items": [
							"minecraft:jungle_log",
							"minecraft:stripped_jungle_log",
							"minecraft:jungle_wood",
							"minecraft:stripped_jungle_wood"
						]
					}
				]
			}
		},
		"acacia_log": {
			"trigger": "minecraft:inventory_changed",
			"conditions": {
				"items": [
					{
						"items": [
							"minecraft:acacia_log",
							"minecraft:stripped_acacia_log",
							"minecraft:acacia_wood",
							"minecraft:stripped_acacia_wood"
						]
					}
				]
			}
		},
		"dark_oak_log": {
			"trigger": "minecraft:inventory_changed",
			"conditions": {
				"items": [
					{
						"items": [
							"minecraft:dark_oak_log",
							"minecraft:stripped_dark_oak_log",
							"minecraft:dark_oak_wood",
							"minecraft:stripped_dark_oak_wood"
						]
					}
				]
			}
		},
		"mangrove_log": {
			"trigger": "minecraft:inventory_changed",
			"conditions": {
				"items": [
					{
						"items": [
							"minecraft:mangrove_log",
							"minecraft:stripped_mangrove_log",
							"minecraft:mangrove_wood",
							"minecraft:stripped_mangrove_wood"
						]
					}
				]
			}
		},
		"cherry_log": {
			"trigger": "minecraft:inventory_changed",
			"conditions": {
				"items": [
					{
						"items": [
							"minecraft:cherry_log",
							"minecraft:stripped_cherry_log",
							"minecraft:cherry_wood",
							"minecraft:stripped_cherry_wood"
						]
					}
				]
			}
		}
	},
	"requirements": [
		[
		"oak_log",
		"spruce_log",
		"birch_log",
		"jungle_log",
		"acacia_log",
		"dark_oak_log",
		"mangrove_log",
		"cherry_log"
		]
	]
}