{
    "criteria": {
        "requirement": {
            "trigger": "minecraft:placed_block",
            "conditions": {
                "location": [
                    {
                        "condition": "minecraft:location_check",
                        "predicate": {
                            "block": {
                                "blocks": [
                                    "minecraft:dropper"
                                ]
                            }
                        }
                    }
                ]
            }
        }
    },
    "rewards": {
        "function": "pk_waystones:events/player/placed_block/dropper"
    }
}