{
	"display": {
		"icon": {
			"item": "minecraft:iron_door"
		},
		"title": {"translate":"Aaaaaand... OPEN!"},
		"description": {"color":"green","translate":"Craft and place an iron door"},
		"announce_to_chat": true
	},
	"parent": "blazeandcave:building/its_a_trap",
	"rewards": {
		"function": "bc_rewards:building/and_open"
	},		
	"criteria": {
		"iron_door": {
			"trigger": "minecraft:placed_block",
			"conditions": {
				"location": [
					{
						"condition": "minecraft:location_check",
						"predicate": {
							"block": {
								"blocks": [
									"minecraft:iron_door"
								]
							}
						}
					}
				]
			}
		}	
	}
}