{
	"display": {
		"icon": {
			"item": "minecraft:redstone_lamp"
		},
		"title": {"translate":"Electric!"},
		"description": {"color":"green","translate":"Light up the area with some redstone lamps"},
		"announce_to_chat": true
	},
	"parent": "blazeandcave:building/glowing",
	"rewards": {
		"function": "bc_rewards:building/electric"
	},		
	"criteria": {
		"redstone_lamp": {
			"trigger": "minecraft:placed_block",
			"conditions": {
				"location": [
					{
						"condition": "minecraft:location_check",
						"predicate": {
							"block": {
								"blocks": [
									"minecraft:redstone_lamp"
								]
							}
						}
					}
				]
			}
		}
	}
}