{
	"display": {
		"icon": {
			"item": "minecraft:black_candle"
		},
		"title": {"translate":"The Ritual Begins"},
		"description": {"color":"#75E1FF","translate":"Get one stack of Black Candles"},
		"announce_to_chat": true,
		"frame": "goal"
	},
	"parent": "blazeandcave:building/setting_up_the_mood",
	"rewards": {
		"function": "bc_rewards:building/the_ritual_begins"
	},		
	"criteria": {
		"black_candle": {
			"trigger": "minecraft:inventory_changed",
			"conditions": {
				"items": [
					{
						"items": [
							"minecraft:black_candle"
						],
						"count": 64
					}
				]
			}
		}
	}
}