{
	"display": {
		"icon": {
			"item": "minecraft:magenta_stained_glass"
		},
		"title": {"translate":"Translucence"},
		"description": {"color":"#75E1FF","translate":"Craft all 16 colors of stained glass"},
		"announce_to_chat": true,
		"frame": "goal"
	},
	"parent": "blazeandcave:building/what_a_pane",
	"rewards": {
		"function": "bc_rewards:building/translucence"
	},		
	"criteria": {
		"white_stained_glass": {
			"trigger": "minecraft:inventory_changed",
			"conditions": {
				"items": [
					{
						"items": [
							"minecraft:white_stained_glass"
						]
					}
				]
			}
		},
		"orange_stained_glass": {
			"trigger": "minecraft:inventory_changed",
			"conditions": {
				"items": [
					{
						"items": [
							"minecraft:orange_stained_glass"
						]
					}
				]
			}
		},
		"magenta_stained_glass": {
			"trigger": "minecraft:inventory_changed",
			"conditions": {
				"items": [
					{
						"items": [
							"minecraft:magenta_stained_glass"
						]
					}
				]
			}
		},
		"light_blue_stained_glass": {
			"trigger": "minecraft:inventory_changed",
			"conditions": {
				"items": [
					{
						"items": [
							"minecraft:light_blue_stained_glass"
						]
					}
				]
			}
		},
		"yellow_stained_glass": {
			"trigger": "minecraft:inventory_changed",
			"conditions": {
				"items": [
					{
						"items": [
							"minecraft:yellow_stained_glass"
						]
					}
				]
			}
		},
		"lime_stained_glass": {
			"trigger": "minecraft:inventory_changed",
			"conditions": {
				"items": [
					{
						"items": [
							"minecraft:lime_stained_glass"
						]
					}
				]
			}
		},
		"pink_stained_glass": {
			"trigger": "minecraft:inventory_changed",
			"conditions": {
				"items": [
					{
						"items": [
							"minecraft:pink_stained_glass"
						]
					}
				]
			}
		},
		"gray_stained_glass": {
			"trigger": "minecraft:inventory_changed",
			"conditions": {
				"items": [
					{
						"items": [
							"minecraft:gray_stained_glass"
						]
					}
				]
			}
		},
		"light_gray_stained_glass": {
			"trigger": "minecraft:inventory_changed",
			"conditions": {
				"items": [
					{
						"items": [
							"minecraft:light_gray_stained_glass"
						]
					}
				]
			}
		},
		"cyan_stained_glass": {
			"trigger": "minecraft:inventory_changed",
			"conditions": {
				"items": [
					{
						"items": [
							"minecraft:cyan_stained_glass"
						]
					}
				]
			}
		},
		"purple_stained_glass": {
			"trigger": "minecraft:inventory_changed",
			"conditions": {
				"items": [
					{
						"items": [
							"minecraft:purple_stained_glass"
						]
					}
				]
			}
		},
		"blue_stained_glass": {
			"trigger": "minecraft:inventory_changed",
			"conditions": {
				"items": [
					{
						"items": [
							"minecraft:blue_stained_glass"
						]
					}
				]
			}
		},
		"brown_stained_glass": {
			"trigger": "minecraft:inventory_changed",
			"conditions": {
				"items": [
					{
						"items": [
							"minecraft:brown_stained_glass"
						]
					}
				]
			}
		},
		"green_stained_glass": {
			"trigger": "minecraft:inventory_changed",
			"conditions": {
				"items": [
					{
						"items": [
							"minecraft:green_stained_glass"
						]
					}
				]
			}
		},
		"red_stained_glass": {
			"trigger": "minecraft:inventory_changed",
			"conditions": {
				"items": [
					{
						"items": [
							"minecraft:red_stained_glass"
						]
					}
				]
			}
		},
		"black_stained_glass": {
			"trigger": "minecraft:inventory_changed",
			"conditions": {
				"items": [
					{
						"items": [
							"minecraft:black_stained_glass"
						]
					}
				]
			}
		}
	}
}