{
	"display": {
		"icon": {
			"id": "minecraft:oak_planks"
		},
		"title": {"translate":"Building Milestone"},
		"description": {"color":"yellow","translate":"Complete every advancement in the Building tab"},
		"announce_to_chat": true,
		"frame": "goal"
	},
	"parent": "blazeandcave:bacap/mining_milestone",
	"rewards": {
		"function": "bacap_rewards:bacap/building_milestone"
	},		
	"criteria": {
		"a_masterpiece": {
			"trigger": "minecraft:location",
			"conditions": {
				"player":  {
					"type_specific": {
						"type": "player",
						"advancements": {
							"blazeandcave:building/a_masterpiece": true
						}
					}
				}
			}
		},
		"ah_my_old_enemy": {
			"trigger": "minecraft:location",
			"conditions": {
				"player":  {
					"type_specific": {
						"type": "player",
						"advancements": {
							"blazeandcave:building/ah_my_old_enemy": true
						}
					}
				}
			}
		},
		"and_open": {
			"trigger": "minecraft:location",
			"conditions": {
				"player":  {
					"type_specific": {
						"type": "player",
						"advancements": {
							"blazeandcave:building/and_open": true
						}
					}
				}
			}
		},
		"art_gallery": {
			"trigger": "minecraft:location",
			"conditions": {
				"player":  {
					"type_specific": {
						"type": "player",
						"advancements": {
							"blazeandcave:building/art_gallery": true
						}
					}
				}
			}
		},
		"barking_mad": {
			"trigger": "minecraft:location",
			"conditions": {
				"player":  {
					"type_specific": {
						"type": "player",
						"advancements": {
							"blazeandcave:building/barking_mad": true
						}
					}
				}
			}
		},
		"barrel_rider": {
			"trigger": "minecraft:location",
			"conditions": {
				"player":  {
					"type_specific": {
						"type": "player",
						"advancements": {
							"blazeandcave:building/barrel_rider": true
						}
					}
				}
			}
		},
		"bricks": {
			"trigger": "minecraft:location",
			"conditions": {
				"player":  {
					"type_specific": {
						"type": "player",
						"advancements": {
							"blazeandcave:building/bricks": true
						}
					}
				}
			}
		},
		"change_of_sheets": {
			"trigger": "minecraft:location",
			"conditions": {
				"player":  {
					"type_specific": {
						"type": "player",
						"advancements": {
							"blazeandcave:building/change_of_sheets": true
						}
					}
				}
			}
		},
		"classy_glassy": {
			"trigger": "minecraft:location",
			"conditions": {
				"player":  {
					"type_specific": {
						"type": "player",
						"advancements": {
							"blazeandcave:building/classy_glassy": true
						}
					}
				}
			}
		},
		"clay_dough": {
			"trigger": "minecraft:location",
			"conditions": {
				"player":  {
					"type_specific": {
						"type": "player",
						"advancements": {
							"blazeandcave:building/clay_dough": true
						}
					}
				}
			}
		},
		"concrete_evidence": {
			"trigger": "minecraft:location",
			"conditions": {
				"player":  {
					"type_specific": {
						"type": "player",
						"advancements": {
							"blazeandcave:building/concrete_evidence": true
						}
					}
				}
			}
		},
		"crazy_walls": {
			"trigger": "minecraft:location",
			"conditions": {
				"player":  {
					"type_specific": {
						"type": "player",
						"advancements": {
							"blazeandcave:building/crazy_walls": true
						}
					}
				}
			}
		},
		"creepers_and_withers": {
			"trigger": "minecraft:location",
			"conditions": {
				"player":  {
					"type_specific": {
						"type": "player",
						"advancements": {
							"blazeandcave:building/creepers_and_withers": true
						}
					}
				}
			}
		},
		"cut_in_half": {
			"trigger": "minecraft:location",
			"conditions": {
				"player":  {
					"type_specific": {
						"type": "player",
						"advancements": {
							"blazeandcave:building/cut_in_half": true
						}
					}
				}
			}
		},
		"help_ive_been_framed": {
			"trigger": "minecraft:location",
			"conditions": {
				"player":  {
					"type_specific": {
						"type": "player",
						"advancements": {
							"blazeandcave:building/help_ive_been_framed": true
						}
					}
				}
			}
		},
		"electric": {
			"trigger": "minecraft:location",
			"conditions": {
				"player":  {
					"type_specific": {
						"type": "player",
						"advancements": {
							"blazeandcave:building/electric": true
						}
					}
				}
			}
		},
		"en_garde": {
			"trigger": "minecraft:location",
			"conditions": {
				"player":  {
					"type_specific": {
						"type": "player",
						"advancements": {
							"blazeandcave:building/en_garde": true
						}
					}
				}
			}
		},
		"expensive": {
			"trigger": "minecraft:location",
			"conditions": {
				"player":  {
					"type_specific": {
						"type": "player",
						"advancements": {
							"blazeandcave:building/expensive": true
						}
					}
				}
			}
		},
		"fake_fortress": {
			"trigger": "minecraft:location",
			"conditions": {
				"player":  {
					"type_specific": {
						"type": "player",
						"advancements": {
							"blazeandcave:building/fake_fortress": true
						}
					}
				}
			}
		},
		"fake_monument": {
			"trigger": "minecraft:location",
			"conditions": {
				"player":  {
					"type_specific": {
						"type": "player",
						"advancements": {
							"blazeandcave:building/fake_monument": true
						}
					}
				}
			}
		},
		"fake_stronghold": {
			"trigger": "minecraft:location",
			"conditions": {
				"player":  {
					"type_specific": {
						"type": "player",
						"advancements": {
							"blazeandcave:building/fake_stronghold": true
						}
					}
				}
			}
		},
		"festival_of_lights": {
			"trigger": "minecraft:location",
			"conditions": {
				"player":  {
					"type_specific": {
						"type": "player",
						"advancements": {
							"blazeandcave:building/festival_of_lights": true
						}
					}
				}
			}
		},
		"fluorescent": {
			"trigger": "minecraft:location",
			"conditions": {
				"player":  {
					"type_specific": {
						"type": "player",
						"advancements": {
							"blazeandcave:building/fluorescent": true
						}
					}
				}
			}
		},
		"fruit_of_the_looms": {
			"trigger": "minecraft:location",
			"conditions": {
				"player":  {
					"type_specific": {
						"type": "player",
						"advancements": {
							"blazeandcave:building/fruit_of_the_looms": true
						}
					}
				}
			}
		},
		"glowing": {
			"trigger": "minecraft:location",
			"conditions": {
				"player":  {
					"type_specific": {
						"type": "player",
						"advancements": {
							"blazeandcave:building/glowing": true
						}
					}
				}
			}
		},
		"greek_art_decor": {
			"trigger": "minecraft:location",
			"conditions": {
				"player":  {
					"type_specific": {
						"type": "player",
						"advancements": {
							"blazeandcave:building/greek_art_decor": true
						}
					}
				}
			}
		},
		"halloween": {
			"trigger": "minecraft:location",
			"conditions": {
				"player":  {
					"type_specific": {
						"type": "player",
						"advancements": {
							"blazeandcave:building/halloween": true
						}
					}
				}
			}
		},
		"i_dont_like_sand": {
			"trigger": "minecraft:location",
			"conditions": {
				"player":  {
					"type_specific": {
						"type": "player",
						"advancements": {
							"blazeandcave:building/i_dont_like_sand": true
						}
					}
				}
			}
		},
		"insomniac": {
			"trigger": "minecraft:location",
			"conditions": {
				"player":  {
					"type_specific": {
						"type": "player",
						"advancements": {
							"blazeandcave:building/insomniac": true
						}
					}
				}
			}
		},
		"its_a_sign": {
			"trigger": "minecraft:location",
			"conditions": {
				"player":  {
					"type_specific": {
						"type": "player",
						"advancements": {
							"blazeandcave:building/its_a_sign": true
						}
					}
				}
			}
		},
		"its_a_trap": {
			"trigger": "minecraft:location",
			"conditions": {
				"player":  {
					"type_specific": {
						"type": "player",
						"advancements": {
							"blazeandcave:building/its_a_trap": true
						}
					}
				}
			}
		},
		"jailhouse_block": {
			"trigger": "minecraft:location",
			"conditions": {
				"player":  {
					"type_specific": {
						"type": "player",
						"advancements": {
							"blazeandcave:building/jailhouse_block": true
						}
					}
				}
			}
		},
		"ladder_climbers_inc": {
			"trigger": "minecraft:location",
			"conditions": {
				"player":  {
					"type_specific": {
						"type": "player",
						"advancements": {
							"blazeandcave:building/ladder_climbers_inc": true
						}
					}
				}
			}
		},
		"lost_its_bark": {
			"trigger": "minecraft:location",
			"conditions": {
				"player":  {
					"type_specific": {
						"type": "player",
						"advancements": {
							"blazeandcave:building/lost_its_bark": true
						}
					}
				}
			}
		},
		"mannequin": {
			"trigger": "minecraft:location",
			"conditions": {
				"player":  {
					"type_specific": {
						"type": "player",
						"advancements": {
							"blazeandcave:building/mannequin": true
						}
					}
				}
			}
		},
		"master_logger": {
			"trigger": "minecraft:location",
			"conditions": {
				"player":  {
					"type_specific": {
						"type": "player",
						"advancements": {
							"blazeandcave:building/master_logger": true
						}
					}
				}
			}
		},
		"no_banner_only_color": {
			"trigger": "minecraft:location",
			"conditions": {
				"player":  {
					"type_specific": {
						"type": "player",
						"advancements": {
							"blazeandcave:building/no_banner_only_color": true
						}
					}
				}
			}
		},
		"pathways": {
			"trigger": "minecraft:location",
			"conditions": {
				"player":  {
					"type_specific": {
						"type": "player",
						"advancements": {
							"blazeandcave:building/pathways": true
						}
					}
				}
			}
		},
		"pot_planter": {
			"trigger": "minecraft:location",
			"conditions": {
				"player":  {
					"type_specific": {
						"type": "player",
						"advancements": {
							"blazeandcave:building/pot_planter": true
						}
					}
				}
			}
		},
		"prepare_to_meet_your_loom": {
			"trigger": "minecraft:location",
			"conditions": {
				"player":  {
					"type_specific": {
						"type": "player",
						"advancements": {
							"blazeandcave:building/prepare_to_meet_your_loom": true
						}
					}
				}
			}
		},
		"professor_birch": {
			"trigger": "minecraft:location",
			"conditions": {
				"player":  {
					"type_specific": {
						"type": "player",
						"advancements": {
							"blazeandcave:building/professor_birch": true
						}
					}
				}
			}
		},
		"professor_dark_oak": {
			"trigger": "minecraft:location",
			"conditions": {
				"player":  {
					"type_specific": {
						"type": "player",
						"advancements": {
							"blazeandcave:building/professor_dark_oak": true
						}
					}
				}
			}
		},
		"professor_oak": {
			"trigger": "minecraft:location",
			"conditions": {
				"player":  {
					"type_specific": {
						"type": "player",
						"advancements": {
							"blazeandcave:building/professor_oak": true
						}
					}
				}
			}
		},
		"rainbow_dreams": {
			"trigger": "minecraft:location",
			"conditions": {
				"player":  {
					"type_specific": {
						"type": "player",
						"advancements": {
							"blazeandcave:building/rainbow_dreams": true
						}
					}
				}
			}
		},
		"rainbow_sand": {
			"trigger": "minecraft:location",
			"conditions": {
				"player":  {
					"type_specific": {
						"type": "player",
						"advancements": {
							"blazeandcave:building/rainbow_sand": true
						}
					}
				}
			}
		},
		"raise_the_flag": {
			"trigger": "minecraft:location",
			"conditions": {
				"player":  {
					"type_specific": {
						"type": "player",
						"advancements": {
							"blazeandcave:building/raise_the_flag": true
						}
					}
				}
			}
		},
		"rock_collection": {
			"trigger": "minecraft:location",
			"conditions": {
				"player":  {
					"type_specific": {
						"type": "player",
						"advancements": {
							"blazeandcave:building/rock_collection": true
						}
					}
				}
			}
		},
		"root": {
			"trigger": "minecraft:location",
			"conditions": {
				"player":  {
					"type_specific": {
						"type": "player",
						"advancements": {
							"blazeandcave:building/root": true
						}
					}
				}
			}
		},
		"slabs_for_days": {
			"trigger": "minecraft:location",
			"conditions": {
				"player":  {
					"type_specific": {
						"type": "player",
						"advancements": {
							"blazeandcave:building/slabs_for_days": true
						}
					}
				}
			}
		},
		"writers_block": {
			"trigger": "minecraft:location",
			"conditions": {
				"player":  {
					"type_specific": {
						"type": "player",
						"advancements": {
							"blazeandcave:building/writers_block": true
						}
					}
				}
			}
		},
		"spruce_lee": {
			"trigger": "minecraft:location",
			"conditions": {
				"player":  {
					"type_specific": {
						"type": "player",
						"advancements": {
							"blazeandcave:building/spruce_lee": true
						}
					}
				}
			}
		},
		"stairs_no": {
			"trigger": "minecraft:location",
			"conditions": {
				"player":  {
					"type_specific": {
						"type": "player",
						"advancements": {
							"blazeandcave:building/stairs_no": true
						}
					}
				}
			}
		},
		"stationary_storage": {
			"trigger": "minecraft:location",
			"conditions": {
				"player":  {
					"type_specific": {
						"type": "player",
						"advancements": {
							"blazeandcave:building/stationary_storage": true
						}
					}
				}
			}
		},
		"stripper": {
			"trigger": "minecraft:location",
			"conditions": {
				"player":  {
					"type_specific": {
						"type": "player",
						"advancements": {
							"blazeandcave:building/stripper": true
						}
					}
				}
			}
		},
		"sweet_dreams": {
			"trigger": "minecraft:location",
			"conditions": {
				"player":  {
					"type_specific": {
						"type": "player",
						"advancements": {
							"minecraft:adventure/sleep_in_bed": true
						}
					}
				}
			}
		},
		"the_acacia_king": {
			"trigger": "minecraft:location",
			"conditions": {
				"player":  {
					"type_specific": {
						"type": "player",
						"advancements": {
							"blazeandcave:building/the_acacia_king": true
						}
					}
				}
			}
		},
		"the_glazed_terracotta_army": {
			"trigger": "minecraft:location",
			"conditions": {
				"player":  {
					"type_specific": {
						"type": "player",
						"advancements": {
							"blazeandcave:building/the_glazed_terracotta_army": true
						}
					}
				}
			}
		},
		"the_jungler": {
			"trigger": "minecraft:location",
			"conditions": {
				"player":  {
					"type_specific": {
						"type": "player",
						"advancements": {
							"blazeandcave:building/the_jungler": true
						}
					}
				}
			}
		},
		"the_rainbow_you_always_wanted": {
			"trigger": "minecraft:location",
			"conditions": {
				"player":  {
					"type_specific": {
						"type": "player",
						"advancements": {
							"blazeandcave:building/the_rainbow_you_always_wanted": true
						}
					}
				}
			}
		},
		"the_terracotta_army": {
			"trigger": "minecraft:location",
			"conditions": {
				"player":  {
					"type_specific": {
						"type": "player",
						"advancements": {
							"blazeandcave:building/the_terracotta_army": true
						}
					}
				}
			}
		},
		"the_walls": {
			"trigger": "minecraft:location",
			"conditions": {
				"player":  {
					"type_specific": {
						"type": "player",
						"advancements": {
							"blazeandcave:building/the_walls": true
						}
					}
				}
			}
		},
		"torched": {
			"trigger": "minecraft:location",
			"conditions": {
				"player":  {
					"type_specific": {
						"type": "player",
						"advancements": {
							"blazeandcave:building/torched": true
						}
					}
				}
			}
		},
		"translucence": {
			"trigger": "minecraft:location",
			"conditions": {
				"player":  {
					"type_specific": {
						"type": "player",
						"advancements": {
							"blazeandcave:building/translucence": true
						}
					}
				}
			}
		},
		"what_a_pane": {
			"trigger": "minecraft:location",
			"conditions": {
				"player":  {
					"type_specific": {
						"type": "player",
						"advancements": {
							"blazeandcave:building/what_a_pane": true
						}
					}
				}
			}
		},
		"yay_i_got_my_wood": {
			"trigger": "minecraft:location",
			"conditions": {
				"player":  {
					"type_specific": {
						"type": "player",
						"advancements": {
							"blazeandcave:building/yay_i_got_my_wood": true
						}
					}
				}
			}
		},
		"your_door_was_locked": {
			"trigger": "minecraft:location",
			"conditions": {
				"player":  {
					"type_specific": {
						"type": "player",
						"advancements": {
							"blazeandcave:building/your_door_was_locked": true
						}
					}
				}
			}
		},
		"grass_type": {
			"trigger": "minecraft:location",
			"conditions": {
				"player":  {
					"type_specific": {
						"type": "player",
						"advancements": {
							"blazeandcave:building/grass_type": true
						}
					}
				}
			}
		},
		"shroom_lightyear": {
			"trigger": "minecraft:location",
			"conditions": {
				"player":  {
					"type_specific": {
						"type": "player",
						"advancements": {
							"blazeandcave:building/shroom_lightyear": true
						}
					}
				}
			}
		},
		"cerulean": {
			"trigger": "minecraft:location",
			"conditions": {
				"player":  {
					"type_specific": {
						"type": "player",
						"advancements": {
							"blazeandcave:building/cerulean": true
						}
					}
				}
			}
		},
		"let_there_be_light": {
			"trigger": "minecraft:location",
			"conditions": {
				"player":  {
					"type_specific": {
						"type": "player",
						"advancements": {
							"blazeandcave:building/let_there_be_light": true
						}
					}
				}
			}
		},
		"no_chain_no_gain": {
			"trigger": "minecraft:location",
			"conditions": {
				"player":  {
					"type_specific": {
						"type": "player",
						"advancements": {
							"blazeandcave:building/no_chain_no_gain": true
						}
					}
				}
			}
		},
		"blackstonehenge": {
			"trigger": "minecraft:location",
			"conditions": {
				"player":  {
					"type_specific": {
						"type": "player",
						"advancements": {
							"blazeandcave:building/blackstonehenge": true
						}
					}
				}
			}
		},
		"colors_of_the_wind": {
			"trigger": "minecraft:location",
			"conditions": {
				"player":  {
					"type_specific": {
						"type": "player",
						"advancements": {
							"blazeandcave:building/colors_of_the_wind": true
						}
					}
				}
			}
		},
		"one_pickle_two_pickle_sea_pickle_four": {
			"trigger": "minecraft:location",
			"conditions": {
				"player":  {
					"type_specific": {
						"type": "player",
						"advancements": {
							"blazeandcave:building/one_pickle_two_pickle_sea_pickle_four": true
						}
					}
				}
			}
		},
		"harry_potter": {
			"trigger": "minecraft:location",
			"conditions": {
				"player":  {
					"type_specific": {
						"type": "player",
						"advancements": {
							"blazeandcave:building/harry_potter": true
						}
					}
				}
			}
		},
		"armor_display": {
			"trigger": "minecraft:location",
			"conditions": {
				"player":  {
					"type_specific": {
						"type": "player",
						"advancements": {
							"blazeandcave:building/armor_display": true
						}
					}
				}
			}
		},
		"camping_out": {
			"trigger": "minecraft:location",
			"conditions": {
				"player":  {
					"type_specific": {
						"type": "player",
						"advancements": {
							"blazeandcave:building/camping_out": true
						}
					}
				}
			}
		},
		"delicious_hot_schmoes": {
			"trigger": "minecraft:location",
			"conditions": {
				"player":  {
					"type_specific": {
						"type": "player",
						"advancements": {
							"blazeandcave:building/delicious_hot_schmoes": true
						}
					}
				}
			}
		},
		"spawn_camping": {
			"trigger": "minecraft:location",
			"conditions": {
				"player":  {
					"type_specific": {
						"type": "player",
						"advancements": {
							"blazeandcave:building/spawn_camping": true
						}
					}
				}
			}
		},
		"its_original_form": {
			"trigger": "minecraft:location",
			"conditions": {
				"player":  {
					"type_specific": {
						"type": "player",
						"advancements": {
							"blazeandcave:building/its_original_form": true
						}
					}
				}
			}
		},
		"smooth_dude": {
			"trigger": "minecraft:location",
			"conditions": {
				"player":  {
					"type_specific": {
						"type": "player",
						"advancements": {
							"blazeandcave:building/smooth_dude": true
						}
					}
				}
			}
		},
		"blast_it": {
			"trigger": "minecraft:location",
			"conditions": {
				"player":  {
					"type_specific": {
						"type": "player",
						"advancements": {
							"blazeandcave:building/blast_it": true
						}
					}
				}
			}
		},
		"bubble_bubble_toil_and_trouble": {
			"trigger": "minecraft:location",
			"conditions": {
				"player":  {
					"type_specific": {
						"type": "player",
						"advancements": {
							"blazeandcave:building/bubble_bubble_toil_and_trouble": true
						}
					}
				}
			}
		},
		"washing_machine": {
			"trigger": "minecraft:location",
			"conditions": {
				"player":  {
					"type_specific": {
						"type": "player",
						"advancements": {
							"blazeandcave:building/washing_machine": true
						}
					}
				}
			}
		},
		"sharpening_station": {
			"trigger": "minecraft:location",
			"conditions": {
				"player":  {
					"type_specific": {
						"type": "player",
						"advancements": {
							"blazeandcave:building/sharpening_station": true
						}
					}
				}
			}
		},
		"classic_pocket_edition_block": {
			"trigger": "minecraft:location",
			"conditions": {
				"player":  {
					"type_specific": {
						"type": "player",
						"advancements": {
							"blazeandcave:building/classic_pocket_edition_block": true
						}
					}
				}
			}
		},
		"agent_smithing_table": {
			"trigger": "minecraft:location",
			"conditions": {
				"player":  {
					"type_specific": {
						"type": "player",
						"advancements": {
							"blazeandcave:building/agent_smithing_table": true
						}
					}
				}
			}
		},
		"pane_in_the_glass": {
			"trigger": "minecraft:location",
			"conditions": {
				"player":  {
					"type_specific": {
						"type": "player",
						"advancements": {
							"blazeandcave:building/pane_in_the_glass": true
						}
					}
				}
			}
		},
		"hot_tub": {
			"trigger": "minecraft:location",
			"conditions": {
				"player":  {
					"type_specific": {
						"type": "player",
						"advancements": {
							"blazeandcave:building/hot_tub": true
						}
					}
				}
			}
		},
		"rock_polish": {
			"trigger": "minecraft:location",
			"conditions": {
				"player":  {
					"type_specific": {
						"type": "player",
						"advancements": {
							"blazeandcave:building/rock_polish": true
						}
					}
				}
			}
		},
		"deepslate_conspiracy": {
			"trigger": "minecraft:location",
			"conditions": {
				"player":  {
					"type_specific": {
						"type": "player",
						"advancements": {
							"blazeandcave:building/deepslate_conspiracy": true
						}
					}
				}
			}
		},
		"skyblock": {
			"trigger": "minecraft:location",
			"conditions": {
				"player":  {
					"type_specific": {
						"type": "player",
						"advancements": {
							"blazeandcave:building/skyblock": true
						}
					}
				}
			}
		},
		"setting_up_the_mood": {
			"trigger": "minecraft:location",
			"conditions": {
				"player":  {
					"type_specific": {
						"type": "player",
						"advancements": {
							"blazeandcave:building/setting_up_the_mood": true
						}
					}
				}
			}
		},
		"the_ritual_begins": {
			"trigger": "minecraft:location",
			"conditions": {
				"player":  {
					"type_specific": {
						"type": "player",
						"advancements": {
							"blazeandcave:building/the_ritual_begins": true
						}
					}
				}
			}
		},
		"happy_birthday": {
			"trigger": "minecraft:location",
			"conditions": {
				"player":  {
					"type_specific": {
						"type": "player",
						"advancements": {
							"blazeandcave:building/happy_birthday": true
						}
					}
				}
			}
		},
		"a_good_start": {
			"trigger": "minecraft:location",
			"conditions": {
				"player":  {
					"type_specific": {
						"type": "player",
						"advancements": {
							"blazeandcave:building/a_good_start": true
						}
					}
				}
			}
		},
		"stuck_in_the_mud": {
			"trigger": "minecraft:location",
			"conditions": {
				"player":  {
					"type_specific": {
						"type": "player",
						"advancements": {
							"blazeandcave:building/stuck_in_the_mud": true
						}
					}
				}
			}
		},
		"elmer_mudd": {
			"trigger": "minecraft:location",
			"conditions": {
				"player":  {
					"type_specific": {
						"type": "player",
						"advancements": {
							"blazeandcave:building/elmer_mudd": true
						}
					}
				}
			}
		},
		"mangrove_master": {
			"trigger": "minecraft:location",
			"conditions": {
				"player":  {
					"type_specific": {
						"type": "player",
						"advancements": {
							"blazeandcave:building/mangrove_master": true
						}
					}
				}
			}
		},
		"incandescent": {
			"trigger": "minecraft:location",
			"conditions": {
				"player":  {
					"type_specific": {
						"type": "player",
						"advancements": {
							"minecraft:husbandry/froglights": true
						}
					}
				}
			}
		},
		"living_dummy": {
			"trigger": "minecraft:location",
			"conditions": {
				"player":  {
					"type_specific": {
						"type": "player",
						"advancements": {
							"blazeandcave:building/living_dummy": true
						}
					}
				}
			}
		},
		"built_on_sand_set_in_stone": {
			"trigger": "minecraft:location",
			"conditions": {
				"player":  {
					"type_specific": {
						"type": "player",
						"advancements": {
							"blazeandcave:building/built_on_sand_set_in_stone": true
						}
					}
				}
			}
		},
		"hanging_around": {
			"trigger": "minecraft:location",
			"conditions": {
				"player":  {
					"type_specific": {
						"type": "player",
						"advancements": {
							"blazeandcave:building/hanging_around": true
						}
					}
				}
			}
		},
		"sign_off": {
			"trigger": "minecraft:location",
			"conditions": {
				"player":  {
					"type_specific": {
						"type": "player",
						"advancements": {
							"blazeandcave:building/sign_off": true
						}
					}
				}
			}
		},
		"shelf_expression": {
			"trigger": "minecraft:location",
			"conditions": {
				"player":  {
					"type_specific": {
						"type": "player",
						"advancements": {
							"blazeandcave:building/shelf_expression": true
						}
					}
				}
			}
		},
		"bamboozled": {
			"trigger": "minecraft:location",
			"conditions": {
				"player":  {
					"type_specific": {
						"type": "player",
						"advancements": {
							"blazeandcave:building/bamboozled": true
						}
					}
				}
			}
		},
		"cherry_bomb": {
			"trigger": "minecraft:location",
			"conditions": {
				"player":  {
					"type_specific": {
						"type": "player",
						"advancements": {
							"blazeandcave:building/cherry_bomb": true
						}
					}
				}
			}
		},
		"tuff_stuff": {
			"trigger": "minecraft:location",
			"conditions": {
				"player":  {
					"type_specific": {
						"type": "player",
						"advancements": {
							"blazeandcave:building/tuff_stuff": true
						}
					}
				}
			}
		},
		"bulbous": {
			"trigger": "minecraft:location",
			"conditions": {
				"player":  {
					"type_specific": {
						"type": "player",
						"advancements": {
							"blazeandcave:building/bulbous": true
						}
					}
				}
			}
		},
		"lighten_up": {
			"trigger": "minecraft:location",
			"conditions": {
				"player":  {
					"type_specific": {
						"type": "player",
						"advancements": {
							"minecraft:adventure/lighten_up": true
						}
					}
				}
			}
		},
		"pale_gardener": {
			"trigger": "minecraft:location",
			"conditions": {
				"player":  {
					"type_specific": {
						"type": "player",
						"advancements": {
							"blazeandcave:building/pale_gardener": true
						}
					}
				}
			}
		},
		"chartreuse": {
			"trigger": "minecraft:location",
			"conditions": {
				"player":  {
					"type_specific": {
						"type": "player",
						"advancements": {
							"blazeandcave:building/chartreuse": true
						}
					}
				}
			}
		},
		"shelfception": {
			"trigger": "minecraft:location",
			"conditions": {
				"player":  {
					"type_specific": {
						"type": "player",
						"advancements": {
							"blazeandcave:building/shelfception": true
						}
					}
				}
			}
		},
		"locked_and_loaded": {
			"trigger": "minecraft:location",
			"conditions": {
				"player":  {
					"type_specific": {
						"type": "player",
						"advancements": {
							"blazeandcave:building/locked_and_loaded": true
						}
					}
				}
			}
		}
	}
}