{
	"display": {
		"icon": {
			"id": "minecraft:wooden_axe"
		},
		"title": {"translate":"Time to Chop!"},
		"description": {"color":"green","translate":"Use planks and sticks to make an axe"},
		"announce_to_chat": true
	},
	"parent": "blazeandcave:bacap/time_to_strike",
	"rewards": {
		"function": "bacap_rewards:bacap/time_to_chop"
	},		
	"criteria": {
		"axe": {
			"trigger": "minecraft:inventory_changed",
			"conditions": {
				"items": [
					{
						"items": "#blazeandcave:axes"
					}
				]
			}
		}
	}
}