{
    "values": [
        "minecraft:plains",
        "minecraft:forest",
        "minecraft:flower_forest",
        "minecraft:swamp",
        "minecraft:meadow",
        "minecraft:sunflower_plains",
        "minecraft:savanna",
        {
            "id": "terralith:brushland",
            "required": false
        },
        {
            "id": "terralith:arid_highlands",
            "required": false
        },
        {
            "id": "terralith:shrubland",
            "required": false
        }
    ]
}