{
	"display": {
		"icon": {
			"id": "minecraft:creaking_spawn_egg"
		},
		"title": {"translate":"Heart Breaker"},
		"description": {"color":"green","translate":"Smash a Creaking Heart to destroy its Creaking"},
		"announce_to_chat": true
	},
	"parent": "blazeandcave:biomes/eyeball_forest",
	"rewards": {
		"function": "bacap_rewards:biomes/heart_breaker"
	},		
	"criteria": {
		"creaking": {
			"trigger": "minecraft:player_killed_entity",
			"conditions": {
				"entity": {
					"type": "creaking"
				}
			}
		}
	}
}