{
    "display": {
        "title": "Enchantment+ v3.1",
        "description": [
            {
                "text": "• Adds useful enchantment utilities for tools and armors."
            },
            {
                "text": "\n\n• The table and the guide book can be bought from wandering traders.",
                "color": "yellow"
            },
            {
                "text": "\n\n• Happy Enchanting!",
                "color": "blue"
            }
        ],
        "icon": {
            "item": "minecraft:chicken_spawn_egg",
            "nbt": "{CustomModelData:6960001}"
        },
        "announce_to_chat": false,
        "show_toast": false
    },
    "parent": "global:wyvernity",
    "criteria": {
        "trigger": {
            "trigger": "minecraft:tick"
        }
    }
}