{
	"display": {
		"icon": {
			"item": "minecraft:sculk"
		},
		"title": {"translate":"Like a Ninja"},
		"description": {"color":"#75E1FF","translate":"Find the Swift Sneak enchantment on an Enchanted Book in an Ancient City"},
		"announce_to_chat": true,
		"frame": "goal"
	},
	"parent": "blazeandcave:enchanting/fiery",
	"rewards": {
		"function": "bc_rewards:enchanting/like_a_ninja"
	},			
	"criteria": {
		"swift_sneak_book": {
			"trigger": "minecraft:inventory_changed",
			"conditions": {
				"items": [
					{
						"stored_enchantments": [
							{
								"enchantment": "minecraft:swift_sneak"
							}
						]
					}
				]
			}
		}
	},	
	"requirements": [
		[
			"swift_sneak_book"
		]
	]
}