{
	"display": {
		"icon": {
			"item": "minecraft:crossbow",
			"nbt": "{Enchantments:[{id:\"minecraft:unbreaking\",lvl:1}]}"
		},
		"title": {"translate":"Master Arbalist"},
		"description": {"color":"dark_purple","translate":"Create a crossbow with all possible enchantments at max level"},
		"announce_to_chat": true,
		"frame": "challenge"
	},
	"parent": "blazeandcave:enchanting/master_sniper",
	"rewards": {
		"function": "bc_rewards:enchanting/master_arbalist"
	},		
	"criteria": {
		"perfect_bow_multishot": {
			"trigger": "minecraft:inventory_changed",
			"conditions": {
				"items": [
					{
						"items": [
							"minecraft:crossbow"
						],
						"enchantments": [
							{
								"enchantment": "minecraft:quick_charge",
								"levels": {
									"min": 3
								}
							},
							{
								"enchantment": "minecraft:multishot",
								"levels": {
									"min": 1
								}
							},
							{
								"enchantment": "minecraft:mending",
								"levels": {
									"min": 1
								}
							},
							{
								"enchantment": "minecraft:unbreaking",
								"levels": {
									"min": 3
								}
							}	
						]
					}
				]
			}
		},
		"perfect_bow_piercing": {
			"trigger": "minecraft:inventory_changed",
			"conditions": {
				"items": [
					{
						"items": [
							"minecraft:crossbow"
						],
						"enchantments": [
							{
								"enchantment": "minecraft:quick_charge",
								"levels": {
									"min": 3
								}
							},						
							{
								"enchantment": "minecraft:piercing",
								"levels": {
									"min": 4
								}
							},
							{
								"enchantment": "minecraft:mending",
								"levels": {
									"min": 1
								}
							},
							{
								"enchantment": "minecraft:unbreaking",
								"levels": {
									"min": 3
								}
							}	
						]
					}
				]
			}
		}
	},
	"requirements": [
		[
			"perfect_bow_multishot",
			"perfect_bow_piercing"
		]
	]
}