{
	"display": {
		"icon": {
			"item": "minecraft:end_rod"
		},
		"title": {"translate":"Zeus"},
		"description": {"color":"#75E1FF","translate":"Obtain Channeling on a trident"},
		"announce_to_chat": true,
		"frame": "goal"
	},
	"parent": "blazeandcave:enchanting/do_a_barrel_roll",
	"rewards": {
		"function": "bc_rewards:enchanting/zeus"
	},			
	"criteria": {
		"power": {
			"trigger": "minecraft:inventory_changed",
			"conditions": {
				"items": [
					{
						"items": [
							"minecraft:trident"
						],
						"enchantments": [
							{
								"enchantment": "minecraft:channeling"
							}
						]
					}
				]
			}
		}
	}
}