{
    "anvil_cost": 2,
    "description": {
        "translate": "enchantment.enchantmentplus.cleansing",
        "fallback": "Cleansing"
    },
    "effects": {
        "minecraft:post_attack": [
            {
                "enchanted": "attacker",
                "affected": "attacker",
                "effect": {
                    "type": "minecraft:all_of",
                    "effects": [
                        {
                            "type": "minecraft:run_function",
                            "function": "enchantmentplus:enchantments/cleansing/clear_negative_effects"
                        }
                    ]
                },
                "requirements": {
                    "condition": "minecraft:all_of",
                    "terms": [
                        {
                            "condition": "minecraft:random_chance",
                            "chance": {
                                "type": "minecraft:enchantment_level",
                                "amount": {
                                    "type": "minecraft:linear",
                                    "base": 0.04,
                                    "per_level_above_first": 0.04
                                }
                            }
                        },
                        {
                            "condition": "minecraft:any_of",
                            "terms": [
                                {
                                    "condition": "minecraft:entity_properties",
                                    "entity": "attacker",
                                    "predicate": {
                                        "effects": {
                                            "minecraft:blindness": {}
                                        }
                                    }
                                },
                                {
                                    "condition": "minecraft:entity_properties",
                                    "entity": "attacker",
                                    "predicate": {
                                        "effects": {
                                            "minecraft:darkness": {}
                                        }
                                    }
                                },
                                {
                                    "condition": "minecraft:entity_properties",
                                    "entity": "attacker",
                                    "predicate": {
                                        "effects": {
                                            "minecraft:hunger": {}
                                        }
                                    }
                                },
                                {
                                    "condition": "minecraft:entity_properties",
                                    "entity": "attacker",
                                    "predicate": {
                                        "effects": {
                                            "minecraft:infested": {}
                                        }
                                    }
                                },
                                {
                                    "condition": "minecraft:entity_properties",
                                    "entity": "attacker",
                                    "predicate": {
                                        "effects": {
                                            "minecraft:levitation": {}
                                        }
                                    }
                                },
                                {
                                    "condition": "minecraft:entity_properties",
                                    "entity": "attacker",
                                    "predicate": {
                                        "effects": {
                                            "minecraft:mining_fatigue": {}
                                        }
                                    }
                                },
                                {
                                    "condition": "minecraft:entity_properties",
                                    "entity": "attacker",
                                    "predicate": {
                                        "effects": {
                                            "minecraft:nausea": {}
                                        }
                                    }
                                },
                                {
                                    "condition": "minecraft:entity_properties",
                                    "entity": "attacker",
                                    "predicate": {
                                        "effects": {
                                            "minecraft:oozing": {}
                                        }
                                    }
                                },
                                {
                                    "condition": "minecraft:entity_properties",
                                    "entity": "attacker",
                                    "predicate": {
                                        "effects": {
                                            "minecraft:poison": {}
                                        }
                                    }
                                },
                                {
                                    "condition": "minecraft:entity_properties",
                                    "entity": "attacker",
                                    "predicate": {
                                        "effects": {
                                            "minecraft:slowness": {}
                                        }
                                    }
                                },
                                {
                                    "condition": "minecraft:entity_properties",
                                    "entity": "attacker",
                                    "predicate": {
                                        "effects": {
                                            "minecraft:unluck": {}
                                        }
                                    }
                                },
                                {
                                    "condition": "minecraft:entity_properties",
                                    "entity": "attacker",
                                    "predicate": {
                                        "effects": {
                                            "minecraft:weakness": {}
                                        }
                                    }
                                },
                                {
                                    "condition": "minecraft:entity_properties",
                                    "entity": "attacker",
                                    "predicate": {
                                        "effects": {
                                            "minecraft:weaving": {}
                                        }
                                    }
                                },
                                {
                                    "condition": "minecraft:entity_properties",
                                    "entity": "attacker",
                                    "predicate": {
                                        "effects": {
                                            "minecraft:wind_charged": {}
                                        }
                                    }
                                },
                                {
                                    "condition": "minecraft:entity_properties",
                                    "entity": "attacker",
                                    "predicate": {
                                        "effects": {
                                            "minecraft:wither": {}
                                        }
                                    }
                                }
                            ]
                        }
                    ]
                }
            }
        ]
    },
    "exclusive_set": "#enchantmentplus:exclusive_set/defensive_hit_effect",
    "max_cost": {
        "base": 16,
        "per_level_above_first": 5
    },
    "max_level": 10,
    "min_cost": {
        "base": 1,
        "per_level_above_first": 5
    },
    "slots": [
        "mainhand"
    ],
    "supported_items": "#enchantmentplus:enchantable/cleansing",
    "weight": 2
}