{
    "anvil_cost": 8,
    "description": {
        "translate": "enchantment.enchantmentplus.curse_of_aww_man",
        "fallback": "Curse of Aww Man"
    },
    "effects": {
        "minecraft:tick": [
            {
                "effect": {
                    "type": "minecraft:run_function",
                    "function": "enchantmentplus:enchantments/curse_of_aww_man/play_sound"
                },
                "requirements": {
                    "condition": "all_of",
                    "terms": [
                        {
                            "condition": "minecraft:entity_properties",
                            "entity": "this",
                            "predicate": {
                                "periodic_tick": 1200
                            }
                        },
                        {
                            "condition": "minecraft:random_chance",
                            "chance": 0.5
                        }
                    ]
                }
            }
        ]
    },
    "max_cost": {
        "base": 50,
        "per_level_above_first": 0
    },
    "max_level": 1,
    "min_cost": {
        "base": 25,
        "per_level_above_first": 0
    },
    "slots": [
        "any"
    ],
    "supported_items": "#enchantmentplus:enchantable/curse_of_aww_man",
    "weight": 1
}