{
    "anvil_cost": 2,
    "description": {
        "translate": "enchantment.enchantmentplus.deflect",
        "fallback": "Deflect"
    },
    "effects": {
        "minecraft:tick": [
            {
                "effect": {
                    "type": "minecraft:apply_mob_effect",
                    "to_apply": "minecraft:resistance",
                    "min_duration": 0.1,
                    "max_duration": 0.1,
                    "min_amplifier": 10,
                    "max_amplifier": 10
                },
                "requirements": {
                    "condition": "minecraft:all_of",
                    "terms": [
                        {
                            "condition": "minecraft:inverted",
                            "term": {
                                "condition": "minecraft:entity_scores",
                                "entity": "this",
                                "scores": {
                                    "eplus.deflect_delay": {
                                        "min": 1
                                    }
                                }
                            }
                        },
                        {
                            "condition": "minecraft:inverted",
                            "term": {
                                "condition": "minecraft:entity_properties",
                                "entity": "this",
                                "predicate": {
                                    "equipment": {
                                        "chest": {
                                            "predicates": {
                                                "minecraft:enchantments": [
                                                    {
                                                        "enchantments": "enchantmentplus:isolated"
                                                    }
                                                ]
                                            }
                                        }
                                    }
                                }
                            }
                        }
                    ]
                }
            },
            {
                "effect": {
                    "type": "minecraft:run_function",
                    "function": "enchantmentplus:enchantments/deflect/took_damage"
                },
                "requirements": {
                    "condition": "minecraft:all_of",
                    "terms": [
                        {
                            "condition": "minecraft:entity_properties",
                            "entity": "this",
                            "predicate": {
                                "type": "minecraft:player"
                            }
                        },
                        {
                            "condition": "minecraft:inverted",
                            "term": {
                                "condition": "minecraft:entity_scores",
                                "entity": "this",
                                "scores": {
                                    "eplus.deflect_delay": {
                                        "min": 1
                                    }
                                }
                            }
                        },
                        {
                            "condition": "minecraft:entity_scores",
                            "entity": "this",
                            "scores": {
                                "eplus.deflect_damage_resisted": {
                                    "min": 1
                                }
                            }
                        }
                    ]
                }
            }
        ],
        "minecraft:post_attack": [
            {
                "enchanted": "victim",
                "affected": "victim",
                "effect": {
                    "type": "minecraft:run_function",
                    "function": "enchantmentplus:enchantments/deflect/took_damage"
                },
                "requirements": {
                    "condition": "minecraft:all_of",
                    "terms": [
                        {
                            "condition": "minecraft:inverted",
                            "term": {
                                "condition": "minecraft:entity_properties",
                                "entity": "this",
                                "predicate": {
                                    "type": "minecraft:player"
                                }
                            }
                        },
                        {
                            "condition": "minecraft:inverted",
                            "term": {
                                "condition": "minecraft:entity_scores",
                                "entity": "this",
                                "scores": {
                                    "eplus.deflect_delay": {
                                        "min": 1
                                    }
                                }
                            }
                        }
                    ]
                }
            }
        ]
    },
    "max_cost": {
        "base": 16,
        "per_level_above_first": 10
    },
    "max_level": 4,
    "min_cost": {
        "base": 1,
        "per_level_above_first": 10
    },
    "slots": [
        "armor"
    ],
    "supported_items": "#enchantmentplus:enchantable/deflect",
    "weight": 2
}