{
    "anvil_cost": 8,
    "description": {
        "translate": "enchantment.enchantmentplus.indestructible",
        "fallback": "\u00A76Indestructible"
    },
    "effects": {
        "minecraft:item_damage": [
            {
                "effect": {
                    "type": "minecraft:set",
                    "value": 0
                }
            }
        ]
    },
    "max_cost": {
        "base": 60,
        "per_level_above_first": 12
    },
    "max_level": 1,
    "min_cost": {
        "base": 8,
        "per_level_above_first": 12
    },
    "slots": [
        "any"
    ],
    "supported_items": "#enchantmentplus:enchantable/indestructible",
    "weight": 1
}