{
    "criteria": {
        "requirement": {
            "trigger": "minecraft:item_used_on_block",
            "conditions": {
                "location": [
                    {
                        "condition": "minecraft:location_check",
                        "predicate": {
                            "block": {
                                "nbt": "{Items:[{tag:{pkWaystone:1b}}]}"
                            }
                        }
                    }
                ]
            }
        }
    },
    "rewards": {
        "function": "pk_waystones:blocks/waystone/actions/right_click_on_container/trigger"
    }
}
