{
	"display": {
		"icon": {
			"id": "minecraft:egg"
		},
		"title": {"translate":"Which came first?"},
		"description": {"color":"green","translate":"The chicken... or the egg??"},
		"announce_to_chat": true
	},
	"parent": "blazeandcave:animal/so_good",
	"rewards": {
		"function": "bacap_rewards:animal/which_came_first"
	},		
	"criteria": {
		"egg": {
			"trigger": "minecraft:inventory_changed",
			"conditions": {
				"items": [
					{
						"items": [
							"minecraft:egg"
						]
					}
				]
			}
		}
	}
}