{
	"display": {
		"icon": {
			"id": "minecraft:trident",
			"components": {
				"minecraft:enchantment_glint_override": true
			}
		},
		"title": {"translate":"God of Thunder"},
		"description": {"color":"#75E1FF","translate":"Name your Trident with Loyalty III and Channeling 'Mjolnir'"},
		"announce_to_chat": true,
		"frame": "goal"
	},
	"parent": "blazeandcave:enchanting/ill_be_back",
	"rewards": {
		"function": "bc_rewards:enchanting/god_of_thunder"
	},	
	"criteria": {
		"mjolnir": {
			"trigger": "minecraft:impossible",
			"conditions": {
				"items": [
					{
						"items": [
							"minecraft:trident"
						],
						"nbt": "{display:{Name:\'\"Mjolnir\"\'}}",
						"predicates": {
							"enchantments": [
								{
									"enchantment": "minecraft:loyalty",
									"levels": {
										"min": 3
									}
								},
								{
									"enchantment": "minecraft:channeling",
									"levels": {
										"min": 1
									}
								}
							]
						}
					}
				]
			}
		},
		"mjolnir_old": {
			"trigger": "minecraft:impossible",
			"conditions": {
				"items": [
					{
						"items": [
							"minecraft:trident"
						],
						"nbt": "{display:{Name:\"{\\\"text\\\":\\\"Mjolnir\\\"}\"}}",
						"predicates": {
							"enchantments": [
								{
									"enchantment": "minecraft:loyalty",
									"levels": {
										"min": 3
									}
								},
								{
									"enchantment": "minecraft:channeling",
									"levels": {
										"min": 1
									}
								}
							]
						}
					}
				]
			}
		}
	},
	"requirements": [
		[
			"mjolnir",
			"mjolnir_old"
		]
	]
}