{
	"display": {
		"icon": {
			"id": "minecraft:diamond_sword"
		},
		"title": {"translate":"Overkill"},
		"description": {"color":"#75E1FF","translate":"Deal eight hearts of damage in a single melee blow"},
		"announce_to_chat": true,
		"frame": "goal"
	},
	"parent": "blazeandcave:enchanting/needle_sharp",
	"rewards": {
		"function": "bc_rewards:enchanting/overkill"
	},		
	"criteria": {
		"overkill": {
			"trigger": "minecraft:player_hurt_entity",
			"conditions": {
				"damage": {
					"dealt": {
						"min": 16.0,
						"max": 999.0
					},
					"type": {
						"tags": [
							{
								"id": "minecraft:player_attack",
								"expected": true
							}
						]
					}
				}
			}
		}
	}
}