{
	"display": {
		"icon": {
			"id": "minecraft:diamond_sword"
		},
		"title": {"translate":"This name sounds cooler"},
		"description": {"color":"green","translate":"Name your Diamond Sword 'Diamond Edge'"},
		"announce_to_chat": true
	},
	"parent": "blazeandcave:enchanting/heavy_metal",
	"rewards": {
		"function": "bc_rewards:enchanting/this_name_sounds_cooler"
	},	
	"criteria": {
		"diamond_edge": {
			"trigger": "minecraft:impossible",
			"conditions": {
				"items": [
					{
						"items": [
							"minecraft:diamond_sword"
						],
						"nbt": "{display:{Name:\'\"Diamond Edge\"\'}}"
					}
				]
			}
		},
		"diamond_edge_old": {
			"trigger": "minecraft:impossible",
			"conditions": {
				"items": [
					{
						"items": [
							"minecraft:diamond_sword"
						],
						"nbt": "{display:{Name:\"{\\\"text\\\":\\\"Diamond Edge\\\"}\"}}"
					}
				]
			}
		}
	},
	"requirements": [
		[
			"diamond_edge",
			"diamond_edge_old"
		]
	]
}