[
    {
        "condition": "minecraft:entity_properties",
        "entity": "this",
        "predicate": {
            "equipment": {
                "mainhand": {
                    "items": ["minecraft:golden_pickaxe"]
                }
            }
        }
    },
    {
        "condition": "minecraft:location_check",
        "predicate": {
            "block": {
                "tag": "minecraft:mineable/pickaxe"
            }
        }
    },
    {
        "condition": "minecraft:inverted",
        "term": {
            "condition": "minecraft:location_check",
            "predicate": {
                "block": {
                    "tag": "minecraft:needs_diamond_tool"
                }
            }
        }
    },
    {
        "condition": "minecraft:inverted",
        "term": {
            "condition": "minecraft:location_check",
            "predicate": {
                "block": {
                    "tag": "minecraft:needs_iron_tool"
                }
            }
        }
    },
    {
        "condition": "minecraft:inverted",
        "term": {
            "condition": "minecraft:location_check",
            "predicate": {
                "block": {
                    "tag": "minecraft:needs_stone_tool"
                }
            }
        }
    }
]