{
	"feature": "terralith:canyon/sandstone/lake_palms",
	"placement": [
		{
			"type": "minecraft:count",
			"count": 6
		},
		{
			"type": "minecraft:in_square"
		},
		{
			"type": "minecraft:heightmap",
			"heightmap":"WORLD_SURFACE_WG"
		},
		{
			"type": "minecraft:block_predicate_filter",
			"predicate": {
				"type": "minecraft:matching_blocks",
				"offset": [
					0,
					-1,
					0
				],
				"blocks": [
					"minecraft:moss_block"
				]
			}
		},
		{
			"type": "minecraft:biome"
		}
	]
}
