{
	"feature": "terralith:birch/trees_2",
	"placement": [
		{
			"type": "minecraft:count",
			"count": {
				"type": "minecraft:weighted_list",
				"distribution": [
					{
						"weight": 0,
						"data": 200
					},
					{
						"weight": 100,
						"data": 204
					}
				]
			}
		},
		{
			"type": "minecraft:in_square"
		},
		{
			"type": "minecraft:noise_based_count",
			"noise_to_count_ratio": -10,
			"noise_factor": 225,
			"noise_offset": 0
		},
		{
			"type": "minecraft:rarity_filter",
			"chance": 100
		},
		{
			"type": "heightmap",
			"heightmap": "WORLD_SURFACE_WG"
		}
	]
}
