{
    "type": "minecraft:crafting_shaped",
    "pattern": [" E ", "ALA", "PPP"],
    "key": {
        "E": {
            "item": "minecraft:ender_eye"
        },
        "A": {
            "item": "minecraft:amethyst_shard"
        },
        "L": {
            "item": "minecraft:lodestone"
        },
        "P": {
            "item": "minecraft:polished_andesite"
        }
    },
    "result": {
        "id": "minecraft:player_head",
        "components": {
            "minecraft:custom_model_data": 11130032,
            "minecraft:lore": [
                "{\"color\":\"dark_gray\",\"italic\":false,\"text\":\"Andesite Waystone\"}"
            ],
            "minecraft:item_name": "{\"color\":\"yellow\",\"italic\":false,\"text\":\"Andesite Waystone\"}",
            "minecraft:custom_data": {
                "pk_data": {
                    "custom_block": 1,
                    "id": "waystone",
                    "from": "waystones",
                    "variant": "andesite",
                    "version": 10
                }
            },
            "minecraft:profile": {
                "properties": [
                    {
                        "name": "textures",
                        "value": "eyJ0ZXh0dXJlcyI6eyJTS0lOIjp7InVybCI6Imh0dHA6Ly90ZXh0dXJlcy5taW5lY3JhZnQubmV0L3RleHR1cmUvZjg3N2M5NTA5NTg3YjNiODhjOTI3Zjc0YWE2NjlhZTg3MjVhMTRmZjU1ZGY2ZGUwMDRjNDFlMjYxNzg1YTJmOCJ9fX0="
                    }
                ]
            }
        }
    }
}
