{
  "anvil_cost": 1,
  "description": {
    "translate": "enchantment.minecraft.efficiency"
  },
  "effects": {
    "minecraft:attributes": [
      {
        "amount": {
          "type": "minecraft:levels_squared",
          "added": 1.0
        },
        "attribute": "minecraft:mining_efficiency",
        "id": "minecraft:enchantment.efficiency",
        "operation": "add_value"
      }
    ]
  },
  "max_cost": {
    "base": 51,
    "per_level_above_first": 5
  },
  "max_level": 10,
  "min_cost": {
    "base": 1,
    "per_level_above_first": 5
  },
  "slots": [
    "mainhand"
  ],
  "supported_items": "#minecraft:enchantable/mining",
  "weight": 10
}