[
    {
        "condition": "minecraft:entity_properties",
        "entity": "this",
        "predicate": {
            "equipment": {
                "mainhand": {
                    "tag": "enchantmentplus:hoes"
                }
            }
        }
    },
    {
        "condition": "minecraft:any_of",
        "terms": [
            {
                "condition": "minecraft:location_check",
                "predicate": {
                    "block": {
                        "tag": "minecraft:mineable/hoe"
                    }
                }
            },
            {
                "condition": "minecraft:location_check",
                "predicate": {
                    "block": {
                        "blocks": [
                            "minecraft:wheat",
                            "minecraft:carrots",
                            "minecraft:potatoes",
                            "minecraft:beetroots",
                            "minecraft:nether_wart"
                        ]
                    }
                }
            },
            {
                "condition": "minecraft:all_of",
                "terms": [
                    {
                        "condition": "minecraft:entity_properties",
                        "entity": "this",
                        "predicate": {
                            "nbt": "{Tags:[\"eplus.wide_preview\"]}"
                        }
                    },
                    {
                        "condition": "minecraft:location_check",
                        "predicate": {
                            "block": {
                                "tag": "enchantmentplus:is_tillable"
                            }
                        }
                    }
                ]
            }
        ]
    }
]