{
	"display": {
		"icon": {
			"item": "minecraft:spectral_arrow"
		},
		"title": {"translate":"Good Luck Getting This One"},
		"description": {"color":"light_purple","translate":"Kill a baby Turtle, a Witch, a Phantom, an Elder Guardian and a Piglin Brute with one piercing arrow in The End"},
		"announce_to_chat": true,
		"frame": "challenge",
		"hidden": true
	},
	"parent": "blazeandcave:end/anti_gravity_generator",
	"rewards": {
		"function": "bc_rewards:end/good_luck_getting_this_one"
	},		
	"criteria": {
		"good_luck_getting_this_one": {
			"trigger": "minecraft:killed_by_crossbow",
			"conditions": {
				"victims": [
					{
						"type": "minecraft:turtle",
						"flags": {
							"is_baby": true
						},
						"location": {
							"dimension": "the_end"
						}
					},
					{
						"type": "minecraft:witch",
						"location": {
							"dimension": "the_end"
						}
					},
					{
						"type": "minecraft:phantom",
						"location": {
							"dimension": "the_end"
						}
					},
					{
						"type": "minecraft:elder_guardian",
						"location": {
							"dimension": "the_end"
						}
					},
					{
						"type": "minecraft:piglin_brute",
						"location": {
							"dimension": "the_end"
						}
					}
				]
			}
		}
	}
}