{
	"feature": "terralith:cliffs/white/andesite_crack",
	"placement": [
		{
			"type": "minecraft:count",
			"count": 60
		},
		{
			"type": "minecraft:count",
			"count": 20
		},
		{
			"type": "minecraft:in_square"
		},
		{
			"type": "minecraft:height_range",
			"height": {
				"type": "minecraft:uniform",
				"min_inclusive": {
					"absolute": 64
				},
				"max_inclusive": {
					"absolute": 164
				}
			}
		},
		{
			"type": "minecraft:surface_relative_threshold_filter",
			"heightmap": "WORLD_SURFACE_WG",
			"min_inclusive": -128,
			"max_inclusive": 2
		},
		{
			"type": "minecraft:block_predicate_filter",
			"direction_of_search": "down",
			"max_steps": 16,
			"predicate": {
				"type": "minecraft:all_of",
				"predicates": [
					{
						"type": "minecraft:any_of",
						"predicates": [
							{
								"type": "minecraft:all_of",
								"predicates": [
									{
										"type": "minecraft:matching_blocks",
										"offset": [
											0,
											1,
											0
										],
										"blocks": [
											"minecraft:andesite"
										]
									}
								]
							}
						]
					}
				]
			}
		},
		{
			"type": "minecraft:biome"
		}
	]
}
