{
	"feature": "terralith:cliffs/white/andesite_seed",
	"placement": [
		{
			"type": "minecraft:count",
			"count": 122
		},
		{
			"type": "minecraft:in_square"
		},
		{
			"type": "minecraft:heightmap",
			"heightmap": "WORLD_SURFACE_WG"
		},
		{
			"type": "environment_scan",
			"direction_of_search": "down",
			"max_steps": 32,
			"target_condition": {
				"type": "minecraft:all_of",
				"predicates": [
					{
						"type": "minecraft:matching_blocks",
						"offset": [
							0,
							-1,
							0
						],
						"blocks": [
							"minecraft:diorite",
							"minecraft:moss_block"
						]
					},
					{
						"type": "minecraft:any_of",
						"predicates": [
							{
								"type": "minecraft:all_of",
								"predicates": [
									{
										"type": "minecraft:matching_blocks",
										"offset": [
											1,
											-1,
											0
										],
										"blocks": [
											"minecraft:air"
										]
									},
									{
										"type": "minecraft:matching_blocks",
										"offset": [
											2,
											-1,
											0
										],
										"blocks": [
											"minecraft:air"
										]
									},
									{
										"type": "minecraft:matching_blocks",
										"offset": [
											3,
											-1,
											0
										],
										"blocks": [
											"minecraft:air"
										]
									},
									{
										"type": "minecraft:matching_blocks",
										"offset": [
											4,
											-1,
											0
										],
										"blocks": [
											"minecraft:air"
										]
									},
									{
										"type": "minecraft:matching_blocks",
										"offset": [
											5,
											-1,
											0
										],
										"blocks": [
											"minecraft:air"
										]
									}
								]
							},
							{
								"type": "minecraft:all_of",
								"predicates": [
									{
										"type": "minecraft:matching_blocks",
										"offset": [
											-1,
											-1,
											0
										],
										"blocks": [
											"minecraft:air"
										]
									},
									{
										"type": "minecraft:matching_blocks",
										"offset": [
											-2,
											-1,
											0
										],
										"blocks": [
											"minecraft:air"
										]
									},
									{
										"type": "minecraft:matching_blocks",
										"offset": [
											-3,
											-1,
											0
										],
										"blocks": [
											"minecraft:air"
										]
									},
									{
										"type": "minecraft:matching_blocks",
										"offset": [
											-4,
											-1,
											0
										],
										"blocks": [
											"minecraft:air"
										]
									},
									{
										"type": "minecraft:matching_blocks",
										"offset": [
											-5,
											-1,
											0
										],
										"blocks": [
											"minecraft:air"
										]
									}
								]
							},
							{
								"type": "minecraft:all_of",
								"predicates": [
									{
										"type": "minecraft:matching_blocks",
										"offset": [
											0,
											-1,
											1
										],
										"blocks": [
											"minecraft:air"
										]
									},
									{
										"type": "minecraft:matching_blocks",
										"offset": [
											0,
											-1,
											2
										],
										"blocks": [
											"minecraft:air"
										]
									},
									{
										"type": "minecraft:matching_blocks",
										"offset": [
											0,
											-1,
											3
										],
										"blocks": [
											"minecraft:air"
										]
									},
									{
										"type": "minecraft:matching_blocks",
										"offset": [
											0,
											-1,
											4
										],
										"blocks": [
											"minecraft:air"
										]
									},
									{
										"type": "minecraft:matching_blocks",
										"offset": [
											0,
											-1,
											5
										],
										"blocks": [
											"minecraft:air"
										]
									}
								]
							},
							{
								"type": "minecraft:all_of",
								"predicates": [
									{
										"type": "minecraft:matching_blocks",
										"offset": [
											0,
											-1,
											-1
										],
										"blocks": [
											"minecraft:air"
										]
									},
									{
										"type": "minecraft:matching_blocks",
										"offset": [
											0,
											-1,
											-2
										],
										"blocks": [
											"minecraft:air"
										]
									},
									{
										"type": "minecraft:matching_blocks",
										"offset": [
											0,
											-1,
											-3
										],
										"blocks": [
											"minecraft:air"
										]
									},
									{
										"type": "minecraft:matching_blocks",
										"offset": [
											0,
											-1,
											-4
										],
										"blocks": [
											"minecraft:air"
										]
									},
									{
										"type": "minecraft:matching_blocks",
										"offset": [
											0,
											-1,
											-5
										],
										"blocks": [
											"minecraft:air"
										]
									}
								]
							}
						]
					}
				]
			}
		},
		{
			"type": "minecraft:biome"
		}
	]
}
