[
    {
        "condition": "minecraft:reference",
        "name": "enchantmentplus:recipes/empty_slots/all"
    },
    {
        "condition": "minecraft:any_of",
        "terms": [
            {
                "condition": "minecraft:reference",
                "name": "enchantmentplus:recipes/vanilla/item/aqua_affinity"
            },
            {
                "condition": "minecraft:reference",
                "name": "enchantmentplus:recipes/vanilla/item/bane_of_arthropods"
            },
            {
                "condition": "minecraft:reference",
                "name": "enchantmentplus:recipes/vanilla/item/blast_protection"
            },
            {
                "condition": "minecraft:reference",
                "name": "enchantmentplus:recipes/vanilla/item/channeling"
            },
            {
                "condition": "minecraft:reference",
                "name": "enchantmentplus:recipes/vanilla/item/curse_of_binding"
            },
            {
                "condition": "minecraft:reference",
                "name": "enchantmentplus:recipes/vanilla/item/curse_of_vanishing"
            },
            {
                "condition": "minecraft:reference",
                "name": "enchantmentplus:recipes/vanilla/item/depth_strider"
            },
            {
                "condition": "minecraft:reference",
                "name": "enchantmentplus:recipes/vanilla/item/efficiency"
            },
            {
                "condition": "minecraft:reference",
                "name": "enchantmentplus:recipes/vanilla/item/feather_falling"
            },
            {
                "condition": "minecraft:reference",
                "name": "enchantmentplus:recipes/vanilla/item/fire_aspect"
            },
            {
                "condition": "minecraft:reference",
                "name": "enchantmentplus:recipes/vanilla/item/fire_protection"
            },
            {
                "condition": "minecraft:reference",
                "name": "enchantmentplus:recipes/vanilla/item/flame"
            },
            {
                "condition": "minecraft:reference",
                "name": "enchantmentplus:recipes/vanilla/item/fortune"
            },
            {
                "condition": "minecraft:reference",
                "name": "enchantmentplus:recipes/vanilla/item/frost_walker"
            },
            {
                "condition": "minecraft:reference",
                "name": "enchantmentplus:recipes/vanilla/item/impaling"
            },
            {
                "condition": "minecraft:reference",
                "name": "enchantmentplus:recipes/vanilla/item/infinity"
            },
            {
                "condition": "minecraft:reference",
                "name": "enchantmentplus:recipes/vanilla/item/knockback"
            },
            {
                "condition": "minecraft:reference",
                "name": "enchantmentplus:recipes/vanilla/item/looting"
            },
            {
                "condition": "minecraft:reference",
                "name": "enchantmentplus:recipes/vanilla/item/loyalty"
            },
            {
                "condition": "minecraft:reference",
                "name": "enchantmentplus:recipes/vanilla/item/luck_of_the_sea"
            },
            {
                "condition": "minecraft:reference",
                "name": "enchantmentplus:recipes/vanilla/item/lure"
            },
            {
                "condition": "minecraft:reference",
                "name": "enchantmentplus:recipes/vanilla/item/mending"
            },
            {
                "condition": "minecraft:reference",
                "name": "enchantmentplus:recipes/vanilla/item/multishot"
            },
            {
                "condition": "minecraft:reference",
                "name": "enchantmentplus:recipes/vanilla/item/piercing"
            },
            {
                "condition": "minecraft:reference",
                "name": "enchantmentplus:recipes/vanilla/item/power"
            },
            {
                "condition": "minecraft:reference",
                "name": "enchantmentplus:recipes/vanilla/item/projectile_protection"
            },
            {
                "condition": "minecraft:reference",
                "name": "enchantmentplus:recipes/vanilla/item/protection"
            },
            {
                "condition": "minecraft:reference",
                "name": "enchantmentplus:recipes/vanilla/item/punch"
            },
            {
                "condition": "minecraft:reference",
                "name": "enchantmentplus:recipes/vanilla/item/quick_charge"
            },
            {
                "condition": "minecraft:reference",
                "name": "enchantmentplus:recipes/vanilla/item/respiration"
            },
            {
                "condition": "minecraft:reference",
                "name": "enchantmentplus:recipes/vanilla/item/riptide"
            },
            {
                "condition": "minecraft:reference",
                "name": "enchantmentplus:recipes/vanilla/item/sharpness"
            },
            {
                "condition": "minecraft:reference",
                "name": "enchantmentplus:recipes/vanilla/item/silk_touch"
            },
            {
                "condition": "minecraft:reference",
                "name": "enchantmentplus:recipes/vanilla/item/smite"
            },
            {
                "condition": "minecraft:reference",
                "name": "enchantmentplus:recipes/vanilla/item/soul_speed"
            },
            {
                "condition": "minecraft:reference",
                "name": "enchantmentplus:recipes/vanilla/item/sweeping_edge"
            },
            {
                "condition": "minecraft:reference",
                "name": "enchantmentplus:recipes/vanilla/item/swift_sneak"
            },
            {
                "condition": "minecraft:reference",
                "name": "enchantmentplus:recipes/vanilla/item/thorns"
            },
            {
                "condition": "minecraft:reference",
                "name": "enchantmentplus:recipes/vanilla/item/unbreaking"
            }
        ]
    },
    {
        "condition": "minecraft:any_of",
        "terms": [
            {
                "condition": "minecraft:location_check",
                "predicate": {
                    "block": {
                        "nbt": "{Items:[{Slot:1b,tag:{StoredEnchantments:[{}]}}]}"
                    }
                }
            },
            {
                "condition": "minecraft:location_check",
                "predicate": {
                    "block": {
                        "nbt": "{Items:[{Slot:2b,tag:{StoredEnchantments:[{}]}}]}"
                    }
                }
            },
            {
                "condition": "minecraft:location_check",
                "predicate": {
                    "block": {
                        "nbt": "{Items:[{Slot:3b,tag:{StoredEnchantments:[{}]}}]}"
                    }
                }
            },
            {
                "condition": "minecraft:location_check",
                "predicate": {
                    "block": {
                        "nbt": "{Items:[{Slot:10b,tag:{StoredEnchantments:[{}]}}]}"
                    }
                }
            },
            {
                "condition": "minecraft:location_check",
                "predicate": {
                    "block": {
                        "nbt": "{Items:[{Slot:12b,tag:{StoredEnchantments:[{}]}}]}"
                    }
                }
            },
            {
                "condition": "minecraft:location_check",
                "predicate": {
                    "block": {
                        "nbt": "{Items:[{Slot:19b,tag:{StoredEnchantments:[{}]}}]}"
                    }
                }
            },
            {
                "condition": "minecraft:location_check",
                "predicate": {
                    "block": {
                        "nbt": "{Items:[{Slot:20b,tag:{StoredEnchantments:[{}]}}]}"
                    }
                }
            },
            {
                "condition": "minecraft:location_check",
                "predicate": {
                    "block": {
                        "nbt": "{Items:[{Slot:21b,tag:{StoredEnchantments:[{}]}}]}"
                    }
                }
            }
        ]
    }
]