{
  "parent": "minecraft:recipes/root",
  "criteria": {
    "has_an_ingredient": {
      "trigger": "minecraft:inventory_changed",
      "conditions": {
        "items": [
          {
            "items": [
              "minecraft:amethyst_shard",
              "minecraft:ender_eye",
              "minecraft:lodestone",
              "minecraft:prismarine"
            ]
          }
        ]
      }
    },
    "has_the_recipe": {
      "trigger": "minecraft:recipe_unlocked",
      "conditions": {
        "recipe": "pk_waystones:waystone/prismarine"
      }
    }
  },
  "requirements": [
    [
      "has_the_recipe",
      "has_an_ingredient"
    ]
  ],
  "rewards": {
    "recipes": [
      "pk_waystones:waystone/prismarine"
    ]
  }
}