[
    {
        "condition": "minecraft:any_of",
        "terms": [
            {
                "condition": "minecraft:location_check",
                "predicate": {
                    "block": {
                        "nbt": "{Items:[{id:\"minecraft:name_tag\",tag:{display:{Name:'{\"text\":\"Beheading I\"}'}}}]}"
                    }
                }
            },
            {
                "condition": "minecraft:location_check",
                "predicate": {
                    "block": {
                        "nbt": "{Items:[{id:\"minecraft:name_tag\",tag:{display:{Name:'{\"text\":\"Beheading II\"}'}}}]}"
                    }
                }
            },
            {
                "condition": "minecraft:location_check",
                "predicate": {
                    "block": {
                        "nbt": "{Items:[{id:\"minecraft:name_tag\",tag:{display:{Name:'{\"text\":\"Beheading III\"}'}}}]}"
                    }
                }
            },
            {
                "condition": "minecraft:location_check",
                "predicate": {
                    "block": {
                        "nbt": "{Items:[{id:\"minecraft:name_tag\",tag:{display:{Name:'{\"text\":\"Beheading IV\"}'}}}]}"
                    }
                }
            },
            {
                "condition": "minecraft:location_check",
                "predicate": {
                    "block": {
                        "nbt": "{Items:[{id:\"minecraft:name_tag\",tag:{display:{Name:'{\"text\":\"Beheading V\"}'}}}]}"
                    }
                }
            }
        ]
    }
]