[
    {
        "condition": "minecraft:any_of",
        "terms": [
            {
                "condition": "minecraft:location_check",
                "predicate": {
                    "block": {
                        "nbt": "{Items:[{id:\"minecraft:name_tag\",tag:{display:{Name:'{\"text\":\"Icy I\"}'}}}]}"
                    }
                }
            },
            {
                "condition": "minecraft:location_check",
                "predicate": {
                    "block": {
                        "nbt": "{Items:[{id:\"minecraft:name_tag\",tag:{display:{Name:'{\"text\":\"Icy II\"}'}}}]}"
                    }
                }
            },
            {
                "condition": "minecraft:location_check",
                "predicate": {
                    "block": {
                        "nbt": "{Items:[{id:\"minecraft:name_tag\",tag:{display:{Name:'{\"text\":\"Icy III\"}'}}}]}"
                    }
                }
            },
            {
                "condition": "minecraft:location_check",
                "predicate": {
                    "block": {
                        "nbt": "{Items:[{id:\"minecraft:name_tag\",tag:{display:{Name:'{\"text\":\"Icy IV\"}'}}}]}"
                    }
                }
            },
            {
                "condition": "minecraft:location_check",
                "predicate": {
                    "block": {
                        "nbt": "{Items:[{id:\"minecraft:name_tag\",tag:{display:{Name:'{\"text\":\"Icy V\"}'}}}]}"
                    }
                }
            }
        ]
    }
]