[
    {
        "condition": "minecraft:any_of",
        "terms": [
            {
                "condition": "minecraft:location_check",
                "predicate": {
                    "block": {
                        "nbt": "{Items:[{id:\"minecraft:name_tag\",tag:{display:{Name:'{\"text\":\"Lumberjack I\"}'}}}]}"
                    }
                }
            },
            {
                "condition": "minecraft:location_check",
                "predicate": {
                    "block": {
                        "nbt": "{Items:[{id:\"minecraft:name_tag\",tag:{display:{Name:'{\"text\":\"Lumberjack II\"}'}}}]}"
                    }
                }
            },
            {
                "condition": "minecraft:location_check",
                "predicate": {
                    "block": {
                        "nbt": "{Items:[{id:\"minecraft:name_tag\",tag:{display:{Name:'{\"text\":\"Lumberjack III\"}'}}}]}"
                    }
                }
            },
            {
                "condition": "minecraft:location_check",
                "predicate": {
                    "block": {
                        "nbt": "{Items:[{id:\"minecraft:name_tag\",tag:{display:{Name:'{\"text\":\"Lumberjack IV\"}'}}}]}"
                    }
                }
            },
            {
                "condition": "minecraft:location_check",
                "predicate": {
                    "block": {
                        "nbt": "{Items:[{id:\"minecraft:name_tag\",tag:{display:{Name:'{\"text\":\"Lumberjack V\"}'}}}]}"
                    }
                }
            }
        ]
    }
]