{
    "effects": {
        "mood_sound": {
            "sound": "minecraft:ambient.cave",
            "tick_delay": 6000,
            "block_search_extent": 8,
            "offset": 2
        },
        "grass_color_modifier": "swamp",
        "sky_color": 10599601,
        "fog_color": 10660776,
        "foliage_color": 6975545,
        "water_color": 6388580,
        "water_fog_color": 2302743
    },
    "carvers": {
        "air": [
            "minecraft:cave",
            "minecraft:cave_extra_underground",
            "minecraft:canyon",
            "terralith:deep_ravine"
        ]
    },
    "features": [
        [],
        [
            "minecraft:lake_lava_underground",
            "minecraft:lake_lava_surface"
        ],
        [
            "minecraft:amethyst_geode",
            "terralith:cave/generic/mega_geode"
        ],
        [
            "minecraft:fossil_upper",
            "minecraft:fossil_lower",
            "minecraft:monster_room",
            "minecraft:monster_room_deep"
        ],
        [],
        [],
        [
            "minecraft:ore_dirt",
            "minecraft:ore_gravel",
            "minecraft:ore_granite_upper",
            "minecraft:ore_granite_lower",
            "minecraft:ore_diorite_upper",
            "minecraft:ore_diorite_lower",
            "minecraft:ore_andesite_upper",
            "minecraft:ore_andesite_lower",
            "minecraft:ore_tuff",
            "minecraft:ore_coal_upper",
            "minecraft:ore_coal_lower",
            "minecraft:ore_iron_upper",
            "minecraft:ore_iron_middle",
            "minecraft:ore_iron_small",
            "minecraft:ore_gold",
            "minecraft:ore_gold_lower",
            "minecraft:ore_redstone",
            "minecraft:ore_redstone_lower",
            "minecraft:ore_diamond",
            "minecraft:ore_diamond_large",
            "minecraft:ore_diamond_buried",
            "minecraft:ore_lapis",
            "minecraft:ore_lapis_buried",
            "minecraft:ore_copper",
            "minecraft:underwater_magma",
            "minecraft:disk_clay"
        ],
        [],
        [
            "minecraft:spring_water",
            "minecraft:spring_lava"
        ],
        [
            "minecraft:glow_lichen",
            "terralith:swamp/vanilla/dripleaf",
            "terralith:swamp/vanilla/tall/trees_tall",
            "terralith:swamp/vanilla/mid/trees_mid",
            "terralith:swamp/vanilla/small/trees_small",
            "terralith:swamp/vanilla/tiny/trees_tiny",
            "minecraft:flower_swamp",
            "minecraft:patch_grass_normal",
            "minecraft:patch_dead_bush",
            "minecraft:patch_waterlilly",
            "minecraft:brown_mushroom_swamp",
            "minecraft:red_mushroom_swamp",
            "minecraft:brown_mushroom_normal",
            "minecraft:red_mushroom_normal",
            "minecraft:patch_sugar_cane_swamp",
            "minecraft:patch_pumpkin",
            "minecraft:seagrass_swamp"
        ],
        [
            "minecraft:freeze_top_layer"
        ]
    ],
    "spawners": {
        "monster": [
            {
                "type": "minecraft:spider",
                "weight": 100,
                "minCount": 4,
                "maxCount": 4
            },
            {
                "type": "minecraft:zombie",
                "weight": 95,
                "minCount": 4,
                "maxCount": 4
            },
            {
                "type": "minecraft:zombie_villager",
                "weight": 5,
                "minCount": 1,
                "maxCount": 1
            },
            {
                "type": "minecraft:skeleton",
                "weight": 100,
                "minCount": 4,
                "maxCount": 4
            },
            {
                "type": "minecraft:creeper",
                "weight": 100,
                "minCount": 4,
                "maxCount": 4
            },
            {
                "type": "minecraft:slime",
                "weight": 100,
                "minCount": 4,
                "maxCount": 4
            },
            {
                "type": "minecraft:enderman",
                "weight": 10,
                "minCount": 1,
                "maxCount": 4
            },
            {
                "type": "minecraft:witch",
                "weight": 5,
                "minCount": 1,
                "maxCount": 1
            },
            {
                "type": "minecraft:slime",
                "weight": 1,
                "minCount": 1,
                "maxCount": 1
            }
        ],
        "creature": [
            {
                "type": "minecraft:sheep",
                "weight": 12,
                "minCount": 4,
                "maxCount": 4
            },
            {
                "type": "minecraft:pig",
                "weight": 10,
                "minCount": 4,
                "maxCount": 4
            },
            {
                "type": "minecraft:chicken",
                "weight": 10,
                "minCount": 4,
                "maxCount": 4
            },
            {
                "type": "minecraft:cow",
                "weight": 8,
                "minCount": 4,
                "maxCount": 4
            },
            {
                "type": "minecraft:frog",
                "maxCount": 5,
                "minCount": 2,
                "weight": 10
            }
        ],
        "ambient": [
            {
                "type": "minecraft:bat",
                "weight": 10,
                "minCount": 8,
                "maxCount": 8
            }
        ],
        "axolotls": [],
        "underground_water_creature": [
            {
                "type": "minecraft:glow_squid",
                "weight": 10,
                "minCount": 4,
                "maxCount": 6
            }
        ],
        "water_creature": [],
        "water_ambient": [],
        "misc": []
    },
    "spawn_costs": {},
    "player_spawn_friendly": false,
    "temperature": 0.8,
    "downfall": 0.9,
    "category": "swamp",
    "has_precipitation": true
}