{
    "effects": {
        "mood_sound": {
            "sound": "minecraft:ambient.cave",
            "tick_delay": 6000,
            "block_search_extent": 8,
            "offset": 2
        },
        "music": {
          "max_delay": 24000,
          "min_delay": 12000,
          "replace_current_music": false,
          "sound": "minecraft:music.overworld.badlands"
        },
        "sky_color": 14865331,
        "fog_color": 14866371,
        "foliage_color": 10387789,
        "grass_color": 9470285,
        "water_color": 4159204,
        "water_fog_color": 329011
    },
    "carvers": {
        "air": [
            "minecraft:cave",
            "minecraft:cave_extra_underground",
            "minecraft:canyon",
            "terralith:deep_ravine"
        ]
    },
    "features": [
        [],
        [
            "minecraft:lake_lava_underground",
            "minecraft:lake_lava_surface"
        ],
        [
            "minecraft:amethyst_geode",
            "terralith:cave/generic/mega_geode"
        ],
        [
            "minecraft:monster_room",
            "minecraft:monster_room_deep"
        ],
        [],
        [],
        [
            "minecraft:ore_dirt",
            "minecraft:ore_gravel",
            "minecraft:ore_granite_upper",
            "minecraft:ore_granite_lower",
            "minecraft:ore_diorite_upper",
            "minecraft:ore_diorite_lower",
            "minecraft:ore_andesite_upper",
            "minecraft:ore_andesite_lower",
            "minecraft:ore_tuff",
            "minecraft:ore_coal_upper",
            "minecraft:ore_coal_lower",
            "minecraft:ore_iron_upper",
            "minecraft:ore_iron_middle",
            "minecraft:ore_iron_small",
            "minecraft:ore_gold",
            "minecraft:ore_gold_lower",
            "minecraft:ore_redstone",
            "minecraft:ore_redstone_lower",
            "minecraft:ore_diamond",
            "minecraft:ore_diamond_large",
            "minecraft:ore_diamond_buried",
            "minecraft:ore_lapis",
            "minecraft:ore_lapis_buried",
            "minecraft:ore_copper",
            "minecraft:underwater_magma",
            "minecraft:ore_gold_extra",
            "minecraft:disk_sand",
            "minecraft:disk_clay",
            "minecraft:disk_gravel"
        ],
        [],
        [
            "minecraft:spring_water",
            "minecraft:spring_lava"
        ],
        [
            "minecraft:glow_lichen",
            "minecraft:trees_badlands",
            "minecraft:patch_grass_badlands",
            "minecraft:patch_dead_bush_badlands",
            "minecraft:brown_mushroom_normal",
            "minecraft:red_mushroom_normal",
            "minecraft:patch_sugar_cane_badlands",
            "minecraft:patch_pumpkin",
            "minecraft:patch_cactus_decorated"
        ],
        [
            "minecraft:freeze_top_layer"
        ]
    ],
    "spawners": {
        "monster": [
            {
                "type": "minecraft:spider",
                "weight": 100,
                "minCount": 4,
                "maxCount": 4
            },
            {
                "type": "minecraft:zombie",
                "weight": 95,
                "minCount": 4,
                "maxCount": 4
            },
            {
                "type": "minecraft:zombie_villager",
                "weight": 5,
                "minCount": 1,
                "maxCount": 1
            },
            {
                "type": "minecraft:skeleton",
                "weight": 100,
                "minCount": 4,
                "maxCount": 4
            },
            {
                "type": "minecraft:creeper",
                "weight": 100,
                "minCount": 4,
                "maxCount": 4
            },
            {
                "type": "minecraft:slime",
                "weight": 100,
                "minCount": 4,
                "maxCount": 4
            },
            {
                "type": "minecraft:enderman",
                "weight": 10,
                "minCount": 1,
                "maxCount": 4
            },
            {
                "type": "minecraft:witch",
                "weight": 5,
                "minCount": 1,
                "maxCount": 1
            }
        ],
        "creature": [],
        "ambient": [
            {
                "type": "minecraft:bat",
                "weight": 10,
                "minCount": 8,
                "maxCount": 8
            }
        ],
        "axolotls": [],
        "underground_water_creature": [
            {
                "type": "minecraft:glow_squid",
                "weight": 10,
                "minCount": 4,
                "maxCount": 6
            }
        ],
        "water_creature": [],
        "water_ambient": [],
        "misc": []
    },
    "spawn_costs": {},
    "player_spawn_friendly": false,
    "temperature": 2,
    "downfall": 0,
    "category": "mesa",
    "has_precipitation": false
}