{
    "condition": "minecraft:any_of",
    "terms": [
        {
            "condition": "minecraft:entity_properties",
            "entity": "this",
            "predicate": {
                "type_specific": {
                    "type": "player",
                    "advancements": {
                        "enchantmentplus:custom/amplified_shot": true
                    }
                }
            }
        },
        {
            "condition": "minecraft:reference",
            "name": "enchantmentplus:custom/antigravity"
        },
        {
            "condition": "minecraft:reference",
            "name": "enchantmentplus:custom/autosmelt/autosmelt"
        },
        {
            "condition": "minecraft:reference",
            "name": "enchantmentplus:custom/beheading"
        },
        {
            "condition": "minecraft:entity_properties",
            "entity": "this",
            "predicate": {
                "type_specific": {
                    "type": "player",
                    "advancements": {
                        "enchantmentplus:custom/cleaving/hostile": true
                    }
                }
            }
        },
        {
            "condition": "minecraft:entity_properties",
            "entity": "this",
            "predicate": {
                "type_specific": {
                    "type": "player",
                    "advancements": {
                        "enchantmentplus:custom/cleaving/neutral": true
                    }
                }
            }
        },
        {
            "condition": "minecraft:entity_properties",
            "entity": "this",
            "predicate": {
                "type_specific": {
                    "type": "player",
                    "advancements": {
                        "enchantmentplus:custom/cleaving/semi-neutral/bee": true
                    }
                }
            }
        },
        {
            "condition": "minecraft:entity_properties",
            "entity": "this",
            "predicate": {
                "type_specific": {
                    "type": "player",
                    "advancements": {
                        "enchantmentplus:custom/cleaving/semi-neutral/enderman": true
                    }
                }
            }
        },
        {
            "condition": "minecraft:entity_properties",
            "entity": "this",
            "predicate": {
                "type_specific": {
                    "type": "player",
                    "advancements": {
                        "enchantmentplus:custom/cleaving/semi-neutral/iron_golem": true
                    }
                }
            }
        },
        {
            "condition": "minecraft:entity_properties",
            "entity": "this",
            "predicate": {
                "type_specific": {
                    "type": "player",
                    "advancements": {
                        "enchantmentplus:custom/cleaving/semi-neutral/piglin": true
                    }
                }
            }
        },
        {
            "condition": "minecraft:entity_properties",
            "entity": "this",
            "predicate": {
                "type_specific": {
                    "type": "player",
                    "advancements": {
                        "enchantmentplus:custom/cleaving/semi-neutral/polar_bear": true
                    }
                }
            }
        },
        {
            "condition": "minecraft:entity_properties",
            "entity": "this",
            "predicate": {
                "type_specific": {
                    "type": "player",
                    "advancements": {
                        "enchantmentplus:custom/cleaving/semi-neutral/wolf": true
                    }
                }
            }
        },
        {
            "condition": "minecraft:entity_properties",
            "entity": "this",
            "predicate": {
                "type_specific": {
                    "type": "player",
                    "advancements": {
                        "enchantmentplus:custom/cleaving/semi-neutral/zombified_piglin": true
                    }
                }
            }
        },
        {
            "condition": "minecraft:reference",
            "name": "enchantmentplus:custom/deflect"
        },
        {
            "condition": "minecraft:reference",
            "name": "enchantmentplus:custom/direct"
        },
        {
            "condition": "minecraft:reference",
            "name": "enchantmentplus:custom/experience_boost"
        },
        {
            "condition": "minecraft:reference",
            "name": "enchantmentplus:custom/icy"
        },
        {
            "condition": "minecraft:reference",
            "name": "enchantmentplus:custom/judgment_shot/trigger"
        },
        {
            "condition": "minecraft:reference",
            "name": "enchantmentplus:custom/lava_walker"
        },
        {
            "condition": "minecraft:entity_properties",
            "entity": "this",
            "predicate": {
                "type_specific": {
                    "type": "player",
                    "advancements": {
                        "enchantmentplus:custom/lifesteal": true
                    }
                }
            }
        },
        {
            "condition": "minecraft:reference",
            "name": "enchantmentplus:custom/lumberjack/lumberjack"
        },
        {
            "condition": "minecraft:reference",
            "name": "enchantmentplus:custom/royal_guard"
        },
        {
            "condition": "minecraft:entity_properties",
            "entity": "this",
            "predicate": {
                "type_specific": {
                    "type": "player",
                    "advancements": {
                        "enchantmentplus:custom/shadow_hunter": true
                    }
                }
            }
        },
        {
            "condition": "minecraft:reference",
            "name": "enchantmentplus:custom/vein_miner"
        },
        {
            "condition": "minecraft:reference",
            "name": "enchantmentplus:custom/wide/wide"
        }
    ]
}