[
    {
        "condition": "minecraft:entity_scores",
        "entity": "this",
        "scores": {
            "ENCHDeflectCooldown": {
                "min": 0,
                "max": 0
            }
        }
    },
    {
        "condition": "minecraft:entity_scores",
        "entity": "this",
        "scores": {
            "ENCHDeflectOff": {
                "min": 0,
                "max": 0
            }
        }
    },
    {
        "condition": "minecraft:entity_properties",
        "entity": "this",
        "predicate": {
            "nbt": "{Inventory:[{id:\"minecraft:emerald\"}]}"
        }
    },
    {
        "condition": "minecraft:any_of",
        "terms": [
            {
                "condition": "minecraft:entity_properties",
                "entity": "this",
                "predicate": {
                    "equipment": {
                        "head": {
                            "nbt": "{EnchantmentPlusData:{Enchantments:[{id:\"enchantmentplus:deflect\"}]}}"
                        }
                    }
                }
            },
            {
                "condition": "minecraft:entity_properties",
                "entity": "this",
                "predicate": {
                    "equipment": {
                        "chest": {
                            "nbt": "{EnchantmentPlusData:{Enchantments:[{id:\"enchantmentplus:deflect\"}]}}"
                        }
                    }
                }
            },
            {
                "condition": "minecraft:entity_properties",
                "entity": "this",
                "predicate": {
                    "equipment": {
                        "legs": {
                            "nbt": "{EnchantmentPlusData:{Enchantments:[{id:\"enchantmentplus:deflect\"}]}}"
                        }
                    }
                }
            },
            {
                "condition": "minecraft:entity_properties",
                "entity": "this",
                "predicate": {
                    "equipment": {
                        "feet": {
                            "nbt": "{EnchantmentPlusData:{Enchantments:[{id:\"enchantmentplus:deflect\"}]}}"
                        }
                    }
                }
            }
        ]
    }
]