[
    {
        "condition": "minecraft:entity_properties",
        "entity": "this",
        "predicate": {
            "equipment": {
                "head": {
                    "nbt": "{EnchantmentPlusData:{Enchantments:[{id:\"enchantmentplus:feeding_module\"}]}}"
                }
            }
        }
    },
    {
        "condition": "minecraft:entity_scores",
        "entity": "this",
        "scores": {
            "ENCHFeederOff": {
                "min": 0,
                "max": 0
            }
        }
    },
    {
        "condition": "minecraft:inverted",
        "term": {
            "condition": "minecraft:entity_properties",
            "entity": "this",
            "predicate": {
                "equipment": {
                    "head": {
                        "durability": {
                            "max": 1
                        }
                    }
                }
            }
        }
    }
]