[
    {
        "condition": "minecraft:entity_properties",
        "entity": "this",
        "predicate": {
            "equipment": {
                "chest": {
                    "nbt": "{EnchantmentPlusData:{Enchantments:[{id:\"enchantmentplus:heavens_lightness\"}]}}"
                }
            }
        }
    },
    {
        "condition": "minecraft:entity_scores",
        "entity": "this",
        "scores": {
            "ENCHLightnessOff": 0
        }
    },
    {
        "condition": "minecraft:inverted",
        "term": {
            "condition": "minecraft:entity_properties",
            "entity": "this",
            "predicate": {
                "effects": {
                    "minecraft:slow_falling": {
                        "duration": {
                            "min": 20
                        }
                    }
                }
            }
        }
    },
    {
        "condition": "minecraft:inverted",
        "term": {
            "condition": "minecraft:entity_properties",
            "entity": "this",
            "predicate": {
                "equipment": {
                    "chest": {
                        "durability": {
                            "max": 1
                        }
                    }
                }
            }
        }
    }
]