[
    {
        "condition": "minecraft:entity_properties",
        "entity": "this",
        "predicate": {
            "equipment": {
                "feet": {
                    "nbt": "{EnchantmentPlusData:{Enchantments:[{id:\"enchantmentplus:lava_walker\"}]}}"
                }
            }
        }
    },
    {
        "condition": "minecraft:entity_scores",
        "entity": "this",
        "scores": {
            "ENCHLavaWalkOff": {
                "min": 0,
                "max": 0
            }
        }
    },
    {
        "condition": "minecraft:inverted",
        "term": {
            "condition": "minecraft:location_check",
            "predicate": {
                "block": {
                    "blocks": [
                        "minecraft:lava"
                    ]
                }
            }
        }
    }
]