{
    "condition": "minecraft:any_of",
    "terms": [
        {
            "condition": "minecraft:reference",
            "name": "enchantmentplus:custom/eyes_of_owl"
        },
        {
            "condition": "minecraft:reference",
            "name": "enchantmentplus:custom/heavens_lightness"
        },
        {
            "condition": "minecraft:reference",
            "name": "enchantmentplus:custom/leaping"
        },
        {
            "condition": "minecraft:reference",
            "name": "enchantmentplus:custom/thermal_plating"
        }
    ]
}