[
    {
        "condition": "minecraft:entity_properties",
        "entity": "this",
        "predicate": {
            "equipment": {
                "head": {
                    "nbt": "{EnchantmentPlusData:{Enchantments:[{id:\"enchantmentplus:thermal_plating\"}]}}"
                },
                "chest": {
                    "nbt": "{EnchantmentPlusData:{Enchantments:[{id:\"enchantmentplus:thermal_plating\"}]}}"
                },
                "legs": {
                    "nbt": "{EnchantmentPlusData:{Enchantments:[{id:\"enchantmentplus:thermal_plating\"}]}}"
                },
                "feet": {
                    "nbt": "{EnchantmentPlusData:{Enchantments:[{id:\"enchantmentplus:thermal_plating\"}]}}"
                }
            }
        }
    },
    {
        "condition": "minecraft:entity_scores",
        "entity": "this",
        "scores": {
            "ENCHThermalOff": 0
        }
    },
    {
        "condition": "minecraft:inverted",
        "term": {
            "condition": "minecraft:entity_properties",
            "entity": "this",
            "predicate": {
                "effects": {
                    "minecraft:fire_resistance": {
                        "duration": {
                            "min": 20
                        }
                    }
                }
            }
        }
    },
    {
        "condition": "minecraft:inverted",
        "term": {
            "condition": "minecraft:entity_properties",
            "entity": "this",
            "predicate": {
                "equipment": {
                    "head": {
                        "durability": {
                            "max": 1
                        }
                    }
                }
            }
        }
    },
    {
        "condition": "minecraft:inverted",
        "term": {
            "condition": "minecraft:entity_properties",
            "entity": "this",
            "predicate": {
                "equipment": {
                    "chest": {
                        "durability": {
                            "max": 1
                        }
                    }
                }
            }
        }
    },
    {
        "condition": "minecraft:inverted",
        "term": {
            "condition": "minecraft:entity_properties",
            "entity": "this",
            "predicate": {
                "equipment": {
                    "legs": {
                        "durability": {
                            "max": 1
                        }
                    }
                }
            }
        }
    },
    {
        "condition": "minecraft:inverted",
        "term": {
            "condition": "minecraft:entity_properties",
            "entity": "this",
            "predicate": {
                "equipment": {
                    "feet": {
                        "durability": {
                            "max": 1
                        }
                    }
                }
            }
        }
    }
]