[
    {
        "condition": "minecraft:entity_properties",
        "entity": "this",
        "predicate": {
            "equipment": {
                "mainhand": {
                    "nbt": "{EnchantmentPlusData:{Enchantments:[{id:\"enchantmentplus:vein_miner\"}]}}"
                }
            }
        }
    },
    {
        "condition": "minecraft:inverted",
        "term": {
            "condition": "minecraft:entity_properties",
            "entity": "this",
            "predicate": {
                "equipment": {
                    "mainhand": {
                        "nbt": "{EnchantmentPlusData:{Enchantments:[{id:\"enchantmentplus:lumberjack\"}]}}"
                    }
                }
            }
        }
    },
    {
        "condition": "minecraft:inverted",
        "term": {
            "condition": "minecraft:entity_properties",
            "entity": "this",
            "predicate": {
                "equipment": {
                    "mainhand": {
                        "nbt": "{EnchantmentPlusData:{Enchantments:[{id:\"enchantmentplus:wide\"}]}}"
                    }
                }
            }
        }
    },
    {
        "condition": "minecraft:entity_scores",
        "entity": "this",
        "scores": {
            "ENCHVeinminerOff": {
                "min": 0,
                "max": 0
            }
        }
    },
    {
        "condition": "minecraft:reference",
        "name": "enchantmentplus:options/vein_miner/all"
    },
    {
        "condition": "minecraft:inverted",
        "term": {
            "condition": "minecraft:reference",
            "name": "enchantmentplus:kill"
        }
    },
    {
        "condition": "minecraft:reference",
        "name": "enchantmentplus:usage/pickaxe"
    },
    {
        "condition": "minecraft:any_of",
        "terms": [
            {
                "condition": "minecraft:entity_scores",
                "entity": "this",
                "scores": {
                    "ENCHCoalOre": {
                        "min": 1
                    }
                }
            },
            {
                "condition": "minecraft:entity_scores",
                "entity": "this",
                "scores": {
                    "ENCHDeepslateCoalOre": {
                        "min": 1
                    }
                }
            },
            {
                "condition": "minecraft:entity_scores",
                "entity": "this",
                "scores": {
                    "ENCHCopperOre": {
                        "min": 1
                    }
                }
            },
            {
                "condition": "minecraft:entity_scores",
                "entity": "this",
                "scores": {
                    "ENCHDeepslateCopperOre": {
                        "min": 1
                    }
                }
            },
            {
                "condition": "minecraft:entity_scores",
                "entity": "this",
                "scores": {
                    "ENCHIronOre": {
                        "min": 1
                    }
                }
            },
            {
                "condition": "minecraft:entity_scores",
                "entity": "this",
                "scores": {
                    "ENCHDeepslateIronOre": {
                        "min": 1
                    }
                }
            },
            {
                "condition": "minecraft:entity_scores",
                "entity": "this",
                "scores": {
                    "ENCHGoldOre": {
                        "min": 1
                    }
                }
            },
            {
                "condition": "minecraft:entity_scores",
                "entity": "this",
                "scores": {
                    "ENCHDeepslateGoldOre": {
                        "min": 1
                    }
                }
            },
            {
                "condition": "minecraft:entity_scores",
                "entity": "this",
                "scores": {
                    "ENCHNetherGoldOre": {
                        "min": 1
                    }
                }
            },
            {
                "condition": "minecraft:entity_scores",
                "entity": "this",
                "scores": {
                    "ENCHDiamondOre": {
                        "min": 1
                    }
                }
            },
            {
                "condition": "minecraft:entity_scores",
                "entity": "this",
                "scores": {
                    "ENCHDeepslateDiamondOre": {
                        "min": 1
                    }
                }
            },
            {
                "condition": "minecraft:entity_scores",
                "entity": "this",
                "scores": {
                    "ENCHEmeraldOre": {
                        "min": 1
                    }
                }
            },
            {
                "condition": "minecraft:entity_scores",
                "entity": "this",
                "scores": {
                    "ENCHDeepslateEmeraldOre": {
                        "min": 1
                    }
                }
            },
            {
                "condition": "minecraft:entity_scores",
                "entity": "this",
                "scores": {
                    "ENCHRedstoneOre": {
                        "min": 1
                    }
                }
            },
            {
                "condition": "minecraft:entity_scores",
                "entity": "this",
                "scores": {
                    "ENCHDeepslateRedstoneOre": {
                        "min": 1
                    }
                }
            },
            {
                "condition": "minecraft:entity_scores",
                "entity": "this",
                "scores": {
                    "ENCHNetherQuartzOre": {
                        "min": 1
                    }
                }
            },
            {
                "condition": "minecraft:entity_scores",
                "entity": "this",
                "scores": {
                    "ENCHLapisOre": {
                        "min": 1
                    }
                }
            },
            {
                "condition": "minecraft:entity_scores",
                "entity": "this",
                "scores": {
                    "ENCHDeepslateLapisOre": {
                        "min": 1
                    }
                }
            },
            {
                "condition": "minecraft:entity_scores",
                "entity": "this",
                "scores": {
                    "ENCHAncientDebris": {
                        "min": 1
                    }
                }
            },
            {
                "condition": "minecraft:entity_scores",
                "entity": "this",
                "scores": {
                    "ENCHClay": {
                        "min": 1
                    }
                }
            },
            {
                "condition": "minecraft:entity_scores",
                "entity": "this",
                "scores": {
                    "ENCHGlowstone": {
                        "min": 1
                    }
                }
            },
            {
                "condition": "minecraft:entity_scores",
                "entity": "this",
                "scores": {
                    "ENCHGravel": {
                        "min": 1
                    }
                }
            },
            {
                "condition": "minecraft:entity_scores",
                "entity": "this",
                "scores": {
                    "ENCHMagmaBlock": {
                        "min": 1
                    }
                }
            },
            {
                "condition": "minecraft:entity_scores",
                "entity": "this",
                "scores": {
                    "ENCHAndesite": {
                        "min": 1
                    }
                }
            },
            {
                "condition": "minecraft:entity_scores",
                "entity": "this",
                "scores": {
                    "ENCHDiorite": {
                        "min": 1
                    }
                }
            },
            {
                "condition": "minecraft:entity_scores",
                "entity": "this",
                "scores": {
                    "ENCHGranite": {
                        "min": 1
                    }
                }
            },
            {
                "condition": "minecraft:entity_scores",
                "entity": "this",
                "scores": {
                    "ENCHAmethystBlock": {
                        "min": 1
                    }
                }
            }
        ]
    }
]