{
	"display": {
		"icon": {
			"id": "minecraft:heavy_core"
		},
		"title": {"translate":"Core Keeper"},
		"description": {"color":"light_purple","translate":"Obtain a stack of Heavy Cores"},
		"announce_to_chat": true,
		"frame": "challenge",
		"hidden": true
	},
	"parent": "blazeandcave:adventure/omniscient",
	"rewards": {
		"function": "bc_rewards:adventure/core_keeper"
	},
	"criteria": {
		"heavy_core": {
			"trigger": "minecraft:inventory_changed",
			"conditions": {
				"items": [
					{
						"items": [
							"minecraft:heavy_core"
						],
						"count": 64
					}
				]
			}
		}
	}
}