{
	"display": {
		"icon": {
			"id": "minecraft:shield",
			"components": {
				"minecraft:base_color": "white",
				"minecraft:banner_patterns": [
					{
						"color": "cyan", 
						"pattern": "minecraft:rhombus"
					},
					{
						"color": "light_gray", 
						"pattern": "minecraft:stripe_bottom"
					},
					{
						"color": "gray", 
						"pattern": "minecraft:stripe_center"
					},
					{
						"color": "light_gray", 
						"pattern": "minecraft:border"
					},
					{
						"color": "black", 
						"pattern": "minecraft:stripe_middle"
					},
					{
						"color": "light_gray", 
						"pattern": "minecraft:half_horizontal"
					},
					{
						"color": "light_gray", 
						"pattern": "minecraft:circle"
					},
					{
						"color": "black", 
						"pattern": "minecraft:border"
					}
				]
			}
		},
		"title": {"translate":"I am Ravager, hear me ROAR!"},
		"description": {"color":"green","translate":"Have a Ravager slam into your shield"},
		"announce_to_chat": true
	},
	"parent": "blazeandcave:adventure/its_so_beast_like",
	"rewards": {
		"function": "bc_rewards:adventure/i_am_ravager_hear_me_roar"
	},
	"criteria": {
		"deflected_crossbow": {
			"trigger": "minecraft:entity_hurt_player",
			"conditions": {
				"damage": {
					"blocked": true,
					"source_entity": {
						"type": "ravager"
					}
				}
			}
		}
	}
}