{
	"display": {
		"icon": {
			"id": "minecraft:red_banner"
		},
		"title": {"translate":"Superhero of the Village"},
		"description": {"color":"#75E1FF","translate":"Defeat enough raid captains to obtain a stack of Ominous Banners"},
		"announce_to_chat": true,
		"frame": "goal"
	},
	"parent": "minecraft:adventure/hero_of_the_village",
	"rewards": {
		"function": "bc_rewards:adventure/superhero_of_the_village"
	},		
	"criteria": {
		"ominous_banners": {
			"trigger": "minecraft:inventory_changed",
			"conditions": {
				"items": [ 
					{
						"items": [
							"minecraft:white_banner"
						],
						"components": {
							"minecraft:banner_patterns": [
								{
									"color":"cyan",
									"pattern":"minecraft:rhombus"
								},
								{
									"color":"light_gray",
									"pattern":"minecraft:stripe_bottom"
								},
								{
									"color":"gray",
									"pattern":"minecraft:stripe_center"
								},
								{
									"color":"light_gray",
									"pattern":"minecraft:border"
								},
								{
									"color":"black",
									"pattern":"minecraft:stripe_middle"
								},
								{
									"color":"light_gray",
									"pattern":"minecraft:half_horizontal"
								},
								{
									"color":"light_gray",
									"pattern":"minecraft:circle"
								},
								{
									"color":"black",
									"pattern":"minecraft:border"
								}
							]
						},
						"count": 16
					}
				]
			}
		}	
	}
}