{
  "name": "kaisyn:village/meadow_swiss/houses",
  "fallback": "minecraft:empty",
  "elements": [
    {
      "weight": 4,
      "element": {
        "location": "kaisyn:village/meadow_swiss/houses/meadow_farmer_1",
        "processors": "kaisyn:village/common_swiss",
        "projection": "rigid",
        "element_type": "minecraft:legacy_single_pool_element"
      }
    },
	{
      "weight": 4,
      "element": {
        "location": "kaisyn:village/meadow_swiss/houses/meadow_shepherd_1",
        "processors": "kaisyn:village/common_swiss",
        "projection": "rigid",
        "element_type": "minecraft:legacy_single_pool_element"
      }
    },
	{
      "weight": 5,
      "element": {
        "location": "kaisyn:village/meadow_swiss/houses/meadow_armorer_and_leatherworker_1",
        "processors": "kaisyn:village/common_swiss",
        "projection": "rigid",
        "element_type": "minecraft:legacy_single_pool_element"
      }
    },
    {
      "weight": 6,
      "element": {
        "location": "kaisyn:village/meadow_swiss/houses/meadow_large_house_1",
        "processors": "kaisyn:village/common_swiss",
        "projection": "rigid",
        "element_type": "minecraft:legacy_single_pool_element"
      }
    },
    {
      "weight": 5,
      "element": {
        "location": "kaisyn:village/meadow_swiss/houses/meadow_butcher_and_mason_1",
        "processors": "kaisyn:village/common_swiss",
        "projection": "rigid",
        "element_type": "minecraft:legacy_single_pool_element"
      }
    },
    {
     "weight": 6,
     "element": {
       "location": "kaisyn:village/meadow_swiss/houses/meadow_fletcher_1",
       "processors": "kaisyn:village/common_swiss",
       "projection": "rigid",
       "element_type": "minecraft:legacy_single_pool_element"
     }
    },
    {
      "weight": 6,
      "element": {
        "location": "kaisyn:village/meadow_swiss/houses/meadow_fisher_1",
        "processors": "kaisyn:village/common_swiss",
        "projection": "rigid",
        "element_type": "minecraft:legacy_single_pool_element"
      }
     },
    {
      "weight": 5,
      "element": {
        "location": "kaisyn:village/meadow_swiss/houses/meadow_cartographer_and_library_1",
        "processors": "kaisyn:village/common_swiss",
        "projection": "rigid",
        "element_type": "minecraft:legacy_single_pool_element"
      }
    },
    {
      "weight": 7,
      "element": {
        "location": "kaisyn:village/meadow_swiss/houses/meadow_medium_house_1",
        "processors": "kaisyn:village/common_swiss",
        "projection": "rigid",
        "element_type": "minecraft:legacy_single_pool_element"
      }
    },
    {
      "weight": 7,
      "element": {
        "location": "kaisyn:village/meadow_swiss/houses/meadow_medium_house_2",
        "processors": "kaisyn:village/common_swiss",
        "projection": "rigid",
        "element_type": "minecraft:legacy_single_pool_element"
      }
    },
    {
      "weight": 7,
      "element": {
        "location": "kaisyn:village/meadow_swiss/houses/meadow_medium_house_3",
        "processors": "kaisyn:village/common_swiss",
        "projection": "rigid",
        "element_type": "minecraft:legacy_single_pool_element"
      }
    },
	{
      "weight": 7,
      "element": {
        "location": "kaisyn:village/meadow_swiss/houses/meadow_medium_house_4",
        "processors": "kaisyn:village/common_swiss",
        "projection": "rigid",
        "element_type": "minecraft:legacy_single_pool_element"
      }
    },
	{
      "weight": 7,
      "element": {
        "location": "kaisyn:village/meadow_swiss/houses/meadow_medium_house_5",
        "processors": "kaisyn:village/common_swiss",
        "projection": "rigid",
        "element_type": "minecraft:legacy_single_pool_element"
      }
    },
	{
      "weight": 6,
      "element": {
        "location": "kaisyn:village/meadow_swiss/houses/meadow_small_house_1",
        "processors": "kaisyn:village/common_swiss",
        "projection": "rigid",
        "element_type": "minecraft:legacy_single_pool_element"
      }
    },
	{
      "weight": 6,
      "element": {
        "location": "kaisyn:village/meadow_swiss/houses/meadow_small_house_2",
        "processors": "kaisyn:village/common_swiss",
        "projection": "rigid",
        "element_type": "minecraft:legacy_single_pool_element"
      }
    },
	{
      "weight": 2,
      "element": {
        "location": "kaisyn:village/meadow_swiss/houses/meadow_temple_1",
        "processors": "kaisyn:village/common_swiss",
        "projection": "rigid",
        "element_type": "minecraft:legacy_single_pool_element"
      }
    },
	{
      "weight": 2,
      "element": {
        "location": "kaisyn:village/meadow_swiss/houses/meadow_toolsmith_and_weaponsmith_1",
        "processors": "kaisyn:village/common_swiss",
        "projection": "rigid",
        "element_type": "minecraft:legacy_single_pool_element"
      }
    },
    {
      "weight": 130,
      "element": {
        "projection": "rigid",
        "element_type": "minecraft:empty_pool_element"
      }
    }
  ]
}