{
  "anvil_cost": 1,
  "description": {
    "translate": "enchantment.minecraft.sharpness"
  },
  "effects": {
    "minecraft:damage": [
      {
        "effect": {
          "type": "minecraft:add",
          "value": {
            "type": "minecraft:linear",
            "base": 1.0,
            "per_level_above_first": 0.5
          }
        }
      }
    ]
  },
  "exclusive_set": "#minecraft:exclusive_set/damage",
  "max_cost": {
    "base": 21,
    "per_level_above_first": 6
  },
  "max_level": 10,
  "min_cost": {
    "base": 1,
    "per_level_above_first": 6
  },
  "primary_items": "#minecraft:enchantable/sword",
  "slots": [
    "mainhand"
  ],
  "supported_items": "#minecraft:enchantable/sharp_weapon",
  "weight": 10
}