{
	"display": {
		"icon": {
			"id": "minecraft:honey_bottle",
			"components": {
				"minecraft:enchantment_glint_override": true
			}
		},
		"title": {"translate":"WHERE'S THE HONEY LEBOWSKI"},
		"description": {"color":"dark_purple","translate":"Drink 100 bottles of honey"},
		"announce_to_chat": true,
		"frame": "challenge"
	},
	"parent": "minecraft:adventure/honey_block_slide",
	"rewards": {
		"function": "bacap_rewards:animal/wheres_the_honey_lebowski"
	},		
	"criteria": {
		"ten_withers": {
			"trigger": "minecraft:impossible"
		}
	}
}