{
	"display": {
		"icon": {
			"id": "minecraft:music_disc_cat"
		},
		"title": {"translate":"Music To My Ears"},
		"description": {"color":"green","translate":"Play a music disc in a jukebox"},
		"announce_to_chat": true,
		"frame": "task"
	},
	"parent": "blazeandcave:adventure/beethoven",
	"rewards": {
		"function": "bc_rewards:adventure/music_to_my_ears"
	},		
	"criteria": {
		"music_disc": {
			"trigger": "minecraft:item_used_on_block",
			"conditions": {
				"location": [
					{
						"condition": "minecraft:location_check",
						"predicate": {
							"block": {
								"blocks": [
									"minecraft:jukebox"
								],
								"state": {
									"has_record": "true"
								}
							}
						}
					},
					{
						"condition": "minecraft:match_tool",
						"predicate": {
							"items": "#minecraft:music_discs"
						}
					}
				]
			}
		}
	}
}