[
    {
        "condition": "minecraft:reference",
        "name": "enchantmentplus:recipes/tools/axes"
    },
    {
        "condition": "minecraft:inverted",
        "term": {
            "condition": "minecraft:location_check",
            "predicate": {
                "block": {
                    "nbt": "{Items:[{Slot:11b,tag:{EnchantmentPlusData:{Beheading:5b}}}]}"
                }
            }
        }
    },
    {
        "condition": "minecraft:inverted",
        "term": {
            "condition": "minecraft:location_check",
            "predicate": {
                "block": {
                    "nbt": "{Items:[{Slot:1b}]}"
                }
            }
        }
    },
    {
        "condition": "minecraft:inverted",
        "term": {
            "condition": "minecraft:location_check",
            "predicate": {
                "block": {
                    "nbt": "{Items:[{Slot:3b}]}"
                }
            }
        }
    },
    {
        "condition": "minecraft:inverted",
        "term": {
            "condition": "minecraft:location_check",
            "predicate": {
                "block": {
                    "nbt": "{Items:[{Slot:19b}]}"
                }
            }
        }
    },
    {
        "condition": "minecraft:inverted",
        "term": {
            "condition": "minecraft:location_check",
            "predicate": {
                "block": {
                    "nbt": "{Items:[{Slot:21b}]}"
                }
            }
        }
    },
    {
        "condition": "minecraft:any_of",
        "terms": [
            {
                "condition": "minecraft:location_check",
                "predicate": {
                    "block": {
                        "nbt": "{Items:[{Slot:2b,id:\"minecraft:wither_skeleton_skull\",Count:2b}]}"
                    }
                }
            },
            {
                "condition": "minecraft:location_check",
                "predicate": {
                    "block": {
                        "nbt": "{Items:[{Slot:2b,id:\"minecraft:wither_skeleton_skull\",Count:3b}]}"
                    }
                }
            },
            {
                "condition": "minecraft:location_check",
                "predicate": {
                    "block": {
                        "nbt": "{Items:[{Slot:2b,id:\"minecraft:wither_skeleton_skull\",Count:4b}]}"
                    }
                }
            },
            {
                "condition": "minecraft:location_check",
                "predicate": {
                    "block": {
                        "nbt": "{Items:[{Slot:2b,id:\"minecraft:wither_skeleton_skull\",Count:5b}]}"
                    }
                }
            },
            {
                "condition": "minecraft:location_check",
                "predicate": {
                    "block": {
                        "nbt": "{Items:[{Slot:2b,id:\"minecraft:wither_skeleton_skull\",Count:6b}]}"
                    }
                }
            },
            {
                "condition": "minecraft:location_check",
                "predicate": {
                    "block": {
                        "nbt": "{Items:[{Slot:2b,id:\"minecraft:wither_skeleton_skull\",Count:7b}]}"
                    }
                }
            },
            {
                "condition": "minecraft:location_check",
                "predicate": {
                    "block": {
                        "nbt": "{Items:[{Slot:2b,id:\"minecraft:wither_skeleton_skull\",Count:8b}]}"
                    }
                }
            },
            {
                "condition": "minecraft:location_check",
                "predicate": {
                    "block": {
                        "nbt": "{Items:[{Slot:2b,id:\"minecraft:wither_skeleton_skull\",Count:9b}]}"
                    }
                }
            },
            {
                "condition": "minecraft:location_check",
                "predicate": {
                    "block": {
                        "nbt": "{Items:[{Slot:2b,id:\"minecraft:wither_skeleton_skull\",Count:10b}]}"
                    }
                }
            },
            {
                "condition": "minecraft:location_check",
                "predicate": {
                    "block": {
                        "nbt": "{Items:[{Slot:2b,id:\"minecraft:wither_skeleton_skull\",Count:11b}]}"
                    }
                }
            },
            {
                "condition": "minecraft:location_check",
                "predicate": {
                    "block": {
                        "nbt": "{Items:[{Slot:2b,id:\"minecraft:wither_skeleton_skull\",Count:12b}]}"
                    }
                }
            },
            {
                "condition": "minecraft:location_check",
                "predicate": {
                    "block": {
                        "nbt": "{Items:[{Slot:2b,id:\"minecraft:wither_skeleton_skull\",Count:13b}]}"
                    }
                }
            },
            {
                "condition": "minecraft:location_check",
                "predicate": {
                    "block": {
                        "nbt": "{Items:[{Slot:2b,id:\"minecraft:wither_skeleton_skull\",Count:14b}]}"
                    }
                }
            },
            {
                "condition": "minecraft:location_check",
                "predicate": {
                    "block": {
                        "nbt": "{Items:[{Slot:2b,id:\"minecraft:wither_skeleton_skull\",Count:15b}]}"
                    }
                }
            },
            {
                "condition": "minecraft:location_check",
                "predicate": {
                    "block": {
                        "nbt": "{Items:[{Slot:2b,id:\"minecraft:wither_skeleton_skull\",Count:16b}]}"
                    }
                }
            },
            {
                "condition": "minecraft:location_check",
                "predicate": {
                    "block": {
                        "nbt": "{Items:[{Slot:2b,id:\"minecraft:wither_skeleton_skull\",Count:17b}]}"
                    }
                }
            },
            {
                "condition": "minecraft:location_check",
                "predicate": {
                    "block": {
                        "nbt": "{Items:[{Slot:2b,id:\"minecraft:wither_skeleton_skull\",Count:18b}]}"
                    }
                }
            },
            {
                "condition": "minecraft:location_check",
                "predicate": {
                    "block": {
                        "nbt": "{Items:[{Slot:2b,id:\"minecraft:wither_skeleton_skull\",Count:19b}]}"
                    }
                }
            },
            {
                "condition": "minecraft:location_check",
                "predicate": {
                    "block": {
                        "nbt": "{Items:[{Slot:2b,id:\"minecraft:wither_skeleton_skull\",Count:20b}]}"
                    }
                }
            },
            {
                "condition": "minecraft:location_check",
                "predicate": {
                    "block": {
                        "nbt": "{Items:[{Slot:2b,id:\"minecraft:wither_skeleton_skull\",Count:21b}]}"
                    }
                }
            },
            {
                "condition": "minecraft:location_check",
                "predicate": {
                    "block": {
                        "nbt": "{Items:[{Slot:2b,id:\"minecraft:wither_skeleton_skull\",Count:22b}]}"
                    }
                }
            },
            {
                "condition": "minecraft:location_check",
                "predicate": {
                    "block": {
                        "nbt": "{Items:[{Slot:2b,id:\"minecraft:wither_skeleton_skull\",Count:23b}]}"
                    }
                }
            },
            {
                "condition": "minecraft:location_check",
                "predicate": {
                    "block": {
                        "nbt": "{Items:[{Slot:2b,id:\"minecraft:wither_skeleton_skull\",Count:24b}]}"
                    }
                }
            },
            {
                "condition": "minecraft:location_check",
                "predicate": {
                    "block": {
                        "nbt": "{Items:[{Slot:2b,id:\"minecraft:wither_skeleton_skull\",Count:25b}]}"
                    }
                }
            },
            {
                "condition": "minecraft:location_check",
                "predicate": {
                    "block": {
                        "nbt": "{Items:[{Slot:2b,id:\"minecraft:wither_skeleton_skull\",Count:26b}]}"
                    }
                }
            },
            {
                "condition": "minecraft:location_check",
                "predicate": {
                    "block": {
                        "nbt": "{Items:[{Slot:2b,id:\"minecraft:wither_skeleton_skull\",Count:27b}]}"
                    }
                }
            },
            {
                "condition": "minecraft:location_check",
                "predicate": {
                    "block": {
                        "nbt": "{Items:[{Slot:2b,id:\"minecraft:wither_skeleton_skull\",Count:28b}]}"
                    }
                }
            },
            {
                "condition": "minecraft:location_check",
                "predicate": {
                    "block": {
                        "nbt": "{Items:[{Slot:2b,id:\"minecraft:wither_skeleton_skull\",Count:29b}]}"
                    }
                }
            },
            {
                "condition": "minecraft:location_check",
                "predicate": {
                    "block": {
                        "nbt": "{Items:[{Slot:2b,id:\"minecraft:wither_skeleton_skull\",Count:30b}]}"
                    }
                }
            },
            {
                "condition": "minecraft:location_check",
                "predicate": {
                    "block": {
                        "nbt": "{Items:[{Slot:2b,id:\"minecraft:wither_skeleton_skull\",Count:31b}]}"
                    }
                }
            },
            {
                "condition": "minecraft:location_check",
                "predicate": {
                    "block": {
                        "nbt": "{Items:[{Slot:2b,id:\"minecraft:wither_skeleton_skull\",Count:32b}]}"
                    }
                }
            },
            {
                "condition": "minecraft:location_check",
                "predicate": {
                    "block": {
                        "nbt": "{Items:[{Slot:2b,id:\"minecraft:wither_skeleton_skull\",Count:33b}]}"
                    }
                }
            },
            {
                "condition": "minecraft:location_check",
                "predicate": {
                    "block": {
                        "nbt": "{Items:[{Slot:2b,id:\"minecraft:wither_skeleton_skull\",Count:34b}]}"
                    }
                }
            },
            {
                "condition": "minecraft:location_check",
                "predicate": {
                    "block": {
                        "nbt": "{Items:[{Slot:2b,id:\"minecraft:wither_skeleton_skull\",Count:35b}]}"
                    }
                }
            },
            {
                "condition": "minecraft:location_check",
                "predicate": {
                    "block": {
                        "nbt": "{Items:[{Slot:2b,id:\"minecraft:wither_skeleton_skull\",Count:36b}]}"
                    }
                }
            },
            {
                "condition": "minecraft:location_check",
                "predicate": {
                    "block": {
                        "nbt": "{Items:[{Slot:2b,id:\"minecraft:wither_skeleton_skull\",Count:37b}]}"
                    }
                }
            },
            {
                "condition": "minecraft:location_check",
                "predicate": {
                    "block": {
                        "nbt": "{Items:[{Slot:2b,id:\"minecraft:wither_skeleton_skull\",Count:38b}]}"
                    }
                }
            },
            {
                "condition": "minecraft:location_check",
                "predicate": {
                    "block": {
                        "nbt": "{Items:[{Slot:2b,id:\"minecraft:wither_skeleton_skull\",Count:39b}]}"
                    }
                }
            },
            {
                "condition": "minecraft:location_check",
                "predicate": {
                    "block": {
                        "nbt": "{Items:[{Slot:2b,id:\"minecraft:wither_skeleton_skull\",Count:40b}]}"
                    }
                }
            },
            {
                "condition": "minecraft:location_check",
                "predicate": {
                    "block": {
                        "nbt": "{Items:[{Slot:2b,id:\"minecraft:wither_skeleton_skull\",Count:41b}]}"
                    }
                }
            },
            {
                "condition": "minecraft:location_check",
                "predicate": {
                    "block": {
                        "nbt": "{Items:[{Slot:2b,id:\"minecraft:wither_skeleton_skull\",Count:42b}]}"
                    }
                }
            },
            {
                "condition": "minecraft:location_check",
                "predicate": {
                    "block": {
                        "nbt": "{Items:[{Slot:2b,id:\"minecraft:wither_skeleton_skull\",Count:43b}]}"
                    }
                }
            },
            {
                "condition": "minecraft:location_check",
                "predicate": {
                    "block": {
                        "nbt": "{Items:[{Slot:2b,id:\"minecraft:wither_skeleton_skull\",Count:44b}]}"
                    }
                }
            },
            {
                "condition": "minecraft:location_check",
                "predicate": {
                    "block": {
                        "nbt": "{Items:[{Slot:2b,id:\"minecraft:wither_skeleton_skull\",Count:45b}]}"
                    }
                }
            },
            {
                "condition": "minecraft:location_check",
                "predicate": {
                    "block": {
                        "nbt": "{Items:[{Slot:2b,id:\"minecraft:wither_skeleton_skull\",Count:46b}]}"
                    }
                }
            },
            {
                "condition": "minecraft:location_check",
                "predicate": {
                    "block": {
                        "nbt": "{Items:[{Slot:2b,id:\"minecraft:wither_skeleton_skull\",Count:47b}]}"
                    }
                }
            },
            {
                "condition": "minecraft:location_check",
                "predicate": {
                    "block": {
                        "nbt": "{Items:[{Slot:2b,id:\"minecraft:wither_skeleton_skull\",Count:48b}]}"
                    }
                }
            },
            {
                "condition": "minecraft:location_check",
                "predicate": {
                    "block": {
                        "nbt": "{Items:[{Slot:2b,id:\"minecraft:wither_skeleton_skull\",Count:49b}]}"
                    }
                }
            },
            {
                "condition": "minecraft:location_check",
                "predicate": {
                    "block": {
                        "nbt": "{Items:[{Slot:2b,id:\"minecraft:wither_skeleton_skull\",Count:50b}]}"
                    }
                }
            },
            {
                "condition": "minecraft:location_check",
                "predicate": {
                    "block": {
                        "nbt": "{Items:[{Slot:2b,id:\"minecraft:wither_skeleton_skull\",Count:51b}]}"
                    }
                }
            },
            {
                "condition": "minecraft:location_check",
                "predicate": {
                    "block": {
                        "nbt": "{Items:[{Slot:2b,id:\"minecraft:wither_skeleton_skull\",Count:52b}]}"
                    }
                }
            },
            {
                "condition": "minecraft:location_check",
                "predicate": {
                    "block": {
                        "nbt": "{Items:[{Slot:2b,id:\"minecraft:wither_skeleton_skull\",Count:53b}]}"
                    }
                }
            },
            {
                "condition": "minecraft:location_check",
                "predicate": {
                    "block": {
                        "nbt": "{Items:[{Slot:2b,id:\"minecraft:wither_skeleton_skull\",Count:54b}]}"
                    }
                }
            },
            {
                "condition": "minecraft:location_check",
                "predicate": {
                    "block": {
                        "nbt": "{Items:[{Slot:2b,id:\"minecraft:wither_skeleton_skull\",Count:55b}]}"
                    }
                }
            },
            {
                "condition": "minecraft:location_check",
                "predicate": {
                    "block": {
                        "nbt": "{Items:[{Slot:2b,id:\"minecraft:wither_skeleton_skull\",Count:56b}]}"
                    }
                }
            },
            {
                "condition": "minecraft:location_check",
                "predicate": {
                    "block": {
                        "nbt": "{Items:[{Slot:2b,id:\"minecraft:wither_skeleton_skull\",Count:57b}]}"
                    }
                }
            },
            {
                "condition": "minecraft:location_check",
                "predicate": {
                    "block": {
                        "nbt": "{Items:[{Slot:2b,id:\"minecraft:wither_skeleton_skull\",Count:58b}]}"
                    }
                }
            },
            {
                "condition": "minecraft:location_check",
                "predicate": {
                    "block": {
                        "nbt": "{Items:[{Slot:2b,id:\"minecraft:wither_skeleton_skull\",Count:59b}]}"
                    }
                }
            },
            {
                "condition": "minecraft:location_check",
                "predicate": {
                    "block": {
                        "nbt": "{Items:[{Slot:2b,id:\"minecraft:wither_skeleton_skull\",Count:60b}]}"
                    }
                }
            },
            {
                "condition": "minecraft:location_check",
                "predicate": {
                    "block": {
                        "nbt": "{Items:[{Slot:2b,id:\"minecraft:wither_skeleton_skull\",Count:61b}]}"
                    }
                }
            },
            {
                "condition": "minecraft:location_check",
                "predicate": {
                    "block": {
                        "nbt": "{Items:[{Slot:2b,id:\"minecraft:wither_skeleton_skull\",Count:62b}]}"
                    }
                }
            },
            {
                "condition": "minecraft:location_check",
                "predicate": {
                    "block": {
                        "nbt": "{Items:[{Slot:2b,id:\"minecraft:wither_skeleton_skull\",Count:63b}]}"
                    }
                }
            },
            {
                "condition": "minecraft:location_check",
                "predicate": {
                    "block": {
                        "nbt": "{Items:[{Slot:2b,id:\"minecraft:wither_skeleton_skull\",Count:64b}]}"
                    }
                }
            }
        ]
    },
    {
        "condition": "minecraft:location_check",
        "predicate": {
            "block": {
                "nbt": "{Items:[{Slot:10b,id:\"minecraft:diamond_axe\",Count:1b,tag:{Damage:0}}]}"
            }
        }
    },
    {
        "condition": "minecraft:reference",
        "name": "enchantmentplus:recipes/materials/lapis_lazuli"
    },
    {
        "condition": "minecraft:location_check",
        "predicate": {
            "block": {
                "nbt": "{Items:[{Slot:12b,id:\"minecraft:diamond_axe\",Count:1b,tag:{Damage:0}}]}"
            }
        }
    }
]