[
    {
        "condition": "minecraft:reference",
        "name": "enchantmentplus:recipes/gears/chest_elytra"
    },
    {
        "condition": "minecraft:inverted",
        "term": {
            "condition": "minecraft:location_check",
            "predicate": {
                "block": {
                    "nbt": "{Items:[{Slot:11b,tag:{EnchantmentPlusData:{Fists:3b}}}]}"
                }
            }
        }
    },
    {
        "condition": "minecraft:inverted",
        "term": {
            "condition": "minecraft:location_check",
            "predicate": {
                "block": {
                    "nbt": "{Items:[{Slot:1b}]}"
                }
            }
        }
    },
    {
        "condition": "minecraft:inverted",
        "term": {
            "condition": "minecraft:location_check",
            "predicate": {
                "block": {
                    "nbt": "{Items:[{Slot:3b}]}"
                }
            }
        }
    },
    {
        "condition": "minecraft:inverted",
        "term": {
            "condition": "minecraft:location_check",
            "predicate": {
                "block": {
                    "nbt": "{Items:[{Slot:19b}]}"
                }
            }
        }
    },
    {
        "condition": "minecraft:inverted",
        "term": {
            "condition": "minecraft:location_check",
            "predicate": {
                "block": {
                    "nbt": "{Items:[{Slot:21b}]}"
                }
            }
        }
    },
    {
        "condition": "minecraft:location_check",
        "predicate": {
            "block": {
                "nbt": "{Items:[{Slot:2b,id:\"minecraft:potion\",Count:1b,tag:{Potion:\"minecraft:strong_strength\"}}]}"
            }
        }
    },
    {
        "condition": "minecraft:location_check",
        "predicate": {
            "block": {
                "nbt": "{Items:[{Slot:10b,id:\"minecraft:smooth_stone\",Count:64b}]}"
            }
        }
    },
    {
        "condition": "minecraft:location_check",
        "predicate": {
            "block": {
                "nbt": "{Items:[{Slot:12b,id:\"minecraft:smooth_stone\",Count:64b}]}"
            }
        }
    },
    {
        "condition": "minecraft:reference",
        "name": "enchantmentplus:recipes/materials/nether_star"
    }
]