[
    {
        "condition": "minecraft:any_of",
        "terms": [
            {
                "condition": "minecraft:reference",
                "name": "enchantmentplus:recipes/gears/head_turtle"
            },
            {
                "condition": "minecraft:reference",
                "name": "enchantmentplus:recipes/gears/chest"
            },
            {
                "condition": "minecraft:reference",
                "name": "enchantmentplus:recipes/gears/legs"
            },
            {
                "condition": "minecraft:reference",
                "name": "enchantmentplus:recipes/gears/feet"
            }
        ]
    }
]