{
	"display": {
		"icon": {
			"id": "minecraft:glowstone_dust"
		},
		"title": {"translate":"All the Items!"},
		"description": {"color":"#FF2A2A","translate":"Obtain all the items!"},
		"announce_to_chat": true,
		"frame": "challenge"
	},
	"parent": "blazeandcave:challenges/all_the_blocks",
	"rewards": {
		"function": "bc_rewards:challenges/all_the_items"
	},		
	"criteria": {
		"acacia_boat": {
			"trigger": "minecraft:inventory_changed",
			"conditions": {
				"items": [
					{
						"items": [
							"minecraft:acacia_boat"
						]
					}
				]
			}
		},
		"armor_stand": {
			"trigger": "minecraft:inventory_changed",
			"conditions": {
				"items": [
					{
						"items": [
							"minecraft:armor_stand"
						]
					}
				]
			}
		},
		"beetroot_seeds": {
			"trigger": "minecraft:inventory_changed",
			"conditions": {
				"items": [
					{
						"items": [
							"minecraft:beetroot_seeds"
						]
					}
				]
			}
		},
		"birch_boat": {
			"trigger": "minecraft:inventory_changed",
			"conditions": {
				"items": [
					{
						"items": [
							"minecraft:birch_boat"
						]
					}
				]
			}
		},
		"experience_bottle": {
			"trigger": "minecraft:inventory_changed",
			"conditions": {
				"items": [
					{
						"items": [
							"minecraft:experience_bottle"
						]
					}
				]
			}
		},
		"bucket": {
			"trigger": "minecraft:inventory_changed",
			"conditions": {
				"items": [
					{
						"items": [
							"minecraft:bucket"
						]
					}
				]
			}
		},
		"cod_bucket": {
			"trigger": "minecraft:inventory_changed",
			"conditions": {
				"items": [
					{
						"items": [
							"minecraft:cod_bucket"
						]
					}
				]
			}
		},
		"pufferfish_bucket": {
			"trigger": "minecraft:inventory_changed",
			"conditions": {
				"items": [
					{
						"items": [
							"minecraft:pufferfish_bucket"
						]
					}
				]
			}
		},
		"salmon_bucket": {
			"trigger": "minecraft:inventory_changed",
			"conditions": {
				"items": [
					{
						"items": [
							"minecraft:salmon_bucket"
						]
					}
				]
			}
		},
		"tropical_fish_bucket": {
			"trigger": "minecraft:inventory_changed",
			"conditions": {
				"items": [
					{
						"items": [
							"minecraft:tropical_fish_bucket"
						]
					}
				]
			}
		},
		"carrot": {
			"trigger": "minecraft:inventory_changed",
			"conditions": {
				"items": [
					{
						"items": [
							"minecraft:carrot"
						]
					}
				]
			}
		},
		"cocoa_beans": {
			"trigger": "minecraft:inventory_changed",
			"conditions": {
				"items": [
					{
						"items": [
							"minecraft:cocoa_beans"
						]
					}
				]
			}
		},
		"dark_oak_boat": {
			"trigger": "minecraft:inventory_changed",
			"conditions": {
				"items": [
					{
						"items": [
							"minecraft:dark_oak_boat"
						]
					}
				]
			}
		},
		"egg": {
			"trigger": "minecraft:inventory_changed",
			"conditions": {
				"items": [
					{
						"items": [
							"minecraft:egg"
						]
					}
				]
			}
		},
		"ender_pearl": {
			"trigger": "minecraft:inventory_changed",
			"conditions": {
				"items": [
					{
						"items": [
							"minecraft:ender_pearl"
						]
					}
				]
			}
		},
		"end_crystal": {
			"trigger": "minecraft:inventory_changed",
			"conditions": {
				"items": [
					{
						"items": [
							"minecraft:end_crystal"
						]
					}
				]
			}
		},
		"ender_eye": {
			"trigger": "minecraft:inventory_changed",
			"conditions": {
				"items": [
					{
						"items": [
							"minecraft:ender_eye"
						]
					}
				]
			}
		},
		"firework_rocket": {
			"trigger": "minecraft:inventory_changed",
			"conditions": {
				"items": [
					{
						"items": [
							"minecraft:firework_rocket"
						]
					}
				]
			}
		},
		"fire_charge": {
			"trigger": "minecraft:inventory_changed",
			"conditions": {
				"items": [
					{
						"items": [
							"minecraft:fire_charge"
						]
					}
				]
			}
		},
		"item_frame": {
			"trigger": "minecraft:inventory_changed",
			"conditions": {
				"items": [
					{
						"items": [
							"minecraft:item_frame"
						]
					}
				]
			}
		},
		"jungle_boat": {
			"trigger": "minecraft:inventory_changed",
			"conditions": {
				"items": [
					{
						"items": [
							"minecraft:jungle_boat"
						]
					}
				]
			}
		},
		"kelp": {
			"trigger": "minecraft:inventory_changed",
			"conditions": {
				"items": [
					{
						"items": [
							"minecraft:kelp"
						]
					}
				]
			}
		},
		"lava_bucket": {
			"trigger": "minecraft:inventory_changed",
			"conditions": {
				"items": [
					{
						"items": [
							"minecraft:lava_bucket"
						]
					}
				]
			}
		},
		"lead": {
			"trigger": "minecraft:inventory_changed",
			"conditions": {
				"items": [
					{
						"items": [
							"minecraft:lead"
						]
					}
				]
			}
		},
		"lingering_potion": {
			"trigger": "minecraft:inventory_changed",
			"conditions": {
				"items": [
					{
						"items": [
							"minecraft:lingering_potion"
						]
					}
				]
			}
		},
		"melon_seeds": {
			"trigger": "minecraft:inventory_changed",
			"conditions": {
				"items": [
					{
						"items": [
							"minecraft:melon_seeds"
						]
					}
				]
			}
		},
		"minecart": {
			"trigger": "minecraft:inventory_changed",
			"conditions": {
				"items": [
					{
						"items": [
							"minecraft:minecart"
						]
					}
				]
			}
		},
		"chest_minecart": {
			"trigger": "minecraft:inventory_changed",
			"conditions": {
				"items": [
					{
						"items": [
							"minecraft:chest_minecart"
						]
					}
				]
			}
		},
		"furnace_minecart": {
			"trigger": "minecraft:inventory_changed",
			"conditions": {
				"items": [
					{
						"items": [
							"minecraft:furnace_minecart"
						]
					}
				]
			}
		},
		"hopper_minecart": {
			"trigger": "minecraft:inventory_changed",
			"conditions": {
				"items": [
					{
						"items": [
							"minecraft:hopper_minecart"
						]
					}
				]
			}
		},
		"tnt_minecart": {
			"trigger": "minecraft:inventory_changed",
			"conditions": {
				"items": [
					{
						"items": [
							"minecraft:tnt_minecart"
						]
					}
				]
			}
		},
		"nether_wart": {
			"trigger": "minecraft:inventory_changed",
			"conditions": {
				"items": [
					{
						"items": [
							"minecraft:nether_wart"
						]
					}
				]
			}
		},
		"oak_boat": {
			"trigger": "minecraft:inventory_changed",
			"conditions": {
				"items": [
					{
						"items": [
							"minecraft:oak_boat"
						]
					}
				]
			}
		},
		"painting": {
			"trigger": "minecraft:inventory_changed",
			"conditions": {
				"items": [
					{
						"items": [
							"minecraft:painting"
						]
					}
				]
			}
		},
		"potato": {
			"trigger": "minecraft:inventory_changed",
			"conditions": {
				"items": [
					{
						"items": [
							"minecraft:potato"
						]
					}
				]
			}
		},
		"pumpkin_seeds": {
			"trigger": "minecraft:inventory_changed",
			"conditions": {
				"items": [
					{
						"items": [
							"minecraft:pumpkin_seeds"
						]
					}
				]
			}
		},
		"redstone": {
			"trigger": "minecraft:inventory_changed",
			"conditions": {
				"items": [
					{
						"items": [
							"minecraft:redstone"
						]
					}
				]
			}
		},
		"snowball": {
			"trigger": "minecraft:inventory_changed",
			"conditions": {
				"items": [
					{
						"items": [
							"minecraft:snowball"
						]
					}
				]
			}
		},
		"splash_potion": {
			"trigger": "minecraft:inventory_changed",
			"conditions": {
				"items": [
					{
						"items": [
							"minecraft:splash_potion"
						]
					}
				]
			}
		},
		"spruce_boat": {
			"trigger": "minecraft:inventory_changed",
			"conditions": {
				"items": [
					{
						"items": [
							"minecraft:spruce_boat"
						]
					}
				]
			}
		},
		"string": {
			"trigger": "minecraft:inventory_changed",
			"conditions": {
				"items": [
					{
						"items": [
							"minecraft:string"
						]
					}
				]
			}
		},
		"sugar_cane": {
			"trigger": "minecraft:inventory_changed",
			"conditions": {
				"items": [
					{
						"items": [
							"minecraft:sugar_cane"
						]
					}
				]
			}
		},
		"sweet_berries": {
			"trigger": "minecraft:inventory_changed",
			"conditions": {
				"items": [
					{
						"items": [
							"minecraft:sweet_berries"
						]
					}
				]
			}
		},
		"trident": {
			"trigger": "minecraft:inventory_changed",
			"conditions": {
				"items": [
					{
						"items": [
							"minecraft:trident"
						]
					}
				]
			}
		},
		"water_bucket": {
			"trigger": "minecraft:inventory_changed",
			"conditions": {
				"items": [
					{
						"items": [
							"minecraft:water_bucket"
						]
					}
				]
			}
		},
		"wheat_seeds": {
			"trigger": "minecraft:inventory_changed",
			"conditions": {
				"items": [
					{
						"items": [
							"minecraft:wheat_seeds"
						]
					}
				]
			}
		},
		"apple": {
			"trigger": "minecraft:inventory_changed",
			"conditions": {
				"items": [
					{
						"items": [
							"minecraft:apple"
						]
					}
				]
			}
		},
		"arrow": {
			"trigger": "minecraft:inventory_changed",
			"conditions": {
				"items": [
					{
						"items": [
							"minecraft:arrow"
						]
					}
				]
			}
		},
		"baked_potato": {
			"trigger": "minecraft:inventory_changed",
			"conditions": {
				"items": [
					{
						"items": [
							"minecraft:baked_potato"
						]
					}
				]
			}
		},
		"beetroot_soup": {
			"trigger": "minecraft:inventory_changed",
			"conditions": {
				"items": [
					{
						"items": [
							"minecraft:beetroot_soup"
						]
					}
				]
			}
		},
		"beetroot": {
			"trigger": "minecraft:inventory_changed",
			"conditions": {
				"items": [
					{
						"items": [
							"minecraft:beetroot"
						]
					}
				]
			}
		},
		"black_dye": {
			"trigger": "minecraft:inventory_changed",
			"conditions": {
				"items": [
					{
						"items": [
							"minecraft:black_dye"
						]
					}
				]
			}
		},
		"blue_dye": {
			"trigger": "minecraft:inventory_changed",
			"conditions": {
				"items": [
					{
						"items": [
							"minecraft:blue_dye"
						]
					}
				]
			}
		},
		"bone": {
			"trigger": "minecraft:inventory_changed",
			"conditions": {
				"items": [
					{
						"items": [
							"minecraft:bone"
						]
					}
				]
			}
		},
		"bone_meal": {
			"trigger": "minecraft:inventory_changed",
			"conditions": {
				"items": [
					{
						"items": [
							"minecraft:bone_meal"
						]
					}
				]
			}
		},
		"writable_book": {
			"trigger": "minecraft:inventory_changed",
			"conditions": {
				"items": [
					{
						"items": [
							"minecraft:writable_book"
						]
					}
				]
			}
		},
		"bow": {
			"trigger": "minecraft:inventory_changed",
			"conditions": {
				"items": [
					{
						"items": [
							"minecraft:bow"
						]
					}
				]
			}
		},
		"bowl": {
			"trigger": "minecraft:inventory_changed",
			"conditions": {
				"items": [
					{
						"items": [
							"minecraft:bowl"
						]
					}
				]
			}
		},
		"bread": {
			"trigger": "minecraft:inventory_changed",
			"conditions": {
				"items": [
					{
						"items": [
							"minecraft:bread"
						]
					}
				]
			}
		},
		"brown_dye": {
			"trigger": "minecraft:inventory_changed",
			"conditions": {
				"items": [
					{
						"items": [
							"minecraft:brown_dye"
						]
					}
				]
			}
		},
		"carrot_on_a_stick": {
			"trigger": "minecraft:inventory_changed",
			"conditions": {
				"items": [
					{
						"items": [
							"minecraft:carrot_on_a_stick"
						]
					}
				]
			}
		},
		"chainmail_boots": {
			"trigger": "minecraft:inventory_changed",
			"conditions": {
				"items": [
					{
						"items": [
							"minecraft:chainmail_boots"
						]
					}
				]
			}
		},
		"chainmail_chestplate": {
			"trigger": "minecraft:inventory_changed",
			"conditions": {
				"items": [
					{
						"items": [
							"minecraft:chainmail_chestplate"
						]
					}
				]
			}
		},
		"chainmail_helmet": {
			"trigger": "minecraft:inventory_changed",
			"conditions": {
				"items": [
					{
						"items": [
							"minecraft:chainmail_helmet"
						]
					}
				]
			}
		},
		"chainmail_leggings": {
			"trigger": "minecraft:inventory_changed",
			"conditions": {
				"items": [
					{
						"items": [
							"minecraft:chainmail_leggings"
						]
					}
				]
			}
		},
		"charcoal": {
			"trigger": "minecraft:inventory_changed",
			"conditions": {
				"items": [
					{
						"items": [
							"minecraft:charcoal"
						]
					}
				]
			}
		},
		"chorus_fruit": {
			"trigger": "minecraft:inventory_changed",
			"conditions": {
				"items": [
					{
						"items": [
							"minecraft:chorus_fruit"
						]
					}
				]
			}
		},
		"coal": {
			"trigger": "minecraft:inventory_changed",
			"conditions": {
				"items": [
					{
						"items": [
							"minecraft:coal"
						]
					}
				]
			}
		},
		"cooked_chicken": {
			"trigger": "minecraft:inventory_changed",
			"conditions": {
				"items": [
					{
						"items": [
							"minecraft:cooked_chicken"
						]
					}
				]
			}
		},
		"cooked_cod": {
			"trigger": "minecraft:inventory_changed",
			"conditions": {
				"items": [
					{
						"items": [
							"minecraft:cooked_cod"
						]
					}
				]
			}
		},
		"cooked_mutton": {
			"trigger": "minecraft:inventory_changed",
			"conditions": {
				"items": [
					{
						"items": [
							"minecraft:cooked_mutton"
						]
					}
				]
			}
		},
		"cooked_porkchop": {
			"trigger": "minecraft:inventory_changed",
			"conditions": {
				"items": [
					{
						"items": [
							"minecraft:cooked_porkchop"
						]
					}
				]
			}
		},
		"cooked_rabbit": {
			"trigger": "minecraft:inventory_changed",
			"conditions": {
				"items": [
					{
						"items": [
							"minecraft:cooked_rabbit"
						]
					}
				]
			}
		},
		"cooked_salmon": {
			"trigger": "minecraft:inventory_changed",
			"conditions": {
				"items": [
					{
						"items": [
							"minecraft:cooked_salmon"
						]
					}
				]
			}
		},
		"cookie": {
			"trigger": "minecraft:inventory_changed",
			"conditions": {
				"items": [
					{
						"items": [
							"minecraft:cookie"
						]
					}
				]
			}
		},
		"crossbow": {
			"trigger": "minecraft:inventory_changed",
			"conditions": {
				"items": [
					{
						"items": [
							"minecraft:crossbow"
						]
					}
				]
			}
		},
		"cyan_dye": {
			"trigger": "minecraft:inventory_changed",
			"conditions": {
				"items": [
					{
						"items": [
							"minecraft:cyan_dye"
						]
					}
				]
			}
		},
		"diamond_axe": {
			"trigger": "minecraft:inventory_changed",
			"conditions": {
				"items": [
					{
						"items": [
							"minecraft:diamond_axe"
						]
					}
				]
			}
		},
		"diamond_boots": {
			"trigger": "minecraft:inventory_changed",
			"conditions": {
				"items": [
					{
						"items": [
							"minecraft:diamond_boots"
						]
					}
				]
			}
		},
		"diamond_chestplate": {
			"trigger": "minecraft:inventory_changed",
			"conditions": {
				"items": [
					{
						"items": [
							"minecraft:diamond_chestplate"
						]
					}
				]
			}
		},
		"diamond_helmet": {
			"trigger": "minecraft:inventory_changed",
			"conditions": {
				"items": [
					{
						"items": [
							"minecraft:diamond_helmet"
						]
					}
				]
			}
		},
		"diamond_hoe": {
			"trigger": "minecraft:inventory_changed",
			"conditions": {
				"items": [
					{
						"items": [
							"minecraft:diamond_hoe"
						]
					}
				]
			}
		},
		"diamond_horse_armor": {
			"trigger": "minecraft:inventory_changed",
			"conditions": {
				"items": [
					{
						"items": [
							"minecraft:diamond_horse_armor"
						]
					}
				]
			}
		},
		"diamond_leggings": {
			"trigger": "minecraft:inventory_changed",
			"conditions": {
				"items": [
					{
						"items": [
							"minecraft:diamond_leggings"
						]
					}
				]
			}
		},
		"diamond_pickaxe": {
			"trigger": "minecraft:inventory_changed",
			"conditions": {
				"items": [
					{
						"items": [
							"minecraft:diamond_pickaxe"
						]
					}
				]
			}
		},
		"diamond_shovel": {
			"trigger": "minecraft:inventory_changed",
			"conditions": {
				"items": [
					{
						"items": [
							"minecraft:diamond_shovel"
						]
					}
				]
			}
		},
		"diamond_sword": {
			"trigger": "minecraft:inventory_changed",
			"conditions": {
				"items": [
					{
						"items": [
							"minecraft:diamond_sword"
						]
					}
				]
			}
		},
		"dried_kelp": {
			"trigger": "minecraft:inventory_changed",
			"conditions": {
				"items": [
					{
						"items": [
							"minecraft:dried_kelp"
						]
					}
				]
			}
		},
		"map": {
			"trigger": "minecraft:inventory_changed",
			"conditions": {
				"items": [
					{
						"items": [
							"minecraft:map"
						]
					}
				]
			}
		},
		"enchanted_book": {
			"trigger": "minecraft:inventory_changed",
			"conditions": {
				"items": [
					{
						"items": [
							"minecraft:enchanted_book"
						]
					}
				]
			}
		},
		"enchanted_golden_apple": {
			"trigger": "minecraft:inventory_changed",
			"conditions": {
				"items": [
					{
						"items": [
							"minecraft:enchanted_golden_apple"
						]
					}
				]
			}
		},
		"filled_map": {
			"trigger": "minecraft:inventory_changed",
			"conditions": {
				"items": [
					{
						"items": [
							"minecraft:filled_map"
						]
					}
				]
			}
		},
		"fishing_rod": {
			"trigger": "minecraft:inventory_changed",
			"conditions": {
				"items": [
					{
						"items": [
							"minecraft:fishing_rod"
						]
					}
				]
			}
		},
		"glass_bottle": {
			"trigger": "minecraft:inventory_changed",
			"conditions": {
				"items": [
					{
						"items": [
							"minecraft:glass_bottle"
						]
					}
				]
			}
		},
		"golden_apple": {
			"trigger": "minecraft:inventory_changed",
			"conditions": {
				"items": [
					{
						"items": [
							"minecraft:golden_apple"
						]
					}
				]
			}
		},
		"golden_axe": {
			"trigger": "minecraft:inventory_changed",
			"conditions": {
				"items": [
					{
						"items": [
							"minecraft:golden_axe"
						]
					}
				]
			}
		},
		"golden_boots": {
			"trigger": "minecraft:inventory_changed",
			"conditions": {
				"items": [
					{
						"items": [
							"minecraft:golden_boots"
						]
					}
				]
			}
		},
		"golden_carrot": {
			"trigger": "minecraft:inventory_changed",
			"conditions": {
				"items": [
					{
						"items": [
							"minecraft:golden_carrot"
						]
					}
				]
			}
		},		
		"golden_chestplate": {
			"trigger": "minecraft:inventory_changed",
			"conditions": {
				"items": [
					{
						"items": [
							"minecraft:golden_chestplate"
						]
					}
				]
			}
		},
		"golden_helmet": {
			"trigger": "minecraft:inventory_changed",
			"conditions": {
				"items": [
					{
						"items": [
							"minecraft:golden_helmet"
						]
					}
				]
			}
		},
		"golden_hoe": {
			"trigger": "minecraft:inventory_changed",
			"conditions": {
				"items": [
					{
						"items": [
							"minecraft:golden_hoe"
						]
					}
				]
			}
		},
		"golden_horse_armor": {
			"trigger": "minecraft:inventory_changed",
			"conditions": {
				"items": [
					{
						"items": [
							"minecraft:golden_horse_armor"
						]
					}
				]
			}
		},
		"golden_leggings": {
			"trigger": "minecraft:inventory_changed",
			"conditions": {
				"items": [
					{
						"items": [
							"minecraft:golden_leggings"
						]
					}
				]
			}
		},
		"golden_pickaxe": {
			"trigger": "minecraft:inventory_changed",
			"conditions": {
				"items": [
					{
						"items": [
							"minecraft:golden_pickaxe"
						]
					}
				]
			}
		},
		"golden_shovel": {
			"trigger": "minecraft:inventory_changed",
			"conditions": {
				"items": [
					{
						"items": [
							"minecraft:golden_shovel"
						]
					}
				]
			}
		},
		"golden_sword": {
			"trigger": "minecraft:inventory_changed",
			"conditions": {
				"items": [
					{
						"items": [
							"minecraft:golden_sword"
						]
					}
				]
			}
		},		
		"gray_dye": {
			"trigger": "minecraft:inventory_changed",
			"conditions": {
				"items": [
					{
						"items": [
							"minecraft:gray_dye"
						]
					}
				]
			}
		},
		"green_dye": {
			"trigger": "minecraft:inventory_changed",
			"conditions": {
				"items": [
					{
						"items": [
							"minecraft:green_dye"
						]
					}
				]
			}
		},
		"ink_sac": {
			"trigger": "minecraft:inventory_changed",
			"conditions": {
				"items": [
					{
						"items": [
							"minecraft:ink_sac"
						]
					}
				]
			}
		},
		"iron_axe": {
			"trigger": "minecraft:inventory_changed",
			"conditions": {
				"items": [
					{
						"items": [
							"minecraft:iron_axe"
						]
					}
				]
			}
		},
		"iron_boots": {
			"trigger": "minecraft:inventory_changed",
			"conditions": {
				"items": [
					{
						"items": [
							"minecraft:iron_boots"
						]
					}
				]
			}
		},
		"iron_chestplate": {
			"trigger": "minecraft:inventory_changed",
			"conditions": {
				"items": [
					{
						"items": [
							"minecraft:iron_chestplate"
						]
					}
				]
			}
		},
		"iron_helmet": {
			"trigger": "minecraft:inventory_changed",
			"conditions": {
				"items": [
					{
						"items": [
							"minecraft:iron_helmet"
						]
					}
				]
			}
		},
		"iron_hoe": {
			"trigger": "minecraft:inventory_changed",
			"conditions": {
				"items": [
					{
						"items": [
							"minecraft:iron_hoe"
						]
					}
				]
			}
		},
		"iron_horse_armor": {
			"trigger": "minecraft:inventory_changed",
			"conditions": {
				"items": [
					{
						"items": [
							"minecraft:iron_horse_armor"
						]
					}
				]
			}
		},
		"iron_leggings": {
			"trigger": "minecraft:inventory_changed",
			"conditions": {
				"items": [
					{
						"items": [
							"minecraft:iron_leggings"
						]
					}
				]
			}
		},
		"iron_nugget": {
			"trigger": "minecraft:inventory_changed",
			"conditions": {
				"items": [
					{
						"items": [
							"minecraft:iron_nugget"
						]
					}
				]
			}
		},		
		"iron_pickaxe": {
			"trigger": "minecraft:inventory_changed",
			"conditions": {
				"items": [
					{
						"items": [
							"minecraft:iron_pickaxe"
						]
					}
				]
			}
		},
		"iron_shovel": {
			"trigger": "minecraft:inventory_changed",
			"conditions": {
				"items": [
					{
						"items": [
							"minecraft:iron_shovel"
						]
					}
				]
			}
		},
		"iron_sword": {
			"trigger": "minecraft:inventory_changed",
			"conditions": {
				"items": [
					{
						"items": [
							"minecraft:iron_sword"
						]
					}
				]
			}
		},		
		"lapis_lazuli": {
			"trigger": "minecraft:inventory_changed",
			"conditions": {
				"items": [
					{
						"items": [
							"minecraft:lapis_lazuli"
						]
					}
				]
			}
		},
		"leather_boots": {
			"trigger": "minecraft:inventory_changed",
			"conditions": {
				"items": [
					{
						"items": [
							"minecraft:leather_boots"
						]
					}
				]
			}
		},
		"leather_helmet": {
			"trigger": "minecraft:inventory_changed",
			"conditions": {
				"items": [
					{
						"items": [
							"minecraft:leather_helmet"
						]
					}
				]
			}
		},
		"leather_horse_armor": {
			"trigger": "minecraft:inventory_changed",
			"conditions": {
				"items": [
					{
						"items": [
							"minecraft:leather_horse_armor"
						]
					}
				]
			}
		},
		"leather_leggings": {
			"trigger": "minecraft:inventory_changed",
			"conditions": {
				"items": [
					{
						"items": [
							"minecraft:leather_leggings"
						]
					}
				]
			}
		},
		"leather_chestplate": {
			"trigger": "minecraft:inventory_changed",
			"conditions": {
				"items": [
					{
						"items": [
							"minecraft:leather_chestplate"
						]
					}
				]
			}
		},
		"light_blue_dye": {
			"trigger": "minecraft:inventory_changed",
			"conditions": {
				"items": [
					{
						"items": [
							"minecraft:light_blue_dye"
						]
					}
				]
			}
		},
		"light_gray_dye": {
			"trigger": "minecraft:inventory_changed",
			"conditions": {
				"items": [
					{
						"items": [
							"minecraft:light_gray_dye"
						]
					}
				]
			}
		},
		"lime_dye": {
			"trigger": "minecraft:inventory_changed",
			"conditions": {
				"items": [
					{
						"items": [
							"minecraft:lime_dye"
						]
					}
				]
			}
		},
		"magenta_dye": {
			"trigger": "minecraft:inventory_changed",
			"conditions": {
				"items": [
					{
						"items": [
							"minecraft:magenta_dye"
						]
					}
				]
			}
		},
		"melon_slice": {
			"trigger": "minecraft:inventory_changed",
			"conditions": {
				"items": [
					{
						"items": [
							"minecraft:melon_slice"
						]
					}
				]
			}
		},
		"milk_bucket": {
			"trigger": "minecraft:inventory_changed",
			"conditions": {
				"items": [
					{
						"items": [
							"minecraft:milk_bucket"
						]
					}
				]
			}
		},
		"mushroom_stew": {
			"trigger": "minecraft:inventory_changed",
			"conditions": {
				"items": [
					{
						"items": [
							"minecraft:mushroom_stew"
						]
					}
				]
			}
		},
		"music_disc_ward": {
			"trigger": "minecraft:inventory_changed",
			"conditions": {
				"items": [
					{
						"items": [
							"minecraft:music_disc_ward"
						]
					}
				]
			}
		},
		"music_disc_wait": {
			"trigger": "minecraft:inventory_changed",
			"conditions": {
				"items": [
					{
						"items": [
							"minecraft:music_disc_wait"
						]
					}
				]
			}
		},		
		"music_disc_stal": {
			"trigger": "minecraft:inventory_changed",
			"conditions": {
				"items": [
					{
						"items": [
							"minecraft:music_disc_stal"
						]
					}
				]
			}
		},
		"music_disc_mellohi": {
			"trigger": "minecraft:inventory_changed",
			"conditions": {
				"items": [
					{
						"items": [
							"minecraft:music_disc_mellohi"
						]
					}
				]
			}
		},
		"music_disc_mall": {
			"trigger": "minecraft:inventory_changed",
			"conditions": {
				"items": [
					{
						"items": [
							"minecraft:music_disc_mall"
						]
					}
				]
			}
		},
		"music_disc_far": {
			"trigger": "minecraft:inventory_changed",
			"conditions": {
				"items": [
					{
						"items": [
							"minecraft:music_disc_far"
						]
					}
				]
			}
		},
		"music_disc_chirp": {
			"trigger": "minecraft:inventory_changed",
			"conditions": {
				"items": [
					{
						"items": [
							"minecraft:music_disc_chirp"
						]
					}
				]
			}
		},
		"music_disc_cat": {
			"trigger": "minecraft:inventory_changed",
			"conditions": {
				"items": [
					{
						"items": [
							"minecraft:music_disc_cat"
						]
					}
				]
			}
		},
		"music_disc_blocks": {
			"trigger": "minecraft:inventory_changed",
			"conditions": {
				"items": [
					{
						"items": [
							"minecraft:music_disc_blocks"
						]
					}
				]
			}
		},
		"music_disc_13": {
			"trigger": "minecraft:inventory_changed",
			"conditions": {
				"items": [
					{
						"items": [
							"minecraft:music_disc_13"
						]
					}
				]
			}
		},
		"music_disc_11": {
			"trigger": "minecraft:inventory_changed",
			"conditions": {
				"items": [
					{
						"items": [
							"minecraft:music_disc_11"
						]
					}
				]
			}
		},
		"music_disc_strad": {
			"trigger": "minecraft:inventory_changed",
			"conditions": {
				"items": [
					{
						"items": [
							"minecraft:music_disc_strad"
						]
					}
				]
			}
		},
		"name_tag": {
			"trigger": "minecraft:inventory_changed",
			"conditions": {
				"items": [
					{
						"items": [
							"minecraft:name_tag"
						]
					}
				]
			}
		},
		"orange_dye": {
			"trigger": "minecraft:inventory_changed",
			"conditions": {
				"items": [
					{
						"items": [
							"minecraft:orange_dye"
						]
					}
				]
			}
		},
		"pink_dye": {
			"trigger": "minecraft:inventory_changed",
			"conditions": {
				"items": [
					{
						"items": [
							"minecraft:pink_dye"
						]
					}
				]
			}
		},
		"poisonous_potato": {
			"trigger": "minecraft:inventory_changed",
			"conditions": {
				"items": [
					{
						"items": [
							"minecraft:poisonous_potato"
						]
					}
				]
			}
		},
		"potion": {
			"trigger": "minecraft:inventory_changed",
			"conditions": {
				"items": [
					{
						"items": [
							"minecraft:potion"
						]
					}
				]
			}
		},
		"pufferfish": {
			"trigger": "minecraft:inventory_changed",
			"conditions": {
				"items": [
					{
						"items": [
							"minecraft:pufferfish"
						]
					}
				]
			}
		},
		"pumpkin_pie": {
			"trigger": "minecraft:inventory_changed",
			"conditions": {
				"items": [
					{
						"items": [
							"minecraft:pumpkin_pie"
						]
					}
				]
			}
		},
		"purple_dye": {
			"trigger": "minecraft:inventory_changed",
			"conditions": {
				"items": [
					{
						"items": [
							"minecraft:purple_dye"
						]
					}
				]
			}
		},
		"rabbit_stew": {
			"trigger": "minecraft:inventory_changed",
			"conditions": {
				"items": [
					{
						"items": [
							"minecraft:rabbit_stew"
						]
					}
				]
			}
		},
		"beef": {
			"trigger": "minecraft:inventory_changed",
			"conditions": {
				"items": [
					{
						"items": [
							"minecraft:beef"
						]
					}
				]
			}
		},
		"chicken": {
			"trigger": "minecraft:inventory_changed",
			"conditions": {
				"items": [
					{
						"items": [
							"minecraft:chicken"
						]
					}
				]
			}
		},
		"cod": {
			"trigger": "minecraft:inventory_changed",
			"conditions": {
				"items": [
					{
						"items": [
							"minecraft:cod"
						]
					}
				]
			}
		},
		"mutton": {
			"trigger": "minecraft:inventory_changed",
			"conditions": {
				"items": [
					{
						"items": [
							"minecraft:mutton"
						]
					}
				]
			}
		},
		"porkchop": {
			"trigger": "minecraft:inventory_changed",
			"conditions": {
				"items": [
					{
						"items": [
							"minecraft:porkchop"
						]
					}
				]
			}
		},
		"rabbit": {
			"trigger": "minecraft:inventory_changed",
			"conditions": {
				"items": [
					{
						"items": [
							"minecraft:rabbit"
						]
					}
				]
			}
		},
		"salmon": {
			"trigger": "minecraft:inventory_changed",
			"conditions": {
				"items": [
					{
						"items": [
							"minecraft:salmon"
						]
					}
				]
			}
		},
		"red_dye": {
			"trigger": "minecraft:inventory_changed",
			"conditions": {
				"items": [
					{
						"items": [
							"minecraft:red_dye"
						]
					}
				]
			}
		},
		"rotten_flesh": {
			"trigger": "minecraft:inventory_changed",
			"conditions": {
				"items": [
					{
						"items": [
							"minecraft:rotten_flesh"
						]
					}
				]
			}
		},
		"saddle": {
			"trigger": "minecraft:inventory_changed",
			"conditions": {
				"items": [
					{
						"items": [
							"minecraft:saddle"
						]
					}
				]
			}
		},
		"shears": {
			"trigger": "minecraft:inventory_changed",
			"conditions": {
				"items": [
					{
						"items": [
							"minecraft:shears"
						]
					}
				]
			}
		},
		"shield": {
			"trigger": "minecraft:inventory_changed",
			"conditions": {
				"items": [
					{
						"items": [
							"minecraft:shield"
						]
					}
				]
			}
		},
		"spectral_arrow": {
			"trigger": "minecraft:inventory_changed",
			"conditions": {
				"items": [
					{
						"items": [
							"minecraft:spectral_arrow"
						]
					}
				]
			}
		},
		"spider_eye": {
			"trigger": "minecraft:inventory_changed",
			"conditions": {
				"items": [
					{
						"items": [
							"minecraft:spider_eye"
						]
					}
				]
			}
		},
		"cooked_beef": {
			"trigger": "minecraft:inventory_changed",
			"conditions": {
				"items": [
					{
						"items": [
							"minecraft:cooked_beef"
						]
					}
				]
			}
		},
		"stone_axe": {
			"trigger": "minecraft:inventory_changed",
			"conditions": {
				"items": [
					{
						"items": [
							"minecraft:stone_axe"
						]
					}
				]
			}
		},
		"stone_hoe": {
			"trigger": "minecraft:inventory_changed",
			"conditions": {
				"items": [
					{
						"items": [
							"minecraft:stone_hoe"
						]
					}
				]
			}
		},
		"stone_pickaxe": {
			"trigger": "minecraft:inventory_changed",
			"conditions": {
				"items": [
					{
						"items": [
							"minecraft:stone_pickaxe"
						]
					}
				]
			}
		},
		"stone_shovel": {
			"trigger": "minecraft:inventory_changed",
			"conditions": {
				"items": [
					{
						"items": [
							"minecraft:stone_shovel"
						]
					}
				]
			}
		},
		"stone_sword": {
			"trigger": "minecraft:inventory_changed",
			"conditions": {
				"items": [
					{
						"items": [
							"minecraft:stone_sword"
						]
					}
				]
			}
		},
		"sugar": {
			"trigger": "minecraft:inventory_changed",
			"conditions": {
				"items": [
					{
						"items": [
							"minecraft:sugar"
						]
					}
				]
			}
		},
		"suspicious_stew": {
			"trigger": "minecraft:inventory_changed",
			"conditions": {
				"items": [
					{
						"items": [
							"minecraft:suspicious_stew"
						]
					}
				]
			}
		},
		"tipped_arrow": {
			"trigger": "minecraft:inventory_changed",
			"conditions": {
				"items": [
					{
						"items": [
							"minecraft:tipped_arrow"
						]
					}
				]
			}
		},
		"totem_of_undying": {
			"trigger": "minecraft:inventory_changed",
			"conditions": {
				"items": [
					{
						"items": [
							"minecraft:totem_of_undying"
						]
					}
				]
			}
		},
		"tropical_fish": {
			"trigger": "minecraft:inventory_changed",
			"conditions": {
				"items": [
					{
						"items": [
							"minecraft:tropical_fish"
						]
					}
				]
			}
		},
		"turtle_helmet": {
			"trigger": "minecraft:inventory_changed",
			"conditions": {
				"items": [
					{
						"items": [
							"minecraft:turtle_helmet"
						]
					}
				]
			}
		},
		"wheat": {
			"trigger": "minecraft:inventory_changed",
			"conditions": {
				"items": [
					{
						"items": [
							"minecraft:wheat"
						]
					}
				]
			}
		},
		"white_dye": {
			"trigger": "minecraft:inventory_changed",
			"conditions": {
				"items": [
					{
						"items": [
							"minecraft:white_dye"
						]
					}
				]
			}
		},
		"wooden_axe": {
			"trigger": "minecraft:inventory_changed",
			"conditions": {
				"items": [
					{
						"items": [
							"minecraft:wooden_axe"
						]
					}
				]
			}
		},
		"wooden_hoe": {
			"trigger": "minecraft:inventory_changed",
			"conditions": {
				"items": [
					{
						"items": [
							"minecraft:wooden_hoe"
						]
					}
				]
			}
		},
		"wooden_pickaxe": {
			"trigger": "minecraft:inventory_changed",
			"conditions": {
				"items": [
					{
						"items": [
							"minecraft:wooden_pickaxe"
						]
					}
				]
			}
		},
		"wooden_shovel": {
			"trigger": "minecraft:inventory_changed",
			"conditions": {
				"items": [
					{
						"items": [
							"minecraft:wooden_shovel"
						]
					}
				]
			}
		},
		"wooden_sword": {
			"trigger": "minecraft:inventory_changed",
			"conditions": {
				"items": [
					{
						"items": [
							"minecraft:wooden_sword"
						]
					}
				]
			}
		},		
		"written_book": {
			"trigger": "minecraft:inventory_changed",
			"conditions": {
				"items": [
					{
						"items": [
							"minecraft:written_book"
						]
					}
				]
			}
		},
		"yellow_dye": {
			"trigger": "minecraft:inventory_changed",
			"conditions": {
				"items": [
					{
						"items": [
							"minecraft:yellow_dye"
						]
					}
				]
			}
		},
		"mojang_banner_pattern": {
			"trigger": "minecraft:inventory_changed",
			"conditions": {
				"items": [
					{
						"items": [
							"minecraft:mojang_banner_pattern"
						]
					}
				]
			}
		},
		"skull_banner_pattern": {
			"trigger": "minecraft:inventory_changed",
			"conditions": {
				"items": [
					{
						"items": [
							"minecraft:skull_banner_pattern"
						]
					}
				]
			}
		},
		"creeper_banner_pattern": {
			"trigger": "minecraft:inventory_changed",
			"conditions": {
				"items": [
					{
						"items": [
							"minecraft:creeper_banner_pattern"
						]
					}
				]
			}
		},
		"globe_banner_pattern": {
			"trigger": "minecraft:inventory_changed",
			"conditions": {
				"items": [
					{
						"items": [
							"minecraft:globe_banner_pattern"
						]
					}
				]
			}
		},
		"flower_banner_pattern": {
			"trigger": "minecraft:inventory_changed",
			"conditions": {
				"items": [
					{
						"items": [
							"minecraft:flower_banner_pattern"
						]
					}
				]
			}
		},
		"blaze_powder": {
			"trigger": "minecraft:inventory_changed",
			"conditions": {
				"items": [
					{
						"items": [
							"minecraft:blaze_powder"
						]
					}
				]
			}
		},
		"blaze_rod": {
			"trigger": "minecraft:inventory_changed",
			"conditions": {
				"items": [
					{
						"items": [
							"minecraft:blaze_rod"
						]
					}
				]
			}
		},
		"book": {
			"trigger": "minecraft:inventory_changed",
			"conditions": {
				"items": [
					{
						"items": [
							"minecraft:book"
						]
					}
				]
			}
		},
		"brick": {
			"trigger": "minecraft:inventory_changed",
			"conditions": {
				"items": [
					{
						"items": [
							"minecraft:brick"
						]
					}
				]
			}
		},
		"clay_ball": {
			"trigger": "minecraft:inventory_changed",
			"conditions": {
				"items": [
					{
						"items": [
							"minecraft:clay_ball"
						]
					}
				]
			}
		},
		"clock": {
			"trigger": "minecraft:inventory_changed",
			"conditions": {
				"items": [
					{
						"items": [
							"minecraft:clock"
						]
					}
				]
			}
		},
		"compass": {
			"trigger": "minecraft:inventory_changed",
			"conditions": {
				"items": [
					{
						"items": [
							"minecraft:compass"
						]
					}
				]
			}
		},
		"diamond": {
			"trigger": "minecraft:inventory_changed",
			"conditions": {
				"items": [
					{
						"items": [
							"minecraft:diamond"
						]
					}
				]
			}
		},
		"dragon_breath": {
			"trigger": "minecraft:inventory_changed",
			"conditions": {
				"items": [
					{
						"items": [
							"minecraft:dragon_breath"
						]
					}
				]
			}
		},
		"emerald": {
			"trigger": "minecraft:inventory_changed",
			"conditions": {
				"items": [
					{
						"items": [
							"minecraft:emerald"
						]
					}
				]
			}
		},
		"feather": {
			"trigger": "minecraft:inventory_changed",
			"conditions": {
				"items": [
					{
						"items": [
							"minecraft:feather"
						]
					}
				]
			}
		},
		"fermented_spider_eye": {
			"trigger": "minecraft:inventory_changed",
			"conditions": {
				"items": [
					{
						"items": [
							"minecraft:fermented_spider_eye"
						]
					}
				]
			}
		},
		"firework_star": {
			"trigger": "minecraft:inventory_changed",
			"conditions": {
				"items": [
					{
						"items": [
							"minecraft:firework_star"
						]
					}
				]
			}
		},
		"flint": {
			"trigger": "minecraft:inventory_changed",
			"conditions": {
				"items": [
					{
						"items": [
							"minecraft:flint"
						]
					}
				]
			}
		},
		"flint_and_steel": {
			"trigger": "minecraft:inventory_changed",
			"conditions": {
				"items": [
					{
						"items": [
							"minecraft:flint_and_steel"
						]
					}
				]
			}
		},
		"glistering_melon_slice": {
			"trigger": "minecraft:inventory_changed",
			"conditions": {
				"items": [
					{
						"items": [
							"minecraft:glistering_melon_slice"
						]
					}
				]
			}
		},
		"glowstone_dust": {
			"trigger": "minecraft:inventory_changed",
			"conditions": {
				"items": [
					{
						"items": [
							"minecraft:glowstone_dust"
						]
					}
				]
			}
		},
		"gold_ingot": {
			"trigger": "minecraft:inventory_changed",
			"conditions": {
				"items": [
					{
						"items": [
							"minecraft:gold_ingot"
						]
					}
				]
			}
		},
		"gold_nugget": {
			"trigger": "minecraft:inventory_changed",
			"conditions": {
				"items": [
					{
						"items": [
							"minecraft:gold_nugget"
						]
					}
				]
			}
		},
		"ghast_tear": {
			"trigger": "minecraft:inventory_changed",
			"conditions": {
				"items": [
					{
						"items": [
							"minecraft:ghast_tear"
						]
					}
				]
			}
		},
		"gunpowder": {
			"trigger": "minecraft:inventory_changed",
			"conditions": {
				"items": [
					{
						"items": [
							"minecraft:gunpowder"
						]
					}
				]
			}
		},
		"heart_of_the_sea": {
			"trigger": "minecraft:inventory_changed",
			"conditions": {
				"items": [
					{
						"items": [
							"minecraft:heart_of_the_sea"
						]
					}
				]
			}
		},
		"iron_ingot": {
			"trigger": "minecraft:inventory_changed",
			"conditions": {
				"items": [
					{
						"items": [
							"minecraft:iron_ingot"
						]
					}
				]
			}
		},
		"leather": {
			"trigger": "minecraft:inventory_changed",
			"conditions": {
				"items": [
					{
						"items": [
							"minecraft:leather"
						]
					}
				]
			}
		},
		"magma_cream": {
			"trigger": "minecraft:inventory_changed",
			"conditions": {
				"items": [
					{
						"items": [
							"minecraft:magma_cream"
						]
					}
				]
			}
		},
		"nautilus_shell": {
			"trigger": "minecraft:inventory_changed",
			"conditions": {
				"items": [
					{
						"items": [
							"minecraft:nautilus_shell"
						]
					}
				]
			}
		},
		"nether_brick": {
			"trigger": "minecraft:inventory_changed",
			"conditions": {
				"items": [
					{
						"items": [
							"minecraft:nether_brick"
						]
					}
				]
			}
		},
		"quartz": {
			"trigger": "minecraft:inventory_changed",
			"conditions": {
				"items": [
					{
						"items": [
							"minecraft:quartz"
						]
					}
				]
			}
		},
		"nether_star": {
			"trigger": "minecraft:inventory_changed",
			"conditions": {
				"items": [
					{
						"items": [
							"minecraft:nether_star"
						]
					}
				]
			}
		},
		"paper": {
			"trigger": "minecraft:inventory_changed",
			"conditions": {
				"items": [
					{
						"items": [
							"minecraft:paper"
						]
					}
				]
			}
		},
		"phantom_membrane": {
			"trigger": "minecraft:inventory_changed",
			"conditions": {
				"items": [
					{
						"items": [
							"minecraft:phantom_membrane"
						]
					}
				]
			}
		},
		"popped_chorus_fruit": {
			"trigger": "minecraft:inventory_changed",
			"conditions": {
				"items": [
					{
						"items": [
							"minecraft:popped_chorus_fruit"
						]
					}
				]
			}
		},
		"prismarine_crystals": {
			"trigger": "minecraft:inventory_changed",
			"conditions": {
				"items": [
					{
						"items": [
							"minecraft:prismarine_crystals"
						]
					}
				]
			}
		},
		"prismarine_shard": {
			"trigger": "minecraft:inventory_changed",
			"conditions": {
				"items": [
					{
						"items": [
							"minecraft:prismarine_shard"
						]
					}
				]
			}
		},
		"rabbit_hide": {
			"trigger": "minecraft:inventory_changed",
			"conditions": {
				"items": [
					{
						"items": [
							"minecraft:rabbit_hide"
						]
					}
				]
			}
		},
		"rabbit_foot": {
			"trigger": "minecraft:inventory_changed",
			"conditions": {
				"items": [
					{
						"items": [
							"minecraft:rabbit_foot"
						]
					}
				]
			}
		},
		"scute": {
			"trigger": "minecraft:inventory_changed",
			"conditions": {
				"items": [
					{
						"items": [
							"minecraft:turtle_scute"
						]
					}
				]
			}
		},
		"shulker_shell": {
			"trigger": "minecraft:inventory_changed",
			"conditions": {
				"items": [
					{
						"items": [
							"minecraft:shulker_shell"
						]
					}
				]
			}
		},
		"slime_ball": {
			"trigger": "minecraft:inventory_changed",
			"conditions": {
				"items": [
					{
						"items": [
							"minecraft:slime_ball"
						]
					}
				]
			}
		},
		"stick": {
			"trigger": "minecraft:inventory_changed",
			"conditions": {
				"items": [
					{
						"items": [
							"minecraft:stick"
						]
					}
				]
			}
		},
		"honey_bottle": {
			"trigger": "minecraft:inventory_changed",
			"conditions": {
				"items": [
					{
						"items": [
							"minecraft:honey_bottle"
						]
					}
				]
			}
		},
		"honeycomb": {
			"trigger": "minecraft:inventory_changed",
			"conditions": {
				"items": [
					{
						"items": [
							"minecraft:honeycomb"
						]
					}
				]
			}
		},
		"netherite_helmet": {
			"trigger": "minecraft:inventory_changed",
			"conditions": {
				"items": [
					{
						"items": [
							"minecraft:netherite_helmet"
						]
					}
				]
			}
		},
		"netherite_chestplate": {
			"trigger": "minecraft:inventory_changed",
			"conditions": {
				"items": [
					{
						"items": [
							"minecraft:netherite_chestplate"
						]
					}
				]
			}
		},
		"netherite_leggings": {
			"trigger": "minecraft:inventory_changed",
			"conditions": {
				"items": [
					{
						"items": [
							"minecraft:netherite_leggings"
						]
					}
				]
			}
		},
		"netherite_boots": {
			"trigger": "minecraft:inventory_changed",
			"conditions": {
				"items": [
					{
						"items": [
							"minecraft:netherite_boots"
						]
					}
				]
			}
		},
		"netherite_axe": {
			"trigger": "minecraft:inventory_changed",
			"conditions": {
				"items": [
					{
						"items": [
							"minecraft:netherite_axe"
						]
					}
				]
			}
		},
		"netherite_hoe": {
			"trigger": "minecraft:inventory_changed",
			"conditions": {
				"items": [
					{
						"items": [
							"minecraft:netherite_hoe"
						]
					}
				]
			}
		},
		"netherite_sword": {
			"trigger": "minecraft:inventory_changed",
			"conditions": {
				"items": [
					{
						"items": [
							"minecraft:netherite_sword"
						]
					}
				]
			}
		},
		"netherite_pickaxe": {
			"trigger": "minecraft:inventory_changed",
			"conditions": {
				"items": [
					{
						"items": [
							"minecraft:netherite_pickaxe"
						]
					}
				]
			}
		},
		"netherite_shovel": {
			"trigger": "minecraft:inventory_changed",
			"conditions": {
				"items": [
					{
						"items": [
							"minecraft:netherite_shovel"
						]
					}
				]
			}
		},
		"netherite_ingot": {
			"trigger": "minecraft:inventory_changed",
			"conditions": {
				"items": [
					{
						"items": [
							"minecraft:netherite_ingot"
						]
					}
				]
			}
		},
		"netherite_scrap": {
			"trigger": "minecraft:inventory_changed",
			"conditions": {
				"items": [
					{
						"items": [
							"minecraft:netherite_scrap"
						]
					}
				]
			}
		},
		"warped_fungus_on_a_stick": {
			"trigger": "minecraft:inventory_changed",
			"conditions": {
				"items": [
					{
						"items": [
							"minecraft:warped_fungus_on_a_stick"
						]
					}
				]
			}
		},
		"piglin_banner_pattern": {
			"trigger": "minecraft:inventory_changed",
			"conditions": {
				"items": [
					{
						"items": [
							"minecraft:piglin_banner_pattern"
						]
					}
				]
			}
		},
		"elytra": {
			"trigger": "minecraft:inventory_changed",
			"conditions": {
				"items": [
					{
						"items": [
							"minecraft:elytra"
						]
					}
				]
			}
		},
		"music_disc_pigstep": {
			"trigger": "minecraft:inventory_changed",
			"conditions": {
				"items": [
					{
						"items": [
							"minecraft:music_disc_pigstep"
						]
					}
				]
			}
		},
		"amethyst_shard": {
			"trigger": "minecraft:inventory_changed",
			"conditions": {
				"items": [
					{
						"items": [
							"minecraft:amethyst_shard"
						]
					}
				]
			}
		},
		"axolotl_bucket": {
			"trigger": "minecraft:inventory_changed",
			"conditions": {
				"items": [
					{
						"items": [
							"minecraft:axolotl_bucket"
						]
					}
				]
			}
		},
		"copper_ingot": {
			"trigger": "minecraft:inventory_changed",
			"conditions": {
				"items": [
					{
						"items": [
							"minecraft:copper_ingot"
						]
					}
				]
			}
		},
		"glow_berries": {
			"trigger": "minecraft:inventory_changed",
			"conditions": {
				"items": [
					{
						"items": [
							"minecraft:glow_berries"
						]
					}
				]
			}
		},
		"glow_ink_sac": {
			"trigger": "minecraft:inventory_changed",
			"conditions": {
				"items": [
					{
						"items": [
							"minecraft:glow_ink_sac"
						]
					}
				]
			}
		},
		"glow_item_frame": {
			"trigger": "minecraft:inventory_changed",
			"conditions": {
				"items": [
					{
						"items": [
							"minecraft:glow_item_frame"
						]
					}
				]
			}
		},
		"powder_snow_bucket": {
			"trigger": "minecraft:inventory_changed",
			"conditions": {
				"items": [
					{
						"items": [
							"minecraft:powder_snow_bucket"
						]
					}
				]
			}
		},
		"spyglass": {
			"trigger": "minecraft:inventory_changed",
			"conditions": {
				"items": [
					{
						"items": [
							"minecraft:spyglass"
						]
					}
				]
			}
		},
		"raw_iron": {
			"trigger": "minecraft:inventory_changed",
			"conditions": {
				"items": [
					{
						"items": [
							"minecraft:raw_iron"
						]
					}
				]
			}
		},
		"raw_copper": {
			"trigger": "minecraft:inventory_changed",
			"conditions": {
				"items": [
					{
						"items": [
							"minecraft:raw_copper"
						]
					}
				]
			}
		},
		"raw_gold": {
			"trigger": "minecraft:inventory_changed",
			"conditions": {
				"items": [
					{
						"items": [
							"minecraft:raw_gold"
						]
					}
				]
			}
		},
		"music_disc_otherside": {
			"trigger": "minecraft:inventory_changed",
			"conditions": {
				"items": [
					{
						"items": [
							"minecraft:music_disc_otherside"
						]
					}
				]
			}
		},
		"tadpole_bucket": {
			"trigger": "minecraft:inventory_changed",
			"conditions": {
				"items": [
					{
						"items": [
							"minecraft:tadpole_bucket"
						]
					}
				]
			}
		},
		"disc_fragment_5": {
			"trigger": "minecraft:inventory_changed",
			"conditions": {
				"items": [
					{
						"items": [
							"minecraft:disc_fragment_5"
						]
					}
				]
			}
		},
		"echo_shard": {
			"trigger": "minecraft:inventory_changed",
			"conditions": {
				"items": [
					{
						"items": [
							"minecraft:echo_shard"
						]
					}
				]
			}
		},
		"goat_horn": {
			"trigger": "minecraft:inventory_changed",
			"conditions": {
				"items": [
					{
						"items": [
							"minecraft:goat_horn"
						]
					}
				]
			}
		},
		"mangrove_boat": {
			"trigger": "minecraft:inventory_changed",
			"conditions": {
				"items": [
					{
						"items": [
							"minecraft:mangrove_boat"
						]
					}
				]
			}
		},
		"music_disc_5": {
			"trigger": "minecraft:inventory_changed",
			"conditions": {
				"items": [
					{
						"items": [
							"minecraft:music_disc_5"
						]
					}
				]
			}
		},
		"recovery_compass": {
			"trigger": "minecraft:inventory_changed",
			"conditions": {
				"items": [
					{
						"items": [
							"minecraft:recovery_compass"
						]
					}
				]
			}
		},
		"oak_chest_boat": {
			"trigger": "minecraft:inventory_changed",
			"conditions": {
				"items": [
					{
						"items": [
							"minecraft:oak_chest_boat"
						]
					}
				]
			}
		},
		"spruce_chest_boat": {
			"trigger": "minecraft:inventory_changed",
			"conditions": {
				"items": [
					{
						"items": [
							"minecraft:spruce_chest_boat"
						]
					}
				]
			}
		},
		"birch_chest_boat": {
			"trigger": "minecraft:inventory_changed",
			"conditions": {
				"items": [
					{
						"items": [
							"minecraft:birch_chest_boat"
						]
					}
				]
			}
		},
		"jungle_chest_boat": {
			"trigger": "minecraft:inventory_changed",
			"conditions": {
				"items": [
					{
						"items": [
							"minecraft:jungle_chest_boat"
						]
					}
				]
			}
		},
		"acacia_chest_boat": {
			"trigger": "minecraft:inventory_changed",
			"conditions": {
				"items": [
					{
						"items": [
							"minecraft:acacia_chest_boat"
						]
					}
				]
			}
		},
		"dark_oak_chest_boat": {
			"trigger": "minecraft:inventory_changed",
			"conditions": {
				"items": [
					{
						"items": [
							"minecraft:dark_oak_chest_boat"
						]
					}
				]
			}
		},
		"mangrove_chest_boat": {
			"trigger": "minecraft:inventory_changed",
			"conditions": {
				"items": [
					{
						"items": [
							"minecraft:mangrove_chest_boat"
						]
					}
				]
			}
		},
		"brush": {
			"trigger": "minecraft:inventory_changed",
			"conditions": {
				"items": [
					{
						"items": [
							"minecraft:brush"
						]
					}
				]
			}
		},
		"music_disc_relic": {
			"trigger": "minecraft:inventory_changed",
			"conditions": {
				"items": [
					{
						"items": [
							"minecraft:music_disc_relic"
						]
					}
				]
			}
		},
		"pitcher_pod": {
			"trigger": "minecraft:inventory_changed",
			"conditions": {
				"items": [
					{
						"items": [
							"minecraft:pitcher_pod"
						]
					}
				]
			}
		},
		"torchflower_seeds": {
			"trigger": "minecraft:inventory_changed",
			"conditions": {
				"items": [
					{
						"items": [
							"minecraft:torchflower_seeds"
						]
					}
				]
			}
		},
		"bamboo_raft": {
			"trigger": "minecraft:inventory_changed",
			"conditions": {
				"items": [
					{
						"items": [
							"minecraft:bamboo_raft"
						]
					}
				]
			}
		},
		"bamboo_chest_raft": {
			"trigger": "minecraft:inventory_changed",
			"conditions": {
				"items": [
					{
						"items": [
							"minecraft:bamboo_chest_raft"
						]
					}
				]
			}
		},
		"cherry_boat": {
			"trigger": "minecraft:inventory_changed",
			"conditions": {
				"items": [
					{
						"items": [
							"minecraft:cherry_boat"
						]
					}
				]
			}
		},
		"cherry_chest_boat": {
			"trigger": "minecraft:inventory_changed",
			"conditions": {
				"items": [
					{
						"items": [
							"minecraft:cherry_chest_boat"
						]
					}
				]
			}
		},
		"prize_pottery_sherd": {
			"trigger": "minecraft:inventory_changed",
			"conditions": {
				"items": [
					{
						"items": [
							"minecraft:prize_pottery_sherd"
						]
					}
				]
			}
		},
		"skull_pottery_sherd": {
			"trigger": "minecraft:inventory_changed",
			"conditions": {
				"items": [
					{
						"items": [
							"minecraft:skull_pottery_sherd"
						]
					}
				]
			}
		},
		"archer_pottery_sherd": {
			"trigger": "minecraft:inventory_changed",
			"conditions": {
				"items": [
					{
						"items": [
							"minecraft:archer_pottery_sherd"
						]
					}
				]
			}
		},
		"arms_up_pottery_sherd": {
			"trigger": "minecraft:inventory_changed",
			"conditions": {
				"items": [
					{
						"items": [
							"minecraft:arms_up_pottery_sherd"
						]
					}
				]
			}
		},
		"angler_pottery_sherd": {
			"trigger": "minecraft:inventory_changed",
			"conditions": {
				"items": [
					{
						"items": [
							"minecraft:angler_pottery_sherd"
						]
					}
				]
			}
		},
		"blade_pottery_sherd": {
			"trigger": "minecraft:inventory_changed",
			"conditions": {
				"items": [
					{
						"items": [
							"minecraft:blade_pottery_sherd"
						]
					}
				]
			}
		},
		"brewer_pottery_sherd": {
			"trigger": "minecraft:inventory_changed",
			"conditions": {
				"items": [
					{
						"items": [
							"minecraft:brewer_pottery_sherd"
						]
					}
				]
			}
		},
		"burn_pottery_sherd": {
			"trigger": "minecraft:inventory_changed",
			"conditions": {
				"items": [
					{
						"items": [
							"minecraft:burn_pottery_sherd"
						]
					}
				]
			}
		},
		"danger_pottery_sherd": {
			"trigger": "minecraft:inventory_changed",
			"conditions": {
				"items": [
					{
						"items": [
							"minecraft:danger_pottery_sherd"
						]
					}
				]
			}
		},
		"explorer_pottery_sherd": {
			"trigger": "minecraft:inventory_changed",
			"conditions": {
				"items": [
					{
						"items": [
							"minecraft:explorer_pottery_sherd"
						]
					}
				]
			}
		},
		"friend_pottery_sherd": {
			"trigger": "minecraft:inventory_changed",
			"conditions": {
				"items": [
					{
						"items": [
							"minecraft:friend_pottery_sherd"
						]
					}
				]
			}
		},
		"heart_pottery_sherd": {
			"trigger": "minecraft:inventory_changed",
			"conditions": {
				"items": [
					{
						"items": [
							"minecraft:heart_pottery_sherd"
						]
					}
				]
			}
		},
		"heartbreak_pottery_sherd": {
			"trigger": "minecraft:inventory_changed",
			"conditions": {
				"items": [
					{
						"items": [
							"minecraft:heartbreak_pottery_sherd"
						]
					}
				]
			}
		},
		"howl_pottery_sherd": {
			"trigger": "minecraft:inventory_changed",
			"conditions": {
				"items": [
					{
						"items": [
							"minecraft:howl_pottery_sherd"
						]
					}
				]
			}
		},
		"miner_pottery_sherd": {
			"trigger": "minecraft:inventory_changed",
			"conditions": {
				"items": [
					{
						"items": [
							"minecraft:miner_pottery_sherd"
						]
					}
				]
			}
		},
		"mourner_pottery_sherd": {
			"trigger": "minecraft:inventory_changed",
			"conditions": {
				"items": [
					{
						"items": [
							"minecraft:mourner_pottery_sherd"
						]
					}
				]
			}
		},
		"plenty_pottery_sherd": {
			"trigger": "minecraft:inventory_changed",
			"conditions": {
				"items": [
					{
						"items": [
							"minecraft:plenty_pottery_sherd"
						]
					}
				]
			}
		},
		"sheaf_pottery_sherd": {
			"trigger": "minecraft:inventory_changed",
			"conditions": {
				"items": [
					{
						"items": [
							"minecraft:sheaf_pottery_sherd"
						]
					}
				]
			}
		},
		"shelter_pottery_sherd": {
			"trigger": "minecraft:inventory_changed",
			"conditions": {
				"items": [
					{
						"items": [
							"minecraft:shelter_pottery_sherd"
						]
					}
				]
			}
		},
		"snort_pottery_sherd": {
			"trigger": "minecraft:inventory_changed",
			"conditions": {
				"items": [
					{
						"items": [
							"minecraft:snort_pottery_sherd"
						]
					}
				]
			}
		},
		"netherite_upgrade": {
			"trigger": "minecraft:inventory_changed",
			"conditions": {
				"items": [
					{
						"items": [
							"minecraft:netherite_upgrade_smithing_template"
						]
					}
				]
			}
		},
		"sentry_armor_trim": {
			"trigger": "minecraft:inventory_changed",
			"conditions": {
				"items": [
					{
						"items": [
							"minecraft:sentry_armor_trim_smithing_template"
						]
					}
				]
			}
		},
		"dune_armor_trim": {
			"trigger": "minecraft:inventory_changed",
			"conditions": {
				"items": [
					{
						"items": [
							"minecraft:dune_armor_trim_smithing_template"
						]
					}
				]
			}
		},
		"coast_armor_trim": {
			"trigger": "minecraft:inventory_changed",
			"conditions": {
				"items": [
					{
						"items": [
							"minecraft:coast_armor_trim_smithing_template"
						]
					}
				]
			}
		},
		"wild_armor_trim": {
			"trigger": "minecraft:inventory_changed",
			"conditions": {
				"items": [
					{
						"items": [
							"minecraft:wild_armor_trim_smithing_template"
						]
					}
				]
			}
		},
		"wayfinder_armor_trim": {
			"trigger": "minecraft:inventory_changed",
			"conditions": {
				"items": [
					{
						"items": [
							"minecraft:wayfinder_armor_trim_smithing_template"
						]
					}
				]
			}
		},
		"raiser_armor_trim": {
			"trigger": "minecraft:inventory_changed",
			"conditions": {
				"items": [
					{
						"items": [
							"minecraft:raiser_armor_trim_smithing_template"
						]
					}
				]
			}
		},
		"shaper_armor_trim": {
			"trigger": "minecraft:inventory_changed",
			"conditions": {
				"items": [
					{
						"items": [
							"minecraft:shaper_armor_trim_smithing_template"
						]
					}
				]
			}
		},
		"host_armor_trim": {
			"trigger": "minecraft:inventory_changed",
			"conditions": {
				"items": [
					{
						"items": [
							"minecraft:host_armor_trim_smithing_template"
						]
					}
				]
			}
		},
		"ward_armor_trim": {
			"trigger": "minecraft:inventory_changed",
			"conditions": {
				"items": [
					{
						"items": [
							"minecraft:ward_armor_trim_smithing_template"
						]
					}
				]
			}
		},
		"silence_armor_trim": {
			"trigger": "minecraft:inventory_changed",
			"conditions": {
				"items": [
					{
						"items": [
							"minecraft:silence_armor_trim_smithing_template"
						]
					}
				]
			}
		},
		"eye_armor_trim": {
			"trigger": "minecraft:inventory_changed",
			"conditions": {
				"items": [
					{
						"items": [
							"minecraft:eye_armor_trim_smithing_template"
						]
					}
				]
			}
		},
		"vex_armor_trim": {
			"trigger": "minecraft:inventory_changed",
			"conditions": {
				"items": [
					{
						"items": [
							"minecraft:vex_armor_trim_smithing_template"
						]
					}
				]
			}
		},
		"tide_armor_trim": {
			"trigger": "minecraft:inventory_changed",
			"conditions": {
				"items": [
					{
						"items": [
							"minecraft:tide_armor_trim_smithing_template"
						]
					}
				]
			}
		},
		"snout_armor_trim": {
			"trigger": "minecraft:inventory_changed",
			"conditions": {
				"items": [
					{
						"items": [
							"minecraft:snout_armor_trim_smithing_template"
						]
					}
				]
			}
		},
		"rib_armor_trim": {
			"trigger": "minecraft:inventory_changed",
			"conditions": {
				"items": [
					{
						"items": [
							"minecraft:rib_armor_trim_smithing_template"
						]
					}
				]
			}
		},
		"spire_armor_trim": {
			"trigger": "minecraft:inventory_changed",
			"conditions": {
				"items": [
					{
						"items": [
							"minecraft:spire_armor_trim_smithing_template"
						]
					}
				]
			}
		},
		"armadillo_scute": {
			"trigger": "minecraft:inventory_changed",
			"conditions": {
				"items": [
					{
						"items": [
							"minecraft:armadillo_scute"
						]
					}
				]
			}
		},
		"wolf_armor": {
			"trigger": "minecraft:inventory_changed",
			"conditions": {
				"items": [
					{
						"items": [
							"minecraft:wolf_armor"
						]
					}
				]
			}
		}
	}
}