{
	"display": {
		"icon": {
			"id": "minecraft:green_stained_glass_pane"
		},
		"title": {"translate":"Art Gallery"},
		"description": {"color":"#75E1FF","translate":"Place every type of painting"},
		"announce_to_chat": true,
		"frame": "goal"
	},
	"parent": "blazeandcave:building/a_masterpiece",
	"rewards": {
		"function": "bacap_rewards:building/art_gallery"
	},		
	"criteria": {
		"kebab": {
			"trigger": "minecraft:impossible"
		},
		"aztec": {
			"trigger": "minecraft:impossible"
		},
		"alban": {
			"trigger": "minecraft:impossible"
		},
		"aztec2": {
			"trigger": "minecraft:impossible"
		},
		"bomb": {
			"trigger": "minecraft:impossible"
		},
		"plant": {
			"trigger": "minecraft:impossible"
		},
		"wasteland": {
			"trigger": "minecraft:impossible"
		},
		"wanderer": {
			"trigger": "minecraft:impossible"
		},
		"graham": {
			"trigger": "minecraft:impossible"
		},
		"pool": {
			"trigger": "minecraft:impossible"
		},
		"courbet": {
			"trigger": "minecraft:impossible"
		},
		"sunset": {
			"trigger": "minecraft:impossible"
		},
		"sea": {
			"trigger": "minecraft:impossible"
		},
		"creebet": {
			"trigger": "minecraft:impossible"
		},
		"match": {
			"trigger": "minecraft:impossible"
		},
		"bust": {
			"trigger": "minecraft:impossible"
		},
		"stage": {
			"trigger": "minecraft:impossible"
		},
		"void": {
			"trigger": "minecraft:impossible"
		},
		"skull_and_roses": {
			"trigger": "minecraft:impossible"
		},
		"wither": {
			"trigger": "minecraft:impossible"
		},
		"fighters": {
			"trigger": "minecraft:impossible"
		},
		"skeleton": {
			"trigger": "minecraft:impossible"
		},
		"donkey_kong": {
			"trigger": "minecraft:impossible"
		},
		"pointer": {
			"trigger": "minecraft:impossible"
		},
		"pigscene": {
			"trigger": "minecraft:impossible"
		},
		"burning_skull": {
			"trigger": "minecraft:impossible"
		},
		"meditative": {
			"trigger": "minecraft:impossible"
		},
		"prairie_ride": {
			"trigger": "minecraft:impossible"
		},
		"baroque": {
			"trigger": "minecraft:impossible"
		},
		"humble": {
			"trigger": "minecraft:impossible"
		},
		"bouquet": {
			"trigger": "minecraft:impossible"
		},
		"cavebird": {
			"trigger": "minecraft:impossible"
		},
		"cotan": {
			"trigger": "minecraft:impossible"
		},
		"endboss": {
			"trigger": "minecraft:impossible"
		},
		"fern": {
			"trigger": "minecraft:impossible"
		},
		"owlemons": {
			"trigger": "minecraft:impossible"
		},
		"sunflowers": {
			"trigger": "minecraft:impossible"
		},
		"tides": {
			"trigger": "minecraft:impossible"
		},
		"backyard": {
			"trigger": "minecraft:impossible"
		},
		"pond": {
			"trigger": "minecraft:impossible"
		},
		"changing": {
			"trigger": "minecraft:impossible"
		},
		"finding": {
			"trigger": "minecraft:impossible"
		},
		"lowmist": {
			"trigger": "minecraft:impossible"
		},
		"passage": {
			"trigger": "minecraft:impossible"
		},
		"unpacked": {
			"trigger": "minecraft:impossible"
		},
		"orb": {
			"trigger": "minecraft:impossible"
		},
		"dennis": {
			"trigger": "minecraft:impossible"
		}
	}
}