{
	"display": {
		"icon": {
			"item": "minecraft:stonecutter"
		},
		"title": {"translate":"Town Planner"},
		"description": {"color":"#75E1FF","translate":"Craft and place every type of villager workstation"},
		"announce_to_chat": "true",
		"frame": "goal"
	},
	"parent": "blazeandcave:adventure/village_settler",
	"rewards": {
		"function": "bc_rewards:adventure/town_planner"
	},		
	"criteria": {
		"composter": {
			"trigger": "minecraft:placed_block",
			"conditions": {
				"location": [
					{
						"condition": "minecraft:location_check",
						"predicate": {
							"block": {
								"blocks": [
									"minecraft:composter"
								]
							}
						}
					}
				]
			}
		},
		"barrel": {
			"trigger": "minecraft:placed_block",
			"conditions": {
				"location": [
					{
						"condition": "minecraft:location_check",
						"predicate": {
							"block": {
								"blocks": [
									"minecraft:barrel"
								]
							}
						}
					}
				]
			}
		},
		"loom": {
			"trigger": "minecraft:placed_block",
			"conditions": {
				"location": [
					{
						"condition": "minecraft:location_check",
						"predicate": {
							"block": {
								"blocks": [
									"minecraft:loom"
								]
							}
						}
					}
				]
			}
		},
		"fletching_table": {
			"trigger": "minecraft:placed_block",
			"conditions": {
				"location": [
					{
						"condition": "minecraft:location_check",
						"predicate": {
							"block": {
								"blocks": [
									"minecraft:fletching_table"
								]
							}
						}
					}
				]
			}
		},
		"brewing_stand": {
			"trigger": "minecraft:placed_block",
			"conditions": {
				"location": [
					{
						"condition": "minecraft:location_check",
						"predicate": {
							"block": {
								"blocks": [
									"minecraft:brewing_stand"
								]
							}
						}
					}
				]
			}
		},
		"smoker": {
			"trigger": "minecraft:placed_block",
			"conditions": {
				"location": [
					{
						"condition": "minecraft:location_check",
						"predicate": {
							"block": {
								"blocks": [
									"minecraft:smoker"
								]
							}
						}
					}
				]
			}
		},
		"cauldron": {
			"trigger": "minecraft:placed_block",
			"conditions": {
				"location": [
					{
						"condition": "minecraft:location_check",
						"predicate": {
							"block": {
								"blocks": [
									"minecraft:cauldron"
								]
							}
						}
					}
				]
			}
		},
		"grindstone": {
			"trigger": "minecraft:placed_block",
			"conditions": {
				"location": [
					{
						"condition": "minecraft:location_check",
						"predicate": {
							"block": {
								"blocks": [
									"minecraft:grindstone"
								]
							}
						}
					}
				]
			}
		},
		"blast_furnace": {
			"trigger": "minecraft:placed_block",
			"conditions": {
				"location": [
					{
						"condition": "minecraft:location_check",
						"predicate": {
							"block": {
								"blocks": [
									"minecraft:blast_furnace"
								]
							}
						}
					}
				]
			}
		},
		"smithing_table": {
			"trigger": "minecraft:placed_block",
			"conditions": {
				"location": [
					{
						"condition": "minecraft:location_check",
						"predicate": {
							"block": {
								"blocks": [
									"minecraft:smithing_table"
								]
							}
						}
					}
				]
			}
		},
		"lectern": {
			"trigger": "minecraft:placed_block",
			"conditions": {
				"location": [
					{
						"condition": "minecraft:location_check",
						"predicate": {
							"block": {
								"blocks": [
									"minecraft:lectern"
								]
							}
						}
					}
				]
			}
		},
		"cartography_table": {
			"trigger": "minecraft:placed_block",
			"conditions": {
				"location": [
					{
						"condition": "minecraft:location_check",
						"predicate": {
							"block": {
								"blocks": [
									"minecraft:cartography_table"
								]
							}
						}
					}
				]
			}
		},
		"stonecutter": {
			"trigger": "minecraft:placed_block",
			"conditions": {
				"location": [
					{
						"condition": "minecraft:location_check",
						"predicate": {
							"block": {
								"blocks": [
									"minecraft:stonecutter"
								]
							}
						}
					}
				]
			}
		}
	}
}