{
	"feature": "terralith:highlands/lake",
	"placement": [
		{
			"type": "minecraft:rarity_filter",
			"chance": 19
		},
		{
			"type": "minecraft:in_square"
		},
		{
			"type": "minecraft:heightmap",
			"heightmap": "MOTION_BLOCKING"
		},
		{
			"type": "minecraft:block_predicate_filter",
			"predicate": {
				"type": "minecraft:all_of",
				"predicates": [
					{
						"type": "minecraft:matching_blocks",
						"offset": [
							0,
							0,
							0
						],
						"blocks": [
							"minecraft:air",
							"minecraft:grass",
							"minecraft:fern"
						]
					},
					{
						"type": "minecraft:matching_blocks",
						"offset": [
							1,
							0,
							0
						],
						"blocks": [
							"minecraft:air",
							"minecraft:grass",
							"minecraft:fern"
						]
					},
					{
						"type": "minecraft:matching_blocks",
						"offset": [
							2,
							0,
							0
						],
						"blocks": [
							"minecraft:air",
							"minecraft:grass",
							"minecraft:fern"
						]
					},
					{
						"type": "minecraft:matching_blocks",
						"offset": [
							0,
							0,
							1
						],
						"blocks": [
							"minecraft:air",
							"minecraft:grass",
							"minecraft:fern"
						]
					},
					{
						"type": "minecraft:matching_blocks",
						"offset": [
							0,
							0,
							2
						],
						"blocks": [
							"minecraft:air",
							"minecraft:grass",
							"minecraft:fern"
						]
					},
					{
						"type": "minecraft:matching_blocks",
						"offset": [
							-1,
							0,
							0
						],
						"blocks": [
							"minecraft:air",
							"minecraft:grass",
							"minecraft:fern"
						]
					},
					{
						"type": "minecraft:matching_blocks",
						"offset": [
							-2,
							0,
							0
						],
						"blocks": [
							"minecraft:air",
							"minecraft:grass",
							"minecraft:fern"
						]
					},
					{
						"type": "minecraft:matching_blocks",
						"offset": [
							0,
							0,
							-1
						],
						"blocks": [
							"minecraft:air",
							"minecraft:grass",
							"minecraft:fern"
						]
					},
					{
						"type": "minecraft:matching_blocks",
						"offset": [
							0,
							0,
							-2
						],
						"blocks": [
							"minecraft:air",
							"minecraft:grass",
							"minecraft:fern"
						]
					}
				]
			}
		},
		{
			"type": "minecraft:biome"
		}
	]
}
