{
    "anvil_cost": 2,
    "description": {
        "translate": "enchantment.enchantmentplus.air_burst"
    },
    "effects": {
        "minecraft:tick": [
            {
                "effect": {
                    "type": "minecraft:all_of",
                    "effects": [
                        {
                            "type": "minecraft:explode",
                            "radius": 0.1,
                            "offset": [
                                0,
                                0,
                                0
                            ],
                            "block_interaction": "none",
                            "small_particle": {
                                "type": "minecraft:effect"
                            },
                            "large_particle": {
                                "type": "minecraft:effect"
                            },
                            "sound": "minecraft:entity.breeze.land",
                            "knockback_multiplier": 0.76,
                            "attribute_to_user": false,
                            "create_fire": false
                        },
                        {
                            "type": "minecraft:run_function",
                            "function": "enchantmentplus:enchantments/air_burst/jump"
                        }
                    ]
                },
                "requirements": {
                    "condition": "minecraft:all_of",
                    "terms": [
                        {
                            "condition": "minecraft:entity_properties",
                            "entity": "this",
                            "predicate": {
                                "type_specific": {
                                    "type": "minecraft:player",
                                    "input": {
                                        "jump": true
                                    }
                                },
                                "flags": {
                                    "is_on_ground": false,
                                    "is_flying": false
                                }
                            }
                        },
                        {
                            "condition": "minecraft:entity_scores",
                            "entity": "this",
                            "scores": {
                                "eplus.air_burst_jumps": {
                                    "min": 1
                                }
                            }
                        },
                        {
                            "condition": "minecraft:inverted",
                            "term": {
                                "condition": "minecraft:entity_scores",
                                "entity": "this",
                                "scores": {
                                    "eplus.air_burst_delay": {
                                        "min": 1
                                    }
                                }
                            }
                        }
                    ]
                }
            },
            {
                "effect": {
                    "type": "minecraft:run_function",
                    "function": "enchantmentplus:enchantments/air_burst/delay"
                },
                "requirements": {
                    "condition": "minecraft:entity_scores",
                    "entity": "this",
                    "scores": {
                        "eplus.air_burst_delay": {
                            "min": 1
                        }
                    }
                }
            },
            {
                "effect": {
                    "type": "minecraft:run_function",
                    "function": "enchantmentplus:enchantments/air_burst/on_ground"
                },
                "requirements": {
                    "condition": "minecraft:entity_properties",
                    "entity": "this",
                    "predicate": {
                        "flags": {
                            "is_on_ground": true
                        }
                    }
                }
            }
        ]
    },
    "max_cost": {
        "base": 21,
        "per_level_above_first": 12
    },
    "max_level": 3,
    "min_cost": {
        "base": 1,
        "per_level_above_first": 12
    },
    "slots": [
        "feet"
    ],
    "supported_items": "#enchantmentplus:enchantable/air_burst",
    "weight": 2
}