{
    "anvil_cost": 8,
    "description": {
        "translate": "enchantment.enchantmentplus.blessing_of_kings"
    },
    "effects": {
        "minecraft:damage": [
            {
                "effect": {
                    "type": "minecraft:add",
                    "value": {
                        "type": "minecraft:linear",
                        "base": 5.0,
                        "per_level_above_first": 5.0
                    }
                }
            }
        ]
    },
    "exclusive_set": "#minecraft:exclusive_set/damage",
    "max_cost": {
        "base": 60,
        "per_level_above_first": 12
    },
    "max_level": 3,
    "min_cost": {
        "base": 8,
        "per_level_above_first": 12
    },
    "slots": [
        "mainhand"
    ],
    "supported_items": "#enchantmentplus:enchantable/blessing_of_kings",
    "weight": 1
}