{
    "anvil_cost": 4,
    "description": {
        "translate": "enchantment.enchantmentplus.enlarged"
    },
    "effects": {
        "minecraft:attributes": [
            {
                "amount": {
                    "type": "minecraft:linear",
                    "base": 0.5,
                    "per_level_above_first": 0.5
                },
                "attribute": "minecraft:scale",
                "id": "enchantmentplus:enchantment.enlarged",
                "operation": "add_value"
            }
        ]
    },
    "max_cost": {
        "base": 65,
        "per_level_above_first": 9
    },
    "max_level": 3,
    "min_cost": {
        "base": 15,
        "per_level_above_first": 9
    },
    "primary_items": "#minecraft:enchantable/chest_armor",
    "slots": [
        "chest"
    ],
    "supported_items": "#enchantmentplus:enchantable/enlarged",
    "weight": 1
}