{
    "anvil_cost": 8,
    "description": {
        "translate": "enchantment.enchantmentplus.heros_landing"
    },
    "effects": {
        "minecraft:damage_immunity": [
            {
                "effect": {},
                "requirements": {
                    "condition": "minecraft:damage_source_properties",
                    "predicate": {
                        "tags": [
                            {
                                "expected": true,
                                "id": "minecraft:is_fall"
                            },
                            {
                                "expected": false,
                                "id": "minecraft:bypasses_invulnerability"
                            }
                        ]
                    }
                }
            }
        ]
    },
    "max_cost": {
        "base": 60,
        "per_level_above_first": 12
    },
    "max_level": 1,
    "min_cost": {
        "base": 8,
        "per_level_above_first": 12
    },
    "slots": [
        "feet"
    ],
    "supported_items": "#enchantmentplus:enchantable/heros_landing",
    "weight": 1
}