{
    "anvil_cost": 2,
    "description": {
        "translate": "enchantment.enchantmentplus.lumberjack"
    },
    "effects": {
        "minecraft:hit_block": [
            {
                "effect": {
                    "type": "minecraft:run_function",
                    "function": "enchantmentplus:enchantments/lumberjack/trees/acacia_tree"
                },
                "requirements": {
                    "condition": "minecraft:all_of",
                    "terms": [
                        {
                            "condition": "minecraft:location_check",
                            "predicate": {
                                "block": {
                                    "blocks": [
                                        "minecraft:acacia_log",
                                        "minecraft:acacia_wood",
                                        "minecraft:stripped_acacia_log",
                                        "minecraft:stripped_acacia_wood"
                                    ]
                                }
                            }
                        },
                        {
                            "condition": "minecraft:entity_properties",
                            "entity": "this",
                            "predicate": {
                                "flags": {
                                    "is_sneaking": false
                                }
                            }
                        }
                    ]
                }
            },
            {
                "effect": {
                    "type": "minecraft:run_function",
                    "function": "enchantmentplus:enchantments/lumberjack/trees/birch_tree"
                },
                "requirements": {
                    "condition": "minecraft:all_of",
                    "terms": [
                        {
                            "condition": "minecraft:location_check",
                            "predicate": {
                                "block": {
                                    "blocks": [
                                        "minecraft:birch_log",
                                        "minecraft:birch_wood",
                                        "minecraft:stripped_birch_log",
                                        "minecraft:stripped_birch_wood"
                                    ]
                                }
                            }
                        },
                        {
                            "condition": "minecraft:entity_properties",
                            "entity": "this",
                            "predicate": {
                                "flags": {
                                    "is_sneaking": false
                                }
                            }
                        }
                    ]
                }
            },
            {
                "effect": {
                    "type": "minecraft:run_function",
                    "function": "enchantmentplus:enchantments/lumberjack/trees/cherry_tree"
                },
                "requirements": {
                    "condition": "minecraft:all_of",
                    "terms": [
                        {
                            "condition": "minecraft:location_check",
                            "predicate": {
                                "block": {
                                    "blocks": [
                                        "minecraft:cherry_log",
                                        "minecraft:cherry_wood",
                                        "minecraft:stripped_cherry_log",
                                        "minecraft:stripped_cherry_wood"
                                    ]
                                }
                            }
                        },
                        {
                            "condition": "minecraft:entity_properties",
                            "entity": "this",
                            "predicate": {
                                "flags": {
                                    "is_sneaking": false
                                }
                            }
                        }
                    ]
                }
            },
            {
                "effect": {
                    "type": "minecraft:run_function",
                    "function": "enchantmentplus:enchantments/lumberjack/trees/crimson_tree"
                },
                "requirements": {
                    "condition": "minecraft:all_of",
                    "terms": [
                        {
                            "condition": "minecraft:location_check",
                            "predicate": {
                                "block": {
                                    "blocks": [
                                        "minecraft:crimson_stem",
                                        "minecraft:crimson_hyphae",
                                        "minecraft:stripped_crimson_stem",
                                        "minecraft:stripped_crimson_hyphae"
                                    ]
                                }
                            }
                        },
                        {
                            "condition": "minecraft:entity_properties",
                            "entity": "this",
                            "predicate": {
                                "flags": {
                                    "is_sneaking": false
                                }
                            }
                        }
                    ]
                }
            },
            {
                "effect": {
                    "type": "minecraft:run_function",
                    "function": "enchantmentplus:enchantments/lumberjack/trees/dark_oak_tree"
                },
                "requirements": {
                    "condition": "minecraft:all_of",
                    "terms": [
                        {
                            "condition": "minecraft:location_check",
                            "predicate": {
                                "block": {
                                    "blocks": [
                                        "minecraft:dark_oak_log",
                                        "minecraft:dark_oak_wood",
                                        "minecraft:stripped_dark_oak_log",
                                        "minecraft:stripped_dark_oak_wood"
                                    ]
                                }
                            }
                        },
                        {
                            "condition": "minecraft:entity_properties",
                            "entity": "this",
                            "predicate": {
                                "flags": {
                                    "is_sneaking": false
                                }
                            }
                        }
                    ]
                }
            },
            {
                "effect": {
                    "type": "minecraft:run_function",
                    "function": "enchantmentplus:enchantments/lumberjack/trees/jungle_tree"
                },
                "requirements": {
                    "condition": "minecraft:all_of",
                    "terms": [
                        {
                            "condition": "minecraft:location_check",
                            "predicate": {
                                "block": {
                                    "blocks": [
                                        "minecraft:jungle_log",
                                        "minecraft:jungle_wood",
                                        "minecraft:stripped_jungle_log",
                                        "minecraft:stripped_jungle_wood"
                                    ]
                                }
                            }
                        },
                        {
                            "condition": "minecraft:entity_properties",
                            "entity": "this",
                            "predicate": {
                                "flags": {
                                    "is_sneaking": false
                                }
                            }
                        }
                    ]
                }
            },
            {
                "effect": {
                    "type": "minecraft:run_function",
                    "function": "enchantmentplus:enchantments/lumberjack/trees/mangrove_tree"
                },
                "requirements": {
                    "condition": "minecraft:all_of",
                    "terms": [
                        {
                            "condition": "minecraft:location_check",
                            "predicate": {
                                "block": {
                                    "blocks": [
                                        "minecraft:mangrove_log",
                                        "minecraft:mangrove_wood",
                                        "minecraft:stripped_mangrove_log",
                                        "minecraft:stripped_mangrove_wood",
                                        "minecraft:mangrove_roots"
                                    ]
                                }
                            }
                        },
                        {
                            "condition": "minecraft:entity_properties",
                            "entity": "this",
                            "predicate": {
                                "flags": {
                                    "is_sneaking": false
                                }
                            }
                        }
                    ]
                }
            },
            {
                "effect": {
                    "type": "minecraft:run_function",
                    "function": "enchantmentplus:enchantments/lumberjack/trees/mushroom_tree"
                },
                "requirements": {
                    "condition": "minecraft:all_of",
                    "terms": [
                        {
                            "condition": "minecraft:location_check",
                            "predicate": {
                                "block": {
                                    "blocks": [
                                        "minecraft:mushroom_stem"
                                    ]
                                }
                            }
                        },
                        {
                            "condition": "minecraft:entity_properties",
                            "entity": "this",
                            "predicate": {
                                "flags": {
                                    "is_sneaking": false
                                }
                            }
                        }
                    ]
                }
            },
            {
                "effect": {
                    "type": "minecraft:run_function",
                    "function": "enchantmentplus:enchantments/lumberjack/trees/oak_tree"
                },
                "requirements": {
                    "condition": "minecraft:all_of",
                    "terms": [
                        {
                            "condition": "minecraft:location_check",
                            "predicate": {
                                "block": {
                                    "blocks": [
                                        "minecraft:oak_log",
                                        "minecraft:oak_wood",
                                        "minecraft:stripped_oak_log",
                                        "minecraft:stripped_oak_wood"
                                    ]
                                }
                            }
                        },
                        {
                            "condition": "minecraft:entity_properties",
                            "entity": "this",
                            "predicate": {
                                "flags": {
                                    "is_sneaking": false
                                }
                            }
                        }
                    ]
                }
            },
            {
                "effect": {
                    "type": "minecraft:run_function",
                    "function": "enchantmentplus:enchantments/lumberjack/trees/pale_oak_tree"
                },
                "requirements": {
                    "condition": "minecraft:all_of",
                    "terms": [
                        {
                            "condition": "minecraft:location_check",
                            "predicate": {
                                "block": {
                                    "blocks": [
                                        "minecraft:pale_oak_log",
                                        "minecraft:pale_oak_wood",
                                        "minecraft:stripped_pale_oak_log",
                                        "minecraft:stripped_pale_oak_wood"
                                    ]
                                }
                            }
                        },
                        {
                            "condition": "minecraft:entity_properties",
                            "entity": "this",
                            "predicate": {
                                "flags": {
                                    "is_sneaking": false
                                }
                            }
                        }
                    ]
                }
            },
            {
                "effect": {
                    "type": "minecraft:run_function",
                    "function": "enchantmentplus:enchantments/lumberjack/trees/spruce_tree"
                },
                "requirements": {
                    "condition": "minecraft:all_of",
                    "terms": [
                        {
                            "condition": "minecraft:location_check",
                            "predicate": {
                                "block": {
                                    "blocks": [
                                        "minecraft:spruce_log",
                                        "minecraft:spruce_wood",
                                        "minecraft:stripped_spruce_log",
                                        "minecraft:stripped_spruce_wood"
                                    ]
                                }
                            }
                        },
                        {
                            "condition": "minecraft:entity_properties",
                            "entity": "this",
                            "predicate": {
                                "flags": {
                                    "is_sneaking": false
                                }
                            }
                        }
                    ]
                }
            },
            {
                "effect": {
                    "type": "minecraft:run_function",
                    "function": "enchantmentplus:enchantments/lumberjack/trees/warped_tree"
                },
                "requirements": {
                    "condition": "minecraft:all_of",
                    "terms": [
                        {
                            "condition": "minecraft:location_check",
                            "predicate": {
                                "block": {
                                    "blocks": [
                                        "minecraft:warped_stem",
                                        "minecraft:warped_hyphae",
                                        "minecraft:stripped_warped_stem",
                                        "minecraft:stripped_warped_hyphae"
                                    ]
                                }
                            }
                        },
                        {
                            "condition": "minecraft:entity_properties",
                            "entity": "this",
                            "predicate": {
                                "flags": {
                                    "is_sneaking": false
                                }
                            }
                        }
                    ]
                }
            }
        ]
    },
    "exclusive_set": "#enchantmentplus:exclusive_set/block_breaking_effect",
    "max_cost": {
        "base": 65,
        "per_level_above_first": 0
    },
    "max_level": 1,
    "min_cost": {
        "base": 15,
        "per_level_above_first": 0
    },
    "slots": [
        "mainhand"
    ],
    "supported_items": "#enchantmentplus:enchantable/lumberjack",
    "weight": 2
}