{
    "anvil_cost": 4,
    "description": {
        "translate": "enchantment.enchantmentplus.vampiric_bite"
    },
    "effects": {
        "minecraft:post_attack": [
            {
                "enchanted": "attacker",
                "affected": "attacker",
                "effect": {
                    "type": "minecraft:run_function",
                    "function": "enchantmentplus:enchantments/vampiric_bite/main"
                },
                "requirements": {
                    "condition": "minecraft:all_of",
                    "terms": [
                        {
                            "condition": "minecraft:random_chance",
                            "chance": 0.2
                        },
                        {
                            "condition": "minecraft:entity_properties",
                            "entity": "this",
                            "predicate": {
                                "type": "#enchantmentplus:is_mob"
                            }
                        },
                        {
                            "condition": "minecraft:damage_source_properties",
                            "predicate": {
                                "is_direct": true
                            }
                        }
                    ]
                }
            }
        ]
    },
    "exclusive_set": "#enchantmentplus:exclusive_set/defensive_hit_effect",
    "max_cost": {
        "base": 65,
        "per_level_above_first": 9
    },
    "max_level": 3,
    "min_cost": {
        "base": 15,
        "per_level_above_first": 9
    },
    "slots": [
        "mainhand"
    ],
    "supported_items": "#enchantmentplus:enchantable/vampiric_bite",
    "weight": 2
}