[
    {
        "condition": "minecraft:entity_properties",
        "entity": "this",
        "predicate": {
            "equipment": {
                "mainhand": {
                    "nbt": "{EnchantmentPlusData:{Enchantments:[{id:\"enchantmentplus:autosmelt\"}]}}"
                }
            }
        }
    },
    {
        "condition": "minecraft:entity_scores",
        "entity": "this",
        "scores": {
            "ENCHAutosmeltOff": {
                "min": 0,
                "max": 0
            }
        }
    },
    {
        "condition": "minecraft:any_of",
        "terms": [
            {
                "condition": "minecraft:reference",
                "name": "enchantmentplus:usage/pickaxe"
            },
            {
                "condition": "minecraft:reference",
                "name": "enchantmentplus:usage/axe"
            },
            {
                "condition": "minecraft:reference",
                "name": "enchantmentplus:usage/shovel"
            },
            {
                "condition": "minecraft:reference",
                "name": "enchantmentplus:usage/hoe"
            }
        ]
    },
    {
        "condition": "minecraft:inverted",
        "term": {
            "condition": "minecraft:entity_properties",
            "entity": "this",
            "predicate": {
                "equipment": {
                    "mainhand": {
                        "durability": 1
                    }
                }
            }
        }
    }
]