[
    {
        "function": "minecraft:set_attributes",
        "modifiers": [
            {
                "attribute": "minecraft:generic.armor",
                "name": "minecraft:generic.armor",
                "amount": 3,
                "operation": "addition",
                "slot": "head"
            },
            {
                "attribute": "minecraft:generic.armor_toughness",
                "name": "minecraft:generic.armor_toughness",
                "amount": 3,
                "operation": "addition",
                "slot": "head"
            },
            {
                "attribute": "minecraft:generic.knockback_resistance",
                "name": "minecraft:generic.knockback_resistance",
                "amount": 0.1,
                "operation": "addition",
                "slot": "head"
            }
        ],
        "conditions": [
            {
                "condition": "minecraft:entity_properties",
                "entity": "this",
                "predicate": {
                    "nbt": "{item:{id:\"minecraft:netherite_helmet\"}}"
                }
            }
        ]
    },
    {
        "function": "minecraft:set_attributes",
        "modifiers": [
            {
                "attribute": "minecraft:generic.armor",
                "name": "minecraft:generic.armor",
                "amount": 8,
                "operation": "addition",
                "slot": "chest"
            },
            {
                "attribute": "minecraft:generic.armor_toughness",
                "name": "minecraft:generic.armor_toughness",
                "amount": 3,
                "operation": "addition",
                "slot": "chest"
            },
            {
                "attribute": "minecraft:generic.knockback_resistance",
                "name": "minecraft:generic.knockback_resistance",
                "amount": 0.1,
                "operation": "addition",
                "slot": "chest"
            }
        ],
        "conditions": [
            {
                "condition": "minecraft:entity_properties",
                "entity": "this",
                "predicate": {
                    "nbt": "{item:{id:\"minecraft:netherite_chestplate\"}}"
                }
            }
        ]
    },
    {
        "function": "minecraft:set_attributes",
        "modifiers": [
            {
                "attribute": "minecraft:generic.armor",
                "name": "minecraft:generic.armor",
                "amount": 6,
                "operation": "addition",
                "slot": "legs"
            },
            {
                "attribute": "minecraft:generic.armor_toughness",
                "name": "minecraft:generic.armor_toughness",
                "amount": 3,
                "operation": "addition",
                "slot": "legs"
            },
            {
                "attribute": "minecraft:generic.knockback_resistance",
                "name": "minecraft:generic.knockback_resistance",
                "amount": 0.1,
                "operation": "addition",
                "slot": "legs"
            }
        ],
        "conditions": [
            {
                "condition": "minecraft:entity_properties",
                "entity": "this",
                "predicate": {
                    "nbt": "{item:{id:\"minecraft:netherite_leggings\"}}"
                }
            }
        ]
    },
    {
        "function": "minecraft:set_attributes",
        "modifiers": [
            {
                "attribute": "minecraft:generic.armor",
                "name": "minecraft:generic.armor",
                "amount": 3,
                "operation": "addition",
                "slot": "feet"
            },
            {
                "attribute": "minecraft:generic.armor_toughness",
                "name": "minecraft:generic.armor_toughness",
                "amount": 3,
                "operation": "addition",
                "slot": "feet"
            },
            {
                "attribute": "minecraft:generic.knockback_resistance",
                "name": "minecraft:generic.knockback_resistance",
                "amount": 0.1,
                "operation": "addition",
                "slot": "feet"
            }
        ],
        "conditions": [
            {
                "condition": "minecraft:entity_properties",
                "entity": "this",
                "predicate": {
                    "nbt": "{item:{id:\"minecraft:netherite_boots\"}}"
                }
            }
        ]
    }
]