[
    {
        "condition": "minecraft:any_of",
        "terms": [
            {
                "condition": "minecraft:entity_properties",
                "entity": "this",
                "predicate": {
                    "equipment": {
                        "mainhand": {
                            "nbt": "{EnchantmentPlusData:{Enchantments:[{id:\"enchantmentplus:antigravity\"}]}}"
                        }
                    }
                }
            },
            {
                "condition": "minecraft:all_of",
                "terms": [
                    {
                        "condition": "minecraft:entity_properties",
                        "entity": "this",
                        "predicate": {
                            "equipment": {
                                "offhand": {
                                    "nbt": "{EnchantmentPlusData:{Enchantments:[{id:\"enchantmentplus:antigravity\"}]}}"
                                }
                            }
                        }
                    },
                    {
                        "condition": "minecraft:inverted",
                        "term": {
                            "condition": "minecraft:entity_properties",
                            "entity": "this",
                            "predicate": {
                                "equipment": {
                                    "mainhand": {
                                        "items": [
                                            "minecraft:bow"
                                        ]
                                    }
                                }
                            }
                        }
                    }
                ]
            }
        ]
    },
    {
        "condition": "minecraft:entity_scores",
        "entity": "this",
        "scores": {
            "ENCHGravityOff": {
                "min": 0,
                "max": 0
            }
        }
    },
    {
        "condition": "minecraft:entity_scores",
        "entity": "this",
        "scores": {
            "ENCHBow": {
                "min": 1
            }
        }
    }
]