[
    {
        "condition": "minecraft:entity_properties",
        "entity": "this",
        "predicate": {
            "equipment": {
                "head": {
                    "nbt": "{EnchantmentPlusData:{Enchantments:[{id:\"enchantmentplus:eyes_of_owl\"}]}}"
                }
            }
        }
    },
    {
        "condition": "minecraft:entity_scores",
        "entity": "this",
        "scores": {
            "ENCHOwlEyeOff": 0
        }
    },
    {
        "condition": "minecraft:inverted",
        "term": {
            "condition": "minecraft:entity_properties",
            "entity": "this",
            "predicate": {
                "effects": {
                    "minecraft:night_vision": {
                        "duration": {
                            "min": 319
                        }
                    }
                }
            }
        }
    },
    {
        "condition": "minecraft:inverted",
        "term": {
            "condition": "minecraft:entity_properties",
            "entity": "this",
            "predicate": {
                "equipment": {
                    "head": {
                        "durability": {
                            "max": 1
                        }
                    }
                }
            }
        }
    }
]