[
  {
    "condition": "minecraft:any_of",
    "terms": [
      {
        "condition": "minecraft:location_check",
        "predicate": {
          "block": {
            "blocks": [
              "minecraft:barrel"
            ],
            "nbt": "{Items:[{Slot:24b, id:\"minecraft:structure_block\", Count:2b, tag:{CustomModelData:313001}}]}"
          }
        }
      },
      {
        "condition": "minecraft:location_check",
        "predicate": {
          "block": {
            "blocks": [
              "minecraft:barrel"
            ],
            "nbt": "{Items:[{Slot:24b, id:\"minecraft:structure_block\", Count:2b, tag:{CustomModelData:313002}}]}"
          }
        }
      },
      {
        "condition": "minecraft:location_check",
        "predicate": {
          "block": {
            "blocks": [
              "minecraft:barrel"
            ],
            "nbt": "{Items:[{Slot:24b, id:\"minecraft:structure_block\", Count:2b, tag:{CustomModelData:313003}}]}"
          }
        }
      },
      {
        "condition": "minecraft:location_check",
        "predicate": {
          "block": {
            "blocks": [
              "minecraft:barrel"
            ],
            "nbt": "{Items:[{Slot:24b, id:\"minecraft:structure_block\", Count:2b, tag:{CustomModelData:313004}}]}"
          }
        }
      }
    ]
  }
]