{
    "criteria": {
        "requirement": {
            "trigger": "minecraft:enchanted_item",
            "conditions": {
                "player": [
                    {
                        "condition": "minecraft:any_of",
                        "terms": [
                            {
                                "condition": "minecraft:all_of",
                                "terms": [
                                    {
                                        "condition": "minecraft:entity_properties",
                                        "entity": "this",
                                        "predicate": {
                                            "type_specific": {
                                                "type": "minecraft:player",
                                                "stats": [
                                                    {
                                                        "type": "minecraft:custom",
                                                        "stat": "minecraft:enchant_item",
                                                        "value": {
                                                            "min": 0,
                                                            "max": 100
                                                        }
                                                    }
                                                ]
                                            }
                                        }
                                    },
                                    {
                                        "condition": "minecraft:random_chance",
                                        "chance": 0.01
                                    }
                                ]
                            },
                            {
                                "condition": "minecraft:all_of",
                                "terms": [
                                    {
                                        "condition": "minecraft:entity_properties",
                                        "entity": "this",
                                        "predicate": {
                                            "type_specific": {
                                                "type": "minecraft:player",
                                                "stats": [
                                                    {
                                                        "type": "minecraft:custom",
                                                        "stat": "minecraft:enchant_item",
                                                        "value": {
                                                            "min": 101,
                                                            "max": 200
                                                        }
                                                    }
                                                ]
                                            }
                                        }
                                    },
                                    {
                                        "condition": "minecraft:random_chance",
                                        "chance": 0.02
                                    }
                                ]
                            },
                            {
                                "condition": "minecraft:all_of",
                                "terms": [
                                    {
                                        "condition": "minecraft:entity_properties",
                                        "entity": "this",
                                        "predicate": {
                                            "type_specific": {
                                                "type": "minecraft:player",
                                                "stats": [
                                                    {
                                                        "type": "minecraft:custom",
                                                        "stat": "minecraft:enchant_item",
                                                        "value": {
                                                            "min": 201,
                                                            "max": 300
                                                        }
                                                    }
                                                ]
                                            }
                                        }
                                    },
                                    {
                                        "condition": "minecraft:random_chance",
                                        "chance": 0.03
                                    }
                                ]
                            },
                            {
                                "condition": "minecraft:all_of",
                                "terms": [
                                    {
                                        "condition": "minecraft:entity_properties",
                                        "entity": "this",
                                        "predicate": {
                                            "type_specific": {
                                                "type": "minecraft:player",
                                                "stats": [
                                                    {
                                                        "type": "minecraft:custom",
                                                        "stat": "minecraft:enchant_item",
                                                        "value": {
                                                            "min": 301
                                                        }
                                                    }
                                                ]
                                            }
                                        }
                                    },
                                    {
                                        "condition": "minecraft:random_chance",
                                        "chance": 0.04
                                    }
                                ]
                            }
                        ]
                    }
                    
                ],
                "levels": {
                    "min": 3
                }
            }
        }
    },
    "rewards": {
        "function": "enchantmentplus:enchantments/masterwork"
    }
}