{
	"feature": "terralith:canyon/sandstone/sandstone",
	"placement": [
		{
			"type": "minecraft:count",
			"count": 10
		},
		{
			"type": "minecraft:count",
			"count": 30
		},
		{
			"type": "minecraft:in_square"
		},
		{
			"type": "minecraft:height_range",
			"height": {
				"type": "minecraft:uniform",
				"min_inclusive": {
					"absolute": 62
				},
				"max_inclusive": {
					"absolute": 270
				}
			}
		},
		{
			"type": "environment_scan",
			"direction_of_search": "down",
			"max_steps": 8,
			"target_condition": {
				"type": "minecraft:all_of",
				"predicates": [
					{
						"type": "minecraft:matching_blocks",
						"offset": [
							0,
							0,
							0
						],
						"blocks": [
							"minecraft:stone"
						]
					},
					{
						"type": "minecraft:any_of",
						"predicates": [
							{
								"type": "minecraft:matching_blocks",
								"offset": [
									5,
									0,
									0
								],
								"blocks": [
									"minecraft:air"
								]
							},
							{
								"type": "minecraft:matching_blocks",
								"offset": [
									0,
									0,
									5
								],
								"blocks": [
									"minecraft:air"
								]
							},
							{
								"type": "minecraft:matching_blocks",
								"offset": [
									-5,
									0,
									0
								],
								"blocks": [
									"minecraft:air"
								]
							},
							{
								"type": "minecraft:matching_blocks",
								"offset": [
									0,
									0,
									-5
								],
								"blocks": [
									"minecraft:air"
								]
							}
						]
					}
				]
			}
		},
		{
			"type": "minecraft:biome"
		}
	]
}
